-- phpMyAdmin SQL Dump
-- version 4.2.12deb2+deb8u1build0.15.04.1
-- http://www.phpmyadmin.net
--
-- Host: localhost
-- Generation Time: Oct 27, 2016 at 01:36 PM
-- Server version: 5.6.28-0ubuntu0.15.04.1
-- PHP Version: 5.6.4-4ubuntu6.4

SET SQL_MODE = "NO_AUTO_VALUE_ON_ZERO";
SET time_zone = "+00:00";


/*!40101 SET @OLD_CHARACTER_SET_CLIENT=@@CHARACTER_SET_CLIENT */;
/*!40101 SET @OLD_CHARACTER_SET_RESULTS=@@CHARACTER_SET_RESULTS */;
/*!40101 SET @OLD_COLLATION_CONNECTION=@@COLLATION_CONNECTION */;
/*!40101 SET NAMES utf8 */;

--
-- Database: `admin_rst`
--

-- --------------------------------------------------------

--
-- Table structure for table `branch`
--

CREATE TABLE IF NOT EXISTS `branch` (
`branch_id` int(11) NOT NULL,
  `branch_type` int(1) NOT NULL DEFAULT '2' COMMENT '1-super_admin, 2-franchise',
  `name` varchar(50) NOT NULL,
  `username` varchar(50) NOT NULL,
  `password` varchar(255) NOT NULL,
  `address` varchar(100) NOT NULL,
  `location_id` int(11) NOT NULL,
  `contact` varchar(20) NOT NULL,
  `email` varchar(100) NOT NULL,
  `pincode` varchar(10) DEFAULT NULL,
  `brand_id` int(11) NOT NULL,
  `service_tax_number` varchar(30) DEFAULT NULL,
  `other_number` varchar(30) DEFAULT NULL,
  `contact_person_name` varchar(30) DEFAULT NULL,
  `contact_person_phone` varchar(20) DEFAULT NULL,
  `is_active` int(1) NOT NULL DEFAULT '1' COMMENT '1-active,0-inactive',
  `no_of_tables` int(3) NOT NULL,
  `created` timestamp NOT NULL DEFAULT CURRENT_TIMESTAMP,
  `updated` datetime DEFAULT NULL,
  `deleted` datetime DEFAULT NULL
) ENGINE=InnoDB AUTO_INCREMENT=7 DEFAULT CHARSET=latin1;

--
-- Dumping data for table `branch`
--

INSERT INTO `branch` (`branch_id`, `branch_type`, `name`, `username`, `password`, `address`, `location_id`, `contact`, `email`, `pincode`, `brand_id`, `service_tax_number`, `other_number`, `contact_person_name`, `contact_person_phone`, `is_active`, `no_of_tables`, `created`, `updated`, `deleted`) VALUES
(1, 1, 'admin', 'admin', '21232f297a57a5a743894a0e4a801fc3', '', 0, '', '', NULL, 0, NULL, NULL, NULL, NULL, 1, 0, '2016-09-05 13:34:51', NULL, NULL),
(5, 2, 'Gurukul Sankalp', 'gurukul', '827ccb0eea8a706c4c34a16891f84e7b', 'Gokul Complex,Gurukul Road', 3398, '7927499200', 'sankalpgurukul@gmail.com', '380052', 0, 'AAGC56661JST001', NULL, 'Amar', '9054473499', 1, 15, '2016-10-04 05:36:59', '2016-10-22 16:31:41', NULL),
(6, 2, 'Saffron Paldi', 'Saffronp', '827ccb0eea8a706c4c34a16891f84e7b', 'Paldi', 3398, '1234567890', 'a@mail.com', '000000', 4, '123456789921', NULL, 'Austin Pinto', '9099968603', 1, 10, '2016-10-21 06:51:12', NULL, NULL);

-- --------------------------------------------------------

--
-- Table structure for table `branch_order_code`
--

CREATE TABLE IF NOT EXISTS `branch_order_code` (
`branch_order_code_id` int(11) NOT NULL,
  `branch_id` int(11) NOT NULL,
  `last_order_id` int(11) NOT NULL DEFAULT '0' COMMENT 'from order_detail tbl'
) ENGINE=InnoDB AUTO_INCREMENT=4 DEFAULT CHARSET=latin1;

--
-- Dumping data for table `branch_order_code`
--

INSERT INTO `branch_order_code` (`branch_order_code_id`, `branch_id`, `last_order_id`) VALUES
(1, 1, 1),
(2, 5, 4),
(3, 6, 6);

-- --------------------------------------------------------

--
-- Table structure for table `branch_products`
--

CREATE TABLE IF NOT EXISTS `branch_products` (
`branch_products_id` int(11) NOT NULL,
  `product_id` int(11) NOT NULL COMMENT 'ref from product tbl',
  `branch_id` int(11) NOT NULL COMMENT 'ref from branch tbl',
  `is_available` char(1) NOT NULL DEFAULT 'y' COMMENT 'y-yes, n-no',
  `product_price` double(10,2) NOT NULL,
  `created` timestamp NOT NULL DEFAULT CURRENT_TIMESTAMP,
  `updated` datetime DEFAULT NULL,
  `deleted` datetime DEFAULT NULL,
  `waiter_commission_branch` double(4,2) DEFAULT NULL
) ENGINE=InnoDB AUTO_INCREMENT=835 DEFAULT CHARSET=latin1;

--
-- Dumping data for table `branch_products`
--

INSERT INTO `branch_products` (`branch_products_id`, `product_id`, `branch_id`, `is_available`, `product_price`, `created`, `updated`, `deleted`, `waiter_commission_branch`) VALUES
(64, 15, 1, 'Y', 80.00, '2016-10-04 12:58:24', NULL, NULL, 0.00),
(65, 16, 1, 'Y', 120.00, '2016-10-04 13:01:59', NULL, NULL, 0.00),
(66, 17, 1, 'Y', 120.00, '2016-10-04 13:02:36', NULL, NULL, 0.00),
(67, 18, 1, 'Y', 120.00, '2016-10-04 13:03:16', NULL, NULL, 0.00),
(68, 19, 1, 'Y', 120.00, '2016-10-04 13:03:56', NULL, NULL, 0.00),
(69, 20, 1, 'Y', 120.00, '2016-10-04 13:04:30', NULL, NULL, 0.00),
(70, 21, 1, 'Y', 130.00, '2016-10-04 13:05:21', NULL, NULL, 0.00),
(71, 22, 1, 'Y', 110.00, '2016-10-04 13:07:45', NULL, NULL, 0.00),
(72, 23, 1, 'Y', 135.00, '2016-10-05 05:57:37', NULL, NULL, 0.00),
(73, 24, 1, 'Y', 160.00, '2016-10-05 05:58:24', NULL, NULL, 0.00),
(74, 25, 1, 'Y', 140.00, '2016-10-05 05:59:44', NULL, NULL, 0.00),
(75, 26, 1, 'Y', 140.00, '2016-10-05 06:00:44', NULL, NULL, 0.00),
(76, 27, 1, 'Y', 140.00, '2016-10-05 06:01:18', NULL, NULL, 0.00),
(77, 28, 1, 'Y', 155.00, '2016-10-05 06:02:04', NULL, NULL, 0.00),
(78, 29, 1, 'Y', 155.00, '2016-10-05 06:03:07', NULL, NULL, 0.00),
(79, 30, 1, 'Y', 155.00, '2016-10-05 06:07:42', NULL, NULL, 0.00),
(80, 31, 1, 'Y', 155.00, '2016-10-05 06:08:40', NULL, NULL, 0.00),
(81, 32, 1, 'Y', 65.00, '2016-10-05 06:10:22', NULL, NULL, 0.00),
(82, 33, 1, 'Y', 105.00, '2016-10-05 06:14:00', NULL, NULL, 0.00),
(83, 34, 1, 'Y', 75.00, '2016-10-05 06:16:43', NULL, NULL, 0.00),
(84, 35, 1, 'Y', 75.00, '2016-10-05 06:17:12', NULL, NULL, 0.00),
(85, 36, 1, 'Y', 40.00, '2016-10-05 06:17:43', NULL, NULL, 0.00),
(86, 37, 1, 'Y', 40.00, '2016-10-05 06:18:16', NULL, NULL, 0.00),
(87, 38, 1, 'Y', 140.00, '2016-10-05 06:20:49', NULL, NULL, 0.00),
(88, 39, 1, 'Y', 100.00, '2016-10-05 06:24:16', NULL, NULL, 0.00),
(89, 40, 1, 'Y', 100.00, '2016-10-05 06:24:50', NULL, NULL, 0.00),
(90, 41, 1, 'Y', 105.00, '2016-10-05 06:25:22', NULL, NULL, 0.00),
(91, 42, 1, 'Y', 90.00, '2016-10-05 06:25:51', NULL, NULL, 0.00),
(92, 43, 1, 'Y', 100.00, '2016-10-05 06:26:22', NULL, NULL, 0.00),
(93, 44, 1, 'Y', 100.00, '2016-10-05 06:26:50', NULL, NULL, 0.00),
(94, 45, 1, 'Y', 100.00, '2016-10-05 06:27:18', NULL, NULL, 0.00),
(95, 46, 1, 'Y', 120.00, '2016-10-05 06:27:41', NULL, NULL, 0.00),
(96, 47, 1, 'Y', 80.00, '2016-10-05 06:39:28', NULL, NULL, 0.00),
(97, 48, 1, 'Y', 110.00, '2016-10-05 06:40:08', NULL, NULL, 0.00),
(98, 49, 1, 'Y', 110.00, '2016-10-05 06:40:43', NULL, NULL, 0.00),
(99, 50, 1, 'Y', 115.00, '2016-10-05 06:41:14', NULL, NULL, 0.00),
(100, 51, 1, 'Y', 135.00, '2016-10-05 06:41:41', NULL, NULL, 0.00),
(101, 52, 1, 'Y', 115.00, '2016-10-05 06:42:06', NULL, NULL, 0.00),
(102, 53, 1, 'Y', 125.00, '2016-10-05 06:42:50', NULL, NULL, 0.00),
(103, 54, 1, 'Y', 150.00, '2016-10-05 06:43:33', NULL, NULL, 0.00),
(104, 55, 1, 'Y', 150.00, '2016-10-05 06:44:06', NULL, NULL, 0.00),
(105, 56, 1, 'Y', 150.00, '2016-10-05 06:44:38', NULL, NULL, 0.00),
(106, 57, 1, 'Y', 150.00, '2016-10-05 06:45:06', NULL, NULL, 0.00),
(107, 58, 1, 'Y', 150.00, '2016-10-05 06:45:41', NULL, NULL, 0.00),
(108, 59, 1, 'Y', 150.00, '2016-10-05 06:46:10', NULL, NULL, 0.00),
(109, 60, 1, 'Y', 150.00, '2016-10-05 06:46:41', NULL, NULL, 0.00),
(110, 61, 1, 'Y', 125.00, '2016-10-05 06:47:07', NULL, NULL, 0.00),
(111, 62, 1, 'Y', 155.00, '2016-10-05 06:47:28', NULL, NULL, 0.00),
(112, 63, 1, 'Y', 150.00, '2016-10-05 06:47:53', '2016-10-06 05:13:20', NULL, 0.00),
(113, 64, 1, 'Y', 150.00, '2016-10-05 06:48:17', NULL, NULL, 0.00),
(114, 65, 1, 'Y', 120.00, '2016-10-05 09:44:59', NULL, NULL, 0.00),
(115, 66, 1, 'Y', 145.00, '2016-10-05 09:55:11', NULL, NULL, 0.00),
(116, 67, 1, 'Y', 140.00, '2016-10-05 09:55:58', NULL, NULL, 0.00),
(117, 68, 1, 'Y', 165.00, '2016-10-05 09:56:36', NULL, NULL, 0.00),
(118, 69, 1, 'Y', 150.00, '2016-10-05 09:59:42', NULL, NULL, 0.00),
(119, 70, 1, 'Y', 175.00, '2016-10-05 10:03:59', NULL, NULL, 0.00),
(120, 71, 1, 'Y', 170.00, '2016-10-05 10:06:23', NULL, NULL, 0.00),
(121, 72, 1, 'Y', 195.00, '2016-10-05 10:07:08', NULL, NULL, 0.00),
(122, 73, 1, 'Y', 185.00, '2016-10-05 10:09:48', NULL, NULL, 0.00),
(123, 74, 1, 'Y', 105.00, '2016-10-05 10:10:20', NULL, NULL, 0.00),
(124, 75, 1, 'Y', 105.00, '2016-10-05 10:11:46', NULL, NULL, 0.00),
(125, 76, 1, 'Y', 130.00, '2016-10-05 10:13:34', NULL, NULL, 0.00),
(126, 77, 1, 'Y', 160.00, '2016-10-05 10:29:53', NULL, NULL, 0.00),
(127, 78, 1, 'Y', 185.00, '2016-10-05 10:31:12', NULL, NULL, 0.00),
(128, 79, 1, 'Y', 180.00, '2016-10-05 10:32:05', NULL, NULL, 0.00),
(129, 80, 1, 'Y', 205.00, '2016-10-05 10:33:00', NULL, NULL, 0.00),
(130, 81, 1, 'Y', 160.00, '2016-10-05 10:34:22', NULL, NULL, 0.00),
(131, 82, 1, 'Y', 185.00, '2016-10-05 10:34:52', NULL, NULL, 0.00),
(132, 83, 1, 'Y', 180.00, '2016-10-05 10:35:50', NULL, NULL, 0.00),
(133, 84, 1, 'Y', 205.00, '2016-10-05 10:36:21', NULL, NULL, 0.00),
(134, 85, 1, 'Y', 20.00, '2016-10-05 10:37:28', NULL, NULL, 0.00),
(135, 86, 1, 'Y', 900.00, '2016-10-05 10:38:54', NULL, NULL, 0.00),
(136, 87, 1, 'Y', 175.00, '2016-10-05 10:39:59', NULL, NULL, 0.00),
(137, 88, 1, 'Y', 220.00, '2016-10-05 10:40:25', NULL, NULL, 0.00),
(138, 89, 1, 'Y', 240.00, '2016-10-05 10:41:22', NULL, NULL, 0.00),
(139, 90, 1, 'Y', 240.00, '2016-10-05 10:43:18', NULL, NULL, 0.00),
(140, 91, 1, 'Y', 250.00, '2016-10-05 10:43:45', NULL, NULL, 0.00),
(141, 92, 1, 'Y', 250.00, '2016-10-05 10:44:30', NULL, NULL, 0.00),
(142, 93, 1, 'Y', 230.00, '2016-10-05 10:45:27', NULL, NULL, 0.00),
(143, 94, 1, 'Y', 220.00, '2016-10-05 10:46:46', NULL, NULL, 0.00),
(144, 95, 1, 'Y', 220.00, '2016-10-05 10:47:33', NULL, NULL, 0.00),
(145, 96, 1, 'Y', 230.00, '2016-10-05 10:49:02', NULL, NULL, 0.00),
(146, 97, 1, 'Y', 220.00, '2016-10-05 10:49:46', NULL, NULL, 0.00),
(147, 98, 1, 'Y', 220.00, '2016-10-05 10:50:14', NULL, NULL, 0.00),
(148, 99, 1, 'Y', 220.00, '2016-10-05 10:50:42', NULL, NULL, 0.00),
(149, 100, 1, 'Y', 220.00, '2016-10-05 10:51:14', NULL, NULL, 0.00),
(150, 101, 1, 'Y', 275.00, '2016-10-05 10:51:37', NULL, NULL, 0.00),
(151, 102, 1, 'Y', 200.00, '2016-10-05 10:55:32', NULL, NULL, 0.00),
(152, 103, 1, 'Y', 225.00, '2016-10-05 10:56:46', NULL, NULL, 0.00),
(153, 104, 1, 'Y', 245.00, '2016-10-05 10:59:04', NULL, NULL, 0.00),
(154, 105, 1, 'Y', 270.00, '2016-10-05 11:00:45', NULL, NULL, 0.00),
(155, 106, 1, 'Y', 165.00, '2016-10-05 11:03:34', NULL, NULL, 0.00),
(156, 107, 1, 'Y', 190.00, '2016-10-05 11:05:34', NULL, NULL, 0.00),
(157, 108, 1, 'Y', 185.00, '2016-10-05 11:06:37', NULL, NULL, 0.00),
(158, 109, 1, 'Y', 210.00, '2016-10-05 11:07:33', NULL, NULL, 0.00),
(159, 110, 1, 'Y', 165.00, '2016-10-05 11:08:10', NULL, NULL, 0.00),
(160, 111, 1, 'Y', 190.00, '2016-10-05 11:08:42', NULL, NULL, 0.00),
(161, 112, 1, 'Y', 185.00, '2016-10-05 11:09:31', NULL, NULL, 0.00),
(162, 113, 1, 'Y', 210.00, '2016-10-05 11:10:08', NULL, NULL, 0.00),
(163, 114, 1, 'Y', 165.00, '2016-10-05 11:10:40', NULL, NULL, 0.00),
(164, 115, 1, 'Y', 190.00, '2016-10-05 11:11:12', NULL, NULL, 0.00),
(165, 116, 1, 'Y', 185.00, '2016-10-05 11:11:47', NULL, NULL, 0.00),
(166, 117, 1, 'Y', 210.00, '2016-10-05 11:12:18', NULL, NULL, 0.00),
(167, 118, 1, 'Y', 150.00, '2016-10-05 11:12:58', NULL, NULL, 0.00),
(168, 119, 1, 'Y', 175.00, '2016-10-05 11:13:26', NULL, NULL, 0.00),
(169, 120, 1, 'Y', 170.00, '2016-10-05 11:14:00', NULL, NULL, 0.00),
(170, 121, 1, 'Y', 195.00, '2016-10-05 11:14:39', NULL, NULL, 0.00),
(171, 122, 1, 'Y', 165.00, '2016-10-05 11:15:21', NULL, NULL, 0.00),
(172, 123, 1, 'Y', 190.00, '2016-10-05 11:15:58', NULL, NULL, 0.00),
(173, 124, 1, 'Y', 185.00, '2016-10-05 11:16:58', NULL, NULL, 0.00),
(174, 125, 1, 'Y', 205.00, '2016-10-05 11:17:43', NULL, NULL, 0.00),
(175, 126, 1, 'Y', 130.00, '2016-10-06 06:29:59', NULL, NULL, 0.00),
(176, 127, 1, 'Y', 155.00, '2016-10-06 06:30:42', NULL, NULL, 0.00),
(177, 128, 1, 'Y', 190.00, '2016-10-06 06:36:53', NULL, NULL, 0.00),
(178, 129, 1, 'Y', 215.00, '2016-10-06 06:37:49', NULL, NULL, 0.00),
(179, 130, 1, 'Y', 190.00, '2016-10-06 06:38:35', NULL, NULL, 0.00),
(180, 131, 1, 'Y', 215.00, '2016-10-06 06:40:59', NULL, NULL, 0.00),
(181, 132, 1, 'Y', 190.00, '2016-10-06 06:41:27', NULL, NULL, 0.00),
(182, 133, 1, 'Y', 215.00, '2016-10-06 06:41:59', NULL, NULL, 0.00),
(183, 134, 1, 'Y', 190.00, '2016-10-06 06:42:26', NULL, NULL, 0.00),
(184, 135, 1, 'Y', 215.00, '2016-10-06 06:42:55', NULL, NULL, 0.00),
(185, 136, 1, 'Y', 190.00, '2016-10-06 06:43:24', NULL, NULL, 0.00),
(186, 137, 1, 'Y', 215.00, '2016-10-06 06:43:49', NULL, NULL, 0.00),
(187, 138, 1, 'Y', 275.00, '2016-10-06 06:45:44', NULL, NULL, 0.00),
(188, 139, 1, 'Y', 275.00, '2016-10-06 06:46:18', NULL, NULL, 0.00),
(189, 140, 1, 'Y', 230.00, '2016-10-06 06:46:55', NULL, NULL, 0.00),
(190, 141, 1, 'Y', 240.00, '2016-10-06 09:29:23', NULL, NULL, 0.00),
(191, 142, 1, 'Y', 230.00, '2016-10-06 09:30:25', NULL, NULL, 0.00),
(192, 143, 1, 'Y', 220.00, '2016-10-06 09:59:28', NULL, NULL, 0.00),
(193, 144, 1, 'Y', 230.00, '2016-10-06 10:00:07', NULL, NULL, 0.00),
(194, 145, 1, 'Y', 230.00, '2016-10-06 10:00:38', NULL, NULL, 0.00),
(195, 146, 1, 'Y', 230.00, '2016-10-06 10:01:13', NULL, NULL, 0.00),
(196, 147, 1, 'Y', 130.00, '2016-10-06 10:03:43', NULL, NULL, 0.00),
(197, 148, 1, 'Y', 120.00, '2016-10-06 10:04:25', NULL, NULL, 0.00),
(198, 149, 1, 'Y', 90.00, '2016-10-06 10:04:56', NULL, NULL, 0.00),
(199, 150, 1, 'Y', 200.00, '2016-10-06 10:05:30', NULL, NULL, 0.00),
(200, 151, 1, 'Y', 150.00, '2016-10-06 10:06:47', NULL, NULL, 0.00),
(201, 152, 1, 'Y', 200.00, '2016-10-06 10:10:06', NULL, NULL, 0.00),
(202, 153, 1, 'Y', 175.00, '2016-10-06 10:11:51', NULL, NULL, 0.00),
(203, 154, 1, 'Y', 130.00, '2016-10-06 10:13:42', NULL, NULL, 0.00),
(204, 155, 1, 'Y', 130.00, '2016-10-06 10:14:15', NULL, NULL, 0.00),
(205, 156, 1, 'Y', 130.00, '2016-10-06 10:14:16', NULL, NULL, 0.00),
(206, 157, 1, 'Y', 125.00, '2016-10-06 10:15:49', NULL, NULL, 0.00),
(207, 158, 1, 'Y', 35.00, '2016-10-06 10:18:40', NULL, NULL, 0.00),
(208, 159, 1, 'Y', 20.00, '2016-10-06 10:19:39', NULL, NULL, 0.00),
(209, 160, 1, 'Y', 50.00, '2016-10-06 10:20:16', NULL, NULL, 0.00),
(210, 161, 1, 'Y', 45.00, '2016-10-06 10:20:41', NULL, NULL, 0.00),
(211, 162, 1, 'Y', 30.00, '2016-10-06 10:21:35', NULL, NULL, 0.00),
(212, 163, 1, 'Y', 25.00, '2016-10-06 10:22:01', NULL, NULL, 0.00),
(213, 164, 1, 'Y', 45.00, '2016-10-06 10:24:47', NULL, NULL, 0.00),
(214, 165, 1, 'Y', 25.00, '2016-10-06 10:25:10', NULL, NULL, 0.00),
(215, 166, 1, 'Y', 45.00, '2016-10-06 10:25:35', NULL, NULL, 0.00),
(216, 167, 1, 'Y', 55.00, '2016-10-06 10:26:01', NULL, NULL, 0.00),
(217, 168, 1, 'Y', 85.00, '2016-10-06 10:26:22', NULL, NULL, 0.00),
(218, 169, 1, 'Y', 165.00, '2016-10-06 10:27:04', NULL, NULL, 0.00),
(219, 170, 1, 'Y', 150.00, '2016-10-06 10:27:42', NULL, NULL, 0.00),
(220, 171, 1, 'Y', 150.00, '2016-10-06 10:28:42', NULL, NULL, 0.00),
(221, 172, 1, 'Y', 150.00, '2016-10-06 10:29:16', NULL, NULL, 0.00),
(222, 173, 1, 'Y', 80.00, '2016-10-06 10:29:50', NULL, NULL, 0.00),
(223, 174, 1, 'Y', 80.00, '2016-10-06 10:30:24', NULL, NULL, 0.00),
(224, 175, 1, 'Y', 80.00, '2016-10-06 10:30:27', NULL, NULL, 0.00),
(225, 176, 1, 'Y', 80.00, '2016-10-06 10:31:25', NULL, NULL, 0.00),
(226, 177, 1, 'Y', 80.00, '2016-10-06 10:32:35', NULL, NULL, 0.00),
(237, 15, 5, 'Y', 80.00, '2016-10-10 09:59:52', '2016-10-20 09:14:35', NULL, 5.00),
(238, 16, 5, 'Y', 120.00, '2016-10-10 09:59:52', '2016-10-26 10:15:07', NULL, 0.50),
(239, 17, 5, 'Y', 120.00, '2016-10-10 09:59:52', '2016-10-26 10:15:17', NULL, 0.50),
(240, 18, 5, 'Y', 120.00, '2016-10-10 09:59:52', '2016-10-26 10:15:43', NULL, 0.50),
(241, 19, 5, 'Y', 120.00, '2016-10-10 09:59:52', '2016-10-26 10:14:09', NULL, 0.50),
(242, 20, 5, 'Y', 120.00, '2016-10-10 09:59:52', '2016-10-26 10:14:45', NULL, 0.50),
(243, 21, 5, 'Y', 130.00, '2016-10-10 09:59:52', '2016-10-26 10:34:01', NULL, 0.00),
(244, 22, 5, 'Y', 110.00, '2016-10-10 09:59:52', '2016-10-20 09:14:35', NULL, 0.00),
(245, 23, 5, 'Y', 135.00, '2016-10-10 09:59:52', '2016-10-20 09:14:35', NULL, 0.00),
(246, 24, 5, 'Y', 160.00, '2016-10-10 09:59:52', '2016-10-20 09:14:35', NULL, 0.00),
(247, 25, 5, 'Y', 140.00, '2016-10-10 09:59:52', NULL, NULL, 0.00),
(248, 26, 5, 'Y', 140.00, '2016-10-10 09:59:52', NULL, NULL, 0.00),
(249, 27, 5, 'Y', 140.00, '2016-10-10 09:59:52', '2016-10-26 10:17:56', NULL, 1.00),
(250, 28, 5, 'Y', 155.00, '2016-10-10 09:59:52', '2016-10-26 10:17:30', NULL, 3.00),
(251, 29, 5, 'Y', 155.00, '2016-10-10 09:59:52', '2016-10-26 10:17:04', NULL, 3.00),
(252, 30, 5, 'Y', 155.00, '2016-10-10 09:59:52', '2016-10-26 10:16:06', NULL, 3.00),
(253, 31, 5, 'Y', 155.00, '2016-10-10 09:59:52', '2016-10-26 10:17:15', NULL, 3.00),
(254, 32, 5, 'Y', 65.00, '2016-10-10 09:59:52', NULL, NULL, 0.00),
(255, 33, 5, 'Y', 105.00, '2016-10-10 09:59:52', '2016-10-26 10:18:08', NULL, 0.00),
(256, 34, 5, 'Y', 75.00, '2016-10-10 09:59:52', NULL, NULL, 0.00),
(257, 35, 5, 'Y', 75.00, '2016-10-10 09:59:52', NULL, NULL, 0.00),
(258, 36, 5, 'Y', 40.00, '2016-10-10 09:59:52', NULL, NULL, 0.00),
(259, 37, 5, 'Y', 40.00, '2016-10-10 09:59:52', NULL, NULL, 0.00),
(260, 38, 5, 'Y', 140.00, '2016-10-10 09:59:52', NULL, NULL, 0.00),
(261, 39, 5, 'Y', 100.00, '2016-10-10 09:59:52', NULL, NULL, 0.00),
(262, 40, 5, 'Y', 100.00, '2016-10-10 09:59:52', '2016-10-26 10:25:38', NULL, 0.30),
(263, 41, 5, 'Y', 105.00, '2016-10-10 09:59:52', NULL, NULL, 0.00),
(264, 42, 5, 'Y', 90.00, '2016-10-10 09:59:52', NULL, NULL, 0.00),
(265, 43, 5, 'Y', 100.00, '2016-10-10 09:59:52', '2016-10-26 10:26:40', NULL, 3.00),
(266, 44, 5, 'Y', 100.00, '2016-10-10 09:59:52', '2016-10-26 10:27:32', NULL, 3.00),
(267, 45, 5, 'Y', 100.00, '2016-10-10 09:59:52', '2016-10-26 10:27:15', NULL, 3.00),
(268, 46, 5, 'Y', 120.00, '2016-10-10 09:59:52', '2016-10-26 10:29:37', NULL, 3.00),
(269, 47, 5, 'Y', 80.00, '2016-10-10 09:59:52', NULL, NULL, 0.00),
(270, 48, 5, 'Y', 110.00, '2016-10-10 09:59:52', '2016-10-26 10:28:58', NULL, 1.00),
(271, 49, 5, 'Y', 110.00, '2016-10-10 09:59:52', '2016-10-26 10:28:07', NULL, 0.60),
(272, 50, 5, 'Y', 115.00, '2016-10-10 09:59:52', NULL, NULL, 0.00),
(273, 51, 5, 'Y', 135.00, '2016-10-10 09:59:52', '2016-10-26 10:34:01', NULL, 0.00),
(274, 52, 5, 'Y', 115.00, '2016-10-10 09:59:52', NULL, NULL, 0.00),
(275, 53, 5, 'Y', 125.00, '2016-10-10 09:59:52', '2016-10-26 10:30:33', NULL, 3.00),
(276, 54, 5, 'Y', 150.00, '2016-10-10 09:59:52', NULL, NULL, 0.00),
(277, 55, 5, 'Y', 150.00, '2016-10-10 09:59:52', '2016-10-26 10:32:59', NULL, 3.00),
(278, 56, 5, 'Y', 150.00, '2016-10-10 09:59:52', '2016-10-26 10:32:40', NULL, 3.00),
(279, 57, 5, 'Y', 150.00, '2016-10-10 09:59:52', '2016-10-26 10:31:28', NULL, 3.00),
(280, 58, 5, 'Y', 150.00, '2016-10-10 09:59:52', '2016-10-26 10:32:16', NULL, 3.00),
(281, 59, 5, 'Y', 150.00, '2016-10-10 09:59:52', '2016-10-26 10:35:33', NULL, 0.00),
(282, 60, 5, 'Y', 150.00, '2016-10-10 09:59:52', '2016-10-26 10:33:50', NULL, 3.00),
(283, 61, 5, 'Y', 125.00, '2016-10-10 09:59:52', NULL, NULL, 0.00),
(284, 62, 5, 'Y', 155.00, '2016-10-10 09:59:52', '2016-10-26 10:34:01', NULL, 3.00),
(285, 63, 5, 'Y', 150.00, '2016-10-10 09:59:52', NULL, NULL, 0.00),
(286, 64, 5, 'Y', 150.00, '2016-10-10 09:59:52', NULL, NULL, 0.00),
(287, 65, 5, 'Y', 120.00, '2016-10-10 09:59:52', NULL, NULL, 0.00),
(288, 66, 5, 'Y', 145.00, '2016-10-10 09:59:52', NULL, NULL, 0.00),
(289, 67, 5, 'Y', 140.00, '2016-10-10 09:59:52', NULL, NULL, 0.00),
(290, 68, 5, 'Y', 165.00, '2016-10-10 09:59:52', NULL, NULL, 0.00),
(291, 69, 5, 'Y', 150.00, '2016-10-10 09:59:52', NULL, NULL, 0.00),
(292, 70, 5, 'Y', 175.00, '2016-10-10 09:59:52', NULL, NULL, 0.00),
(293, 71, 5, 'Y', 170.00, '2016-10-10 09:59:52', NULL, NULL, 0.00),
(294, 72, 5, 'Y', 195.00, '2016-10-10 09:59:52', NULL, NULL, 0.00),
(295, 73, 5, 'Y', 185.00, '2016-10-10 09:59:52', NULL, NULL, 0.00),
(296, 74, 5, 'Y', 110.00, '2016-10-10 09:59:52', NULL, NULL, 0.00),
(297, 75, 5, 'Y', 105.00, '2016-10-10 09:59:52', NULL, NULL, 0.00),
(298, 76, 5, 'Y', 130.00, '2016-10-10 09:59:52', NULL, NULL, 0.00),
(299, 77, 5, 'Y', 160.00, '2016-10-10 09:59:52', NULL, NULL, 0.00),
(300, 78, 5, 'Y', 185.00, '2016-10-10 09:59:52', NULL, NULL, 0.00),
(301, 79, 5, 'Y', 180.00, '2016-10-10 09:59:52', NULL, NULL, 0.00),
(302, 80, 5, 'Y', 205.00, '2016-10-10 09:59:52', NULL, NULL, 0.00),
(303, 81, 5, 'Y', 160.00, '2016-10-10 09:59:52', '2016-10-26 10:35:33', NULL, 0.00),
(304, 82, 5, 'Y', 185.00, '2016-10-10 09:59:52', '2016-10-26 10:35:33', NULL, 0.60),
(305, 83, 5, 'Y', 180.00, '2016-10-10 09:59:52', '2016-10-26 10:35:33', NULL, 0.00),
(306, 84, 5, 'Y', 205.00, '2016-10-10 09:59:52', '2016-10-26 10:35:33', NULL, 0.00),
(307, 85, 5, 'Y', 20.00, '2016-10-10 09:59:52', NULL, NULL, 0.00),
(308, 86, 5, 'Y', 900.00, '2016-10-10 09:59:52', NULL, NULL, 0.00),
(309, 87, 5, 'Y', 175.00, '2016-10-10 09:59:52', NULL, NULL, 0.00),
(310, 88, 5, 'Y', 220.00, '2016-10-10 09:59:52', NULL, NULL, 0.00),
(311, 89, 5, 'Y', 240.00, '2016-10-10 09:59:52', NULL, NULL, 0.00),
(312, 90, 5, 'Y', 240.00, '2016-10-10 09:59:52', NULL, NULL, 0.00),
(313, 91, 5, 'Y', 250.00, '2016-10-10 09:59:52', NULL, NULL, 0.00),
(314, 92, 5, 'Y', 250.00, '2016-10-10 09:59:52', NULL, NULL, 0.00),
(315, 93, 5, 'Y', 230.00, '2016-10-10 09:59:52', NULL, NULL, 0.00),
(316, 94, 5, 'Y', 220.00, '2016-10-10 09:59:52', NULL, NULL, 0.00),
(317, 95, 5, 'Y', 220.00, '2016-10-10 09:59:52', '2016-10-26 10:32:16', NULL, 0.00),
(318, 96, 5, 'Y', 230.00, '2016-10-10 09:59:52', '2016-10-20 09:14:35', NULL, 5.00),
(319, 97, 5, 'Y', 220.00, '2016-10-10 09:59:52', NULL, NULL, 0.00),
(320, 98, 5, 'Y', 220.00, '2016-10-10 09:59:52', '2016-10-26 10:31:28', NULL, 0.00),
(321, 99, 5, 'Y', 220.00, '2016-10-10 09:59:52', NULL, NULL, 0.00),
(322, 100, 5, 'Y', 220.00, '2016-10-10 09:59:52', NULL, NULL, 0.00),
(323, 101, 5, 'Y', 275.00, '2016-10-10 09:59:52', NULL, NULL, 0.00),
(324, 102, 5, 'Y', 200.00, '2016-10-10 09:59:52', '2016-10-26 10:31:28', NULL, 0.00),
(325, 103, 5, 'Y', 225.00, '2016-10-10 09:59:52', '2016-10-26 10:31:28', NULL, 0.00),
(326, 104, 5, 'Y', 245.00, '2016-10-10 09:59:52', NULL, NULL, 0.00),
(327, 105, 5, 'Y', 270.00, '2016-10-10 09:59:52', NULL, NULL, 0.00),
(328, 106, 5, 'Y', 165.00, '2016-10-10 09:59:52', NULL, NULL, 0.00),
(329, 107, 5, 'Y', 190.00, '2016-10-10 09:59:52', NULL, NULL, 0.00),
(330, 108, 5, 'Y', 185.00, '2016-10-10 09:59:52', NULL, NULL, 0.00),
(331, 109, 5, 'Y', 210.00, '2016-10-10 09:59:52', NULL, NULL, 0.00),
(332, 110, 5, 'Y', 165.00, '2016-10-10 09:59:52', NULL, NULL, 0.00),
(333, 111, 5, 'Y', 190.00, '2016-10-10 09:59:52', NULL, NULL, 0.00),
(334, 112, 5, 'Y', 185.00, '2016-10-10 09:59:52', NULL, NULL, 0.00),
(335, 113, 5, 'Y', 210.00, '2016-10-10 09:59:52', NULL, NULL, 0.00),
(336, 114, 5, 'Y', 165.00, '2016-10-10 09:59:52', NULL, NULL, 0.00),
(337, 115, 5, 'Y', 190.00, '2016-10-10 09:59:52', '2016-10-20 14:33:29', NULL, 0.00),
(338, 116, 5, 'Y', 185.00, '2016-10-10 09:59:52', '2016-10-20 14:33:29', NULL, 0.00),
(339, 117, 5, 'Y', 210.00, '2016-10-10 09:59:52', '2016-10-20 14:33:29', NULL, 0.00),
(340, 118, 5, 'Y', 150.00, '2016-10-10 09:59:52', '2016-10-20 14:33:29', NULL, 0.00),
(341, 119, 5, 'Y', 175.00, '2016-10-10 09:59:52', '2016-10-20 14:33:29', NULL, 0.00),
(342, 120, 5, 'Y', 170.00, '2016-10-10 09:59:52', '2016-10-20 14:33:29', NULL, 0.00),
(343, 121, 5, 'Y', 195.00, '2016-10-10 09:59:52', '2016-10-20 14:33:29', NULL, 0.00),
(344, 122, 5, 'Y', 165.00, '2016-10-10 09:59:52', '2016-10-20 14:33:29', NULL, 0.00),
(345, 123, 5, 'Y', 190.00, '2016-10-10 09:59:52', '2016-10-20 14:33:29', NULL, 0.00),
(346, 124, 5, 'Y', 185.00, '2016-10-10 09:59:52', '2016-10-20 14:33:29', NULL, 0.00),
(347, 125, 5, 'Y', 205.00, '2016-10-10 09:59:52', '2016-10-20 14:33:29', NULL, 0.00),
(348, 126, 5, 'Y', 130.00, '2016-10-10 09:59:52', '2016-10-20 14:33:29', NULL, 0.00),
(349, 127, 5, 'Y', 155.00, '2016-10-10 09:59:52', '2016-10-20 14:33:29', NULL, 0.00),
(350, 128, 5, 'Y', 190.00, '2016-10-10 09:59:52', '2016-10-20 14:33:29', NULL, 0.00),
(351, 129, 5, 'Y', 215.00, '2016-10-10 09:59:52', '2016-10-20 14:33:29', NULL, 0.00),
(352, 130, 5, 'Y', 190.00, '2016-10-10 09:59:52', '2016-10-20 14:33:29', NULL, 0.00),
(353, 131, 5, 'Y', 215.00, '2016-10-10 09:59:52', '2016-10-20 14:33:29', NULL, 0.00),
(354, 132, 5, 'Y', 190.00, '2016-10-10 09:59:52', '2016-10-26 10:17:04', NULL, 0.00),
(355, 133, 5, 'Y', 215.00, '2016-10-10 09:59:52', '2016-10-26 10:17:04', NULL, 0.00),
(356, 134, 5, 'Y', 190.00, '2016-10-10 09:59:52', '2016-10-20 14:33:29', NULL, 0.00),
(357, 135, 5, 'Y', 215.00, '2016-10-10 09:59:52', '2016-10-20 14:33:29', NULL, 0.00),
(358, 136, 5, 'Y', 190.00, '2016-10-10 09:59:52', '2016-10-20 14:33:29', NULL, 0.00),
(359, 137, 5, 'Y', 215.00, '2016-10-10 09:59:52', '2016-10-20 14:33:29', NULL, 0.00),
(360, 138, 5, 'Y', 275.00, '2016-10-10 09:59:52', '2016-10-20 14:33:29', NULL, 0.00),
(361, 139, 5, 'Y', 275.00, '2016-10-10 09:59:52', '2016-10-20 14:33:29', NULL, 0.00),
(362, 140, 5, 'Y', 230.00, '2016-10-10 09:59:52', '2016-10-20 14:33:29', NULL, 0.00),
(363, 141, 5, 'Y', 240.00, '2016-10-10 09:59:52', '2016-10-20 14:33:29', NULL, 0.00),
(364, 142, 5, 'Y', 230.00, '2016-10-10 09:59:52', '2016-10-20 14:33:29', NULL, 0.00),
(365, 143, 5, 'Y', 220.00, '2016-10-10 09:59:52', '2016-10-20 14:33:29', NULL, 0.00),
(366, 144, 5, 'Y', 230.00, '2016-10-10 09:59:52', '2016-10-20 14:33:29', NULL, 0.00),
(367, 145, 5, 'Y', 230.00, '2016-10-10 09:59:52', '2016-10-20 14:33:29', NULL, 0.00),
(368, 146, 5, 'Y', 230.00, '2016-10-10 09:59:52', '2016-10-20 14:33:29', NULL, 0.00),
(369, 147, 5, 'Y', 130.00, '2016-10-10 09:59:52', '2016-10-20 14:33:29', NULL, 0.00),
(370, 148, 5, 'Y', 120.00, '2016-10-10 09:59:52', '2016-10-20 14:33:29', NULL, 0.00),
(371, 149, 5, 'Y', 90.00, '2016-10-10 09:59:52', '2016-10-20 14:33:29', NULL, 0.00),
(372, 150, 5, 'Y', 200.00, '2016-10-10 09:59:52', '2016-10-20 14:33:29', NULL, 0.00),
(373, 151, 5, 'Y', 150.00, '2016-10-10 09:59:52', '2016-10-20 14:33:29', NULL, 0.00),
(374, 152, 5, 'Y', 200.00, '2016-10-10 09:59:52', '2016-10-20 14:33:29', NULL, 0.00),
(375, 153, 5, 'Y', 175.00, '2016-10-10 09:59:52', '2016-10-20 14:33:29', NULL, 0.00),
(376, 154, 5, 'Y', 130.00, '2016-10-10 09:59:52', '2016-10-20 14:33:29', NULL, 0.00),
(377, 155, 5, 'Y', 130.00, '2016-10-10 09:59:52', '2016-10-20 14:33:29', NULL, 0.00),
(378, 156, 5, 'Y', 130.00, '2016-10-10 09:59:52', '2016-10-26 10:34:01', NULL, 0.00),
(379, 157, 5, 'Y', 125.00, '2016-10-10 09:59:52', '2016-10-26 10:23:18', NULL, 0.30),
(380, 158, 5, 'Y', 35.00, '2016-10-10 09:59:52', '2016-10-20 14:33:29', NULL, 0.00),
(381, 159, 5, 'Y', 20.00, '2016-10-10 09:59:52', '2016-10-20 14:33:29', NULL, 0.00),
(382, 160, 5, 'Y', 50.00, '2016-10-10 09:59:52', '2016-10-20 14:33:29', NULL, 0.00),
(383, 161, 5, 'Y', 45.00, '2016-10-10 09:59:52', '2016-10-20 14:33:29', NULL, 0.00),
(384, 162, 5, 'Y', 30.00, '2016-10-10 09:59:52', '2016-10-20 14:33:29', NULL, 0.00),
(385, 163, 5, 'Y', 25.00, '2016-10-10 09:59:52', '2016-10-20 14:33:29', NULL, 0.00),
(386, 164, 5, 'Y', 45.00, '2016-10-10 09:59:52', '2016-10-20 14:33:29', NULL, 0.00),
(387, 165, 5, 'Y', 25.00, '2016-10-10 09:59:52', '2016-10-20 14:33:29', NULL, 0.00),
(388, 166, 5, 'Y', 45.00, '2016-10-10 09:59:52', '2016-10-20 14:33:29', NULL, 0.00),
(389, 167, 5, 'Y', 55.00, '2016-10-10 09:59:52', '2016-10-20 14:33:29', NULL, 0.00),
(390, 168, 5, 'Y', 85.00, '2016-10-10 09:59:52', '2016-10-20 14:33:29', NULL, 0.00),
(391, 169, 5, 'Y', 165.00, '2016-10-10 09:59:52', '2016-10-20 14:33:29', NULL, 0.00),
(392, 170, 5, 'Y', 150.00, '2016-10-10 09:59:52', '2016-10-26 10:18:23', NULL, 3.00),
(393, 171, 5, 'Y', 150.00, '2016-10-10 09:59:52', '2016-10-26 10:20:14', NULL, 3.00),
(394, 172, 5, 'Y', 150.00, '2016-10-10 09:59:52', '2016-10-26 10:18:35', NULL, 3.00),
(395, 173, 5, 'Y', 80.00, '2016-10-10 09:59:52', '2016-10-20 14:33:29', NULL, 0.00),
(396, 174, 5, 'Y', 80.00, '2016-10-10 09:59:52', '2016-10-20 14:33:29', NULL, 0.00),
(397, 175, 5, 'Y', 80.00, '2016-10-10 09:59:52', '2016-10-20 14:33:29', NULL, 0.00),
(398, 176, 5, 'Y', 80.00, '2016-10-10 09:59:52', '2016-10-26 10:17:56', NULL, 1.00),
(399, 177, 5, 'Y', 80.00, '2016-10-10 09:59:52', '2016-10-20 14:33:29', NULL, 0.00),
(400, 178, 1, 'Y', 35.00, '2016-10-21 10:21:02', NULL, NULL, 0.00),
(401, 178, 5, 'Y', 35.00, '2016-10-21 10:21:02', NULL, NULL, 0.00),
(402, 178, 6, 'Y', 35.00, '2016-10-21 10:21:02', '2016-10-26 09:55:25', NULL, 0.30),
(403, 179, 1, 'Y', 65.00, '2016-10-21 10:22:06', NULL, NULL, 0.00),
(404, 179, 5, 'Y', 65.00, '2016-10-21 10:22:06', NULL, NULL, 0.00),
(405, 179, 6, 'Y', 65.00, '2016-10-21 10:22:06', NULL, NULL, 0.00),
(406, 180, 1, 'Y', 75.00, '2016-10-21 10:22:40', NULL, NULL, 0.00),
(407, 180, 5, 'Y', 75.00, '2016-10-21 10:22:40', NULL, NULL, 0.00),
(408, 180, 6, 'Y', 75.00, '2016-10-21 10:22:40', '2016-10-26 09:42:01', NULL, 0.00),
(409, 181, 1, 'Y', 75.00, '2016-10-21 10:23:11', NULL, NULL, 0.00),
(410, 181, 5, 'Y', 75.00, '2016-10-21 10:23:11', NULL, NULL, 0.00),
(411, 181, 6, 'Y', 75.00, '2016-10-21 10:23:11', '2016-10-26 09:42:01', NULL, 0.00),
(412, 182, 1, 'Y', 85.00, '2016-10-21 10:23:44', NULL, NULL, 0.00),
(413, 182, 5, 'Y', 85.00, '2016-10-21 10:23:44', NULL, NULL, 0.00),
(414, 182, 6, 'Y', 85.00, '2016-10-21 10:23:44', '2016-10-26 09:42:01', NULL, 0.00),
(415, 183, 1, 'Y', 85.00, '2016-10-21 10:24:21', NULL, NULL, 0.00),
(416, 183, 5, 'Y', 85.00, '2016-10-21 10:24:21', NULL, NULL, 0.00),
(417, 183, 6, 'Y', 85.00, '2016-10-21 10:24:21', '2016-10-26 09:42:01', NULL, 0.00),
(418, 184, 1, 'Y', 90.00, '2016-10-21 10:25:07', NULL, NULL, 0.00),
(419, 184, 5, 'Y', 90.00, '2016-10-21 10:25:07', NULL, NULL, 0.00),
(420, 184, 6, 'Y', 90.00, '2016-10-21 10:25:07', '2016-10-26 09:42:01', NULL, 0.00),
(421, 185, 1, 'Y', 90.00, '2016-10-21 10:25:58', NULL, NULL, 0.00),
(422, 185, 5, 'Y', 90.00, '2016-10-21 10:25:58', NULL, NULL, 0.00),
(423, 185, 6, 'Y', 90.00, '2016-10-21 10:25:58', '2016-10-26 09:42:01', NULL, 0.00),
(424, 186, 1, 'Y', 90.00, '2016-10-21 10:26:26', NULL, NULL, 0.00),
(425, 186, 5, 'Y', 90.00, '2016-10-21 10:26:26', '2016-10-26 10:15:43', NULL, 0.00),
(426, 186, 6, 'Y', 90.00, '2016-10-21 10:26:26', '2016-10-26 09:42:01', NULL, 0.00),
(427, 187, 1, 'Y', 30.00, '2016-10-21 10:27:08', NULL, NULL, 0.00),
(428, 187, 5, 'Y', 30.00, '2016-10-21 10:27:08', NULL, NULL, 0.00),
(429, 187, 6, 'Y', 30.00, '2016-10-21 10:27:08', '2016-10-26 10:13:08', NULL, 1.00),
(430, 188, 1, 'Y', 85.00, '2016-10-21 10:31:04', NULL, NULL, 0.00),
(431, 188, 5, 'Y', 85.00, '2016-10-21 10:31:04', NULL, NULL, 0.00),
(432, 188, 6, 'Y', 85.00, '2016-10-21 10:31:04', '2016-10-26 09:42:01', NULL, 0.00),
(433, 189, 1, 'Y', 85.00, '2016-10-21 10:46:06', NULL, NULL, 0.00),
(434, 189, 5, 'Y', 85.00, '2016-10-21 10:46:06', NULL, NULL, 0.00),
(435, 189, 6, 'Y', 85.00, '2016-10-21 10:46:06', '2016-10-26 09:42:01', NULL, 0.00),
(436, 190, 1, 'Y', 90.00, '2016-10-21 10:46:46', NULL, NULL, 0.00),
(437, 190, 5, 'Y', 90.00, '2016-10-21 10:46:46', NULL, NULL, 0.00),
(438, 190, 6, 'Y', 90.00, '2016-10-21 10:46:47', '2016-10-26 09:42:01', NULL, 0.00),
(439, 191, 1, 'Y', 90.00, '2016-10-21 10:47:33', NULL, NULL, 0.00),
(440, 191, 5, 'Y', 90.00, '2016-10-21 10:47:33', NULL, NULL, 0.00),
(441, 191, 6, 'Y', 90.00, '2016-10-21 10:47:33', '2016-10-26 09:42:01', NULL, 0.00),
(442, 192, 1, 'Y', 90.00, '2016-10-21 10:48:14', NULL, NULL, 0.00),
(443, 192, 5, 'Y', 90.00, '2016-10-21 10:48:14', NULL, NULL, 0.00),
(444, 192, 6, 'Y', 90.00, '2016-10-21 10:48:14', '2016-10-26 09:42:01', NULL, 0.00),
(445, 193, 1, 'Y', 90.00, '2016-10-21 10:51:08', NULL, NULL, 0.00),
(446, 193, 5, 'Y', 90.00, '2016-10-21 10:51:08', NULL, NULL, 0.00),
(447, 193, 6, 'Y', 90.00, '2016-10-21 10:51:08', '2016-10-26 09:42:01', NULL, 0.00),
(448, 194, 1, 'Y', 110.00, '2016-10-21 10:57:11', NULL, NULL, 0.00),
(449, 194, 5, 'Y', 110.00, '2016-10-21 10:57:11', NULL, NULL, 0.00),
(450, 194, 6, 'Y', 110.00, '2016-10-21 10:57:11', '2016-10-26 09:42:01', NULL, 0.00),
(451, 195, 1, 'Y', 110.00, '2016-10-21 11:11:25', NULL, NULL, 0.00),
(452, 195, 5, 'Y', 110.00, '2016-10-21 11:11:25', NULL, NULL, 0.00),
(453, 195, 6, 'Y', 110.00, '2016-10-21 11:11:25', '2016-10-26 09:42:02', NULL, 0.00),
(454, 196, 1, 'Y', 110.00, '2016-10-21 11:14:30', NULL, NULL, 0.00),
(455, 196, 5, 'Y', 110.00, '2016-10-21 11:14:30', NULL, NULL, 0.00),
(456, 196, 6, 'Y', 110.00, '2016-10-21 11:14:30', '2016-10-26 09:42:02', NULL, 0.00),
(457, 197, 1, 'Y', 210.00, '2016-10-21 11:15:36', NULL, NULL, 0.00),
(458, 197, 5, 'Y', 210.00, '2016-10-21 11:15:36', NULL, NULL, 0.00),
(459, 197, 6, 'Y', 210.00, '2016-10-21 11:15:36', '2016-10-26 09:42:02', NULL, 0.00),
(460, 198, 1, 'Y', 210.00, '2016-10-21 11:16:13', NULL, NULL, 0.00),
(461, 198, 5, 'Y', 210.00, '2016-10-21 11:16:13', NULL, NULL, 0.00),
(462, 198, 6, 'Y', 210.00, '2016-10-21 11:16:13', '2016-10-26 09:42:02', NULL, 0.00),
(463, 199, 1, 'Y', 190.00, '2016-10-21 11:16:55', NULL, NULL, 0.00),
(464, 199, 5, 'Y', 190.00, '2016-10-21 11:16:55', NULL, NULL, 0.00),
(465, 199, 6, 'Y', 190.00, '2016-10-21 11:16:55', '2016-10-26 09:42:02', NULL, 0.00),
(466, 200, 1, 'Y', 190.00, '2016-10-21 11:17:44', NULL, NULL, 0.00),
(467, 200, 5, 'Y', 190.00, '2016-10-21 11:17:44', NULL, NULL, 0.00),
(468, 200, 6, 'Y', 190.00, '2016-10-21 11:17:44', '2016-10-26 09:42:02', NULL, 0.00),
(469, 201, 1, 'Y', 185.00, '2016-10-21 11:18:39', NULL, NULL, 0.00),
(470, 201, 5, 'Y', 185.00, '2016-10-21 11:18:39', NULL, NULL, 0.00),
(471, 201, 6, 'Y', 185.00, '2016-10-21 11:18:39', '2016-10-26 09:42:02', NULL, 0.00),
(472, 202, 1, 'Y', 210.00, '2016-10-21 11:19:20', NULL, NULL, 0.00),
(473, 202, 5, 'Y', 210.00, '2016-10-21 11:19:20', NULL, NULL, 0.00),
(474, 202, 6, 'Y', 210.00, '2016-10-21 11:19:20', '2016-10-26 09:42:02', NULL, 0.00),
(475, 203, 1, 'Y', 175.00, '2016-10-21 11:19:52', NULL, NULL, 0.00),
(476, 203, 5, 'Y', 175.00, '2016-10-21 11:19:52', NULL, NULL, 0.00),
(477, 203, 6, 'Y', 175.00, '2016-10-21 11:19:52', NULL, NULL, 0.00),
(478, 204, 1, 'Y', 185.00, '2016-10-21 11:20:24', NULL, NULL, 0.00),
(479, 204, 5, 'Y', 185.00, '2016-10-21 11:20:24', NULL, NULL, 0.00),
(480, 204, 6, 'Y', 185.00, '2016-10-21 11:20:24', NULL, NULL, 0.00),
(481, 205, 1, 'Y', 275.00, '2016-10-21 11:21:28', NULL, NULL, 0.00),
(482, 205, 5, 'Y', 275.00, '2016-10-21 11:21:28', NULL, NULL, 0.00),
(483, 205, 6, 'Y', 275.00, '2016-10-21 11:21:28', NULL, NULL, 0.00),
(484, 206, 1, 'Y', 295.00, '2016-10-21 11:23:14', NULL, NULL, 0.00),
(485, 206, 5, 'Y', 295.00, '2016-10-21 11:23:14', NULL, NULL, 0.00),
(486, 206, 6, 'Y', 295.00, '2016-10-21 11:23:14', NULL, NULL, 0.00),
(487, 207, 1, 'Y', 290.00, '2016-10-21 11:25:28', NULL, NULL, 0.00),
(488, 207, 5, 'Y', 290.00, '2016-10-21 11:25:28', NULL, NULL, 0.00),
(489, 207, 6, 'Y', 290.00, '2016-10-21 11:25:28', NULL, NULL, 0.00),
(490, 208, 1, 'Y', 290.00, '2016-10-21 11:50:08', NULL, NULL, 0.00),
(491, 208, 5, 'Y', 290.00, '2016-10-21 11:50:08', NULL, NULL, 0.00),
(492, 208, 6, 'Y', 290.00, '2016-10-21 11:50:08', NULL, NULL, 0.00),
(493, 209, 1, 'Y', 290.00, '2016-10-21 11:50:09', NULL, NULL, 0.00),
(494, 209, 5, 'Y', 290.00, '2016-10-21 11:50:09', NULL, NULL, 0.00),
(495, 209, 6, 'Y', 290.00, '2016-10-21 11:50:09', NULL, NULL, 0.00),
(496, 210, 1, 'Y', 275.00, '2016-10-21 11:51:46', NULL, NULL, 0.00),
(497, 210, 5, 'Y', 275.00, '2016-10-21 11:51:46', NULL, NULL, 0.00),
(498, 210, 6, 'Y', 275.00, '2016-10-21 11:51:46', NULL, NULL, 0.00),
(499, 211, 1, 'Y', 290.00, '2016-10-21 11:53:20', NULL, NULL, 0.00),
(500, 211, 5, 'Y', 290.00, '2016-10-21 11:53:20', NULL, NULL, 0.00),
(501, 211, 6, 'Y', 290.00, '2016-10-21 11:53:20', NULL, NULL, 0.00),
(502, 212, 1, 'Y', 199.00, '2016-10-21 11:53:56', NULL, NULL, 0.00),
(503, 212, 5, 'Y', 199.00, '2016-10-21 11:53:56', NULL, NULL, 0.00),
(504, 212, 6, 'Y', 199.00, '2016-10-21 11:53:56', NULL, NULL, 0.00),
(505, 213, 1, 'Y', 195.00, '2016-10-21 11:54:32', NULL, NULL, 0.00),
(506, 213, 5, 'Y', 195.00, '2016-10-21 11:54:32', NULL, NULL, 0.00),
(507, 213, 6, 'Y', 195.00, '2016-10-21 11:54:32', NULL, NULL, 0.00),
(508, 214, 1, 'Y', 195.00, '2016-10-21 11:56:31', NULL, NULL, 0.00),
(509, 214, 5, 'Y', 195.00, '2016-10-21 11:56:31', NULL, NULL, 0.00),
(510, 214, 6, 'Y', 195.00, '2016-10-21 11:56:31', NULL, NULL, 0.00),
(511, 215, 1, 'Y', 195.00, '2016-10-21 11:57:06', NULL, NULL, 0.00),
(512, 215, 5, 'Y', 195.00, '2016-10-21 11:57:06', NULL, NULL, 0.00),
(513, 215, 6, 'Y', 195.00, '2016-10-21 11:57:06', NULL, NULL, 0.00),
(514, 216, 1, 'Y', 195.00, '2016-10-21 11:57:39', NULL, NULL, 0.00),
(515, 216, 5, 'Y', 195.00, '2016-10-21 11:57:39', NULL, NULL, 0.00),
(516, 216, 6, 'Y', 195.00, '2016-10-21 11:57:39', NULL, NULL, 0.00),
(517, 217, 1, 'Y', 195.00, '2016-10-21 11:59:34', NULL, NULL, 0.00),
(518, 217, 5, 'Y', 195.00, '2016-10-21 11:59:34', '2016-10-26 10:31:28', NULL, 0.00),
(519, 217, 6, 'Y', 195.00, '2016-10-21 11:59:34', NULL, NULL, 0.00),
(520, 218, 1, 'Y', 175.00, '2016-10-21 12:00:07', NULL, NULL, 0.00),
(521, 218, 5, 'Y', 175.00, '2016-10-21 12:00:07', NULL, NULL, 0.00),
(522, 218, 6, 'Y', 175.00, '2016-10-21 12:00:07', NULL, NULL, 0.00),
(523, 219, 1, 'Y', 175.00, '2016-10-21 12:00:42', NULL, NULL, 0.00),
(524, 219, 5, 'Y', 175.00, '2016-10-21 12:00:42', NULL, NULL, 0.00),
(525, 219, 6, 'Y', 175.00, '2016-10-21 12:00:42', NULL, NULL, 0.00),
(526, 220, 1, 'Y', 175.00, '2016-10-21 12:02:03', NULL, NULL, 0.00),
(527, 220, 5, 'Y', 175.00, '2016-10-21 12:02:03', NULL, NULL, 0.00),
(528, 220, 6, 'Y', 175.00, '2016-10-21 12:02:03', NULL, NULL, 0.00),
(529, 221, 1, 'Y', 199.00, '2016-10-21 12:02:49', NULL, NULL, 0.00),
(530, 221, 5, 'Y', 199.00, '2016-10-21 12:02:49', NULL, NULL, 0.00),
(531, 221, 6, 'Y', 199.00, '2016-10-21 12:02:49', NULL, NULL, 0.00),
(532, 222, 1, 'Y', 170.00, '2016-10-21 12:46:21', NULL, NULL, 0.00),
(533, 222, 5, 'Y', 170.00, '2016-10-21 12:46:21', NULL, NULL, 0.00),
(534, 222, 6, 'Y', 170.00, '2016-10-21 12:46:21', NULL, NULL, 0.00),
(535, 223, 1, 'Y', 185.00, '2016-10-22 06:22:36', NULL, NULL, 0.00),
(536, 223, 5, 'Y', 185.00, '2016-10-22 06:22:36', NULL, NULL, 0.00),
(537, 223, 6, 'Y', 185.00, '2016-10-22 06:22:36', NULL, NULL, 0.00),
(538, 224, 1, 'Y', 185.00, '2016-10-22 06:22:38', NULL, NULL, 0.00),
(539, 224, 5, 'Y', 185.00, '2016-10-22 06:22:38', NULL, NULL, 0.00),
(540, 224, 6, 'Y', 185.00, '2016-10-22 06:22:38', NULL, NULL, 0.00),
(541, 225, 1, 'Y', 199.00, '2016-10-22 08:06:41', NULL, NULL, 0.00),
(542, 225, 5, 'Y', 199.00, '2016-10-22 08:06:41', NULL, NULL, 0.00),
(543, 225, 6, 'Y', 199.00, '2016-10-22 08:06:41', NULL, NULL, 0.00),
(544, 226, 1, 'Y', 175.00, '2016-10-22 08:07:27', NULL, NULL, 0.00),
(545, 226, 5, 'Y', 175.00, '2016-10-22 08:07:27', NULL, NULL, 0.00),
(546, 226, 6, 'Y', 175.00, '2016-10-22 08:07:27', NULL, NULL, 0.00),
(547, 227, 1, 'Y', 180.00, '2016-10-22 08:10:34', NULL, NULL, 0.00),
(548, 227, 5, 'Y', 180.00, '2016-10-22 08:10:34', NULL, NULL, 0.00),
(549, 227, 6, 'Y', 180.00, '2016-10-22 08:10:34', NULL, NULL, 0.00),
(550, 228, 1, 'Y', 199.00, '2016-10-22 08:12:46', NULL, NULL, 0.00),
(551, 228, 5, 'Y', 199.00, '2016-10-22 08:12:46', NULL, NULL, 0.00),
(552, 228, 6, 'Y', 199.00, '2016-10-22 08:12:46', NULL, NULL, 0.00),
(553, 229, 1, 'Y', 165.00, '2016-10-22 08:13:47', NULL, NULL, 0.00),
(554, 229, 5, 'Y', 165.00, '2016-10-22 08:13:47', NULL, NULL, 0.00),
(555, 229, 6, 'Y', 165.00, '2016-10-22 08:13:47', NULL, NULL, 0.00),
(556, 230, 1, 'Y', 175.00, '2016-10-22 08:14:51', NULL, NULL, 0.00),
(557, 230, 5, 'Y', 175.00, '2016-10-22 08:14:51', NULL, NULL, 0.00),
(558, 230, 6, 'Y', 175.00, '2016-10-22 08:14:51', NULL, NULL, 0.00),
(559, 231, 1, 'Y', 175.00, '2016-10-22 08:15:45', NULL, NULL, 0.00),
(560, 231, 5, 'Y', 175.00, '2016-10-22 08:15:45', '2016-10-26 10:29:37', NULL, 0.00),
(561, 231, 6, 'Y', 175.00, '2016-10-22 08:15:45', NULL, NULL, 0.00),
(562, 232, 1, 'Y', 165.00, '2016-10-22 08:27:59', NULL, NULL, 0.00),
(563, 232, 5, 'Y', 165.00, '2016-10-22 08:27:59', NULL, NULL, 0.00),
(564, 232, 6, 'Y', 165.00, '2016-10-22 08:27:59', NULL, NULL, 0.00),
(565, 233, 1, 'Y', 180.00, '2016-10-22 08:28:45', NULL, NULL, 0.00),
(566, 233, 5, 'Y', 180.00, '2016-10-22 08:28:45', NULL, NULL, 0.00),
(567, 233, 6, 'Y', 180.00, '2016-10-22 08:28:45', NULL, NULL, 0.00),
(568, 234, 1, 'Y', 175.00, '2016-10-22 12:21:43', NULL, NULL, 0.00),
(569, 234, 5, 'Y', 175.00, '2016-10-22 12:21:43', NULL, NULL, 0.00),
(570, 234, 6, 'Y', 175.00, '2016-10-22 12:21:43', NULL, NULL, 0.00),
(571, 235, 1, 'Y', 180.00, '2016-10-22 12:22:23', NULL, NULL, 0.00),
(572, 235, 5, 'Y', 180.00, '2016-10-22 12:22:23', NULL, NULL, 0.00),
(573, 235, 6, 'Y', 180.00, '2016-10-22 12:22:23', NULL, NULL, 0.00),
(574, 236, 1, 'Y', 170.00, '2016-10-22 12:22:54', NULL, NULL, 0.00),
(575, 236, 5, 'Y', 170.00, '2016-10-22 12:22:54', '2016-10-26 10:29:37', NULL, 0.00),
(576, 236, 6, 'Y', 170.00, '2016-10-22 12:22:54', NULL, NULL, 0.00),
(577, 237, 1, 'Y', 160.00, '2016-10-22 12:23:23', NULL, NULL, 0.00),
(578, 237, 5, 'Y', 160.00, '2016-10-22 12:23:23', '2016-10-26 10:29:37', NULL, 0.00),
(579, 237, 6, 'Y', 160.00, '2016-10-22 12:23:23', NULL, NULL, 0.00),
(580, 238, 1, 'Y', 195.00, '2016-10-22 12:24:36', NULL, NULL, 0.00),
(581, 238, 5, 'Y', 195.00, '2016-10-22 12:24:36', NULL, NULL, 0.00),
(582, 238, 6, 'Y', 195.00, '2016-10-22 12:24:36', NULL, NULL, 0.00),
(583, 239, 1, 'Y', 195.00, '2016-10-22 12:25:24', NULL, NULL, 0.00),
(584, 239, 5, 'Y', 195.00, '2016-10-22 12:25:24', NULL, NULL, 0.00),
(585, 239, 6, 'Y', 195.00, '2016-10-22 12:25:24', NULL, NULL, 0.00),
(586, 240, 1, 'Y', 195.00, '2016-10-22 12:26:27', NULL, NULL, 0.00),
(587, 240, 5, 'Y', 195.00, '2016-10-22 12:26:27', NULL, NULL, 0.00),
(588, 240, 6, 'Y', 195.00, '2016-10-22 12:26:27', NULL, NULL, 0.00),
(589, 241, 1, 'Y', 190.00, '2016-10-22 12:27:07', NULL, NULL, 0.00),
(590, 241, 5, 'Y', 190.00, '2016-10-22 12:27:07', '2016-10-26 10:15:43', NULL, 0.00),
(591, 241, 6, 'Y', 190.00, '2016-10-22 12:27:07', NULL, NULL, 0.00),
(592, 242, 1, 'Y', 195.00, '2016-10-22 12:28:13', NULL, NULL, 0.00),
(593, 242, 5, 'Y', 195.00, '2016-10-22 12:28:13', NULL, NULL, 0.00),
(594, 242, 6, 'Y', 195.00, '2016-10-22 12:28:13', NULL, NULL, 0.00),
(595, 243, 1, 'Y', 195.00, '2016-10-22 12:29:10', NULL, NULL, 0.00),
(596, 243, 5, 'Y', 195.00, '2016-10-22 12:29:10', NULL, NULL, 0.00),
(597, 243, 6, 'Y', 195.00, '2016-10-22 12:29:10', NULL, NULL, 0.00),
(598, 244, 1, 'Y', 195.00, '2016-10-22 12:29:11', NULL, NULL, 0.00),
(599, 244, 5, 'Y', 195.00, '2016-10-22 12:29:11', NULL, NULL, 0.00),
(600, 244, 6, 'Y', 195.00, '2016-10-22 12:29:11', NULL, NULL, 0.00),
(601, 245, 1, 'Y', 195.00, '2016-10-22 12:29:48', NULL, NULL, 0.00),
(602, 245, 5, 'Y', 195.00, '2016-10-22 12:29:48', NULL, NULL, 0.00),
(603, 245, 6, 'Y', 195.00, '2016-10-22 12:29:48', NULL, NULL, 0.00),
(604, 246, 1, 'Y', 175.00, '2016-10-22 12:31:07', NULL, NULL, 0.00),
(605, 246, 5, 'Y', 175.00, '2016-10-22 12:31:07', NULL, NULL, 0.00),
(606, 246, 6, 'Y', 175.00, '2016-10-22 12:31:07', NULL, NULL, 0.00),
(607, 247, 1, 'Y', 165.00, '2016-10-22 12:31:33', NULL, NULL, 0.00),
(608, 247, 5, 'Y', 165.00, '2016-10-22 12:31:33', NULL, NULL, 0.00),
(609, 247, 6, 'Y', 165.00, '2016-10-22 12:31:33', NULL, NULL, 0.00),
(610, 248, 1, 'Y', 210.00, '2016-10-22 12:32:39', NULL, NULL, 0.00),
(611, 248, 5, 'Y', 210.00, '2016-10-22 12:32:39', NULL, NULL, 0.00),
(612, 248, 6, 'Y', 210.00, '2016-10-22 12:32:39', NULL, NULL, 0.00),
(613, 249, 1, 'Y', 210.00, '2016-10-22 12:33:04', NULL, NULL, 0.00),
(614, 249, 5, 'Y', 210.00, '2016-10-22 12:33:04', NULL, NULL, 0.00),
(615, 249, 6, 'Y', 210.00, '2016-10-22 12:33:04', NULL, NULL, 0.00),
(616, 250, 1, 'Y', 199.00, '2016-10-22 12:33:29', NULL, NULL, 0.00),
(617, 250, 5, 'Y', 199.00, '2016-10-22 12:33:29', NULL, NULL, 0.00),
(618, 250, 6, 'Y', 199.00, '2016-10-22 12:33:29', '2016-10-26 09:42:01', NULL, 0.00),
(619, 251, 1, 'Y', 199.00, '2016-10-22 12:33:30', NULL, NULL, 0.00),
(620, 251, 5, 'Y', 199.00, '2016-10-22 12:33:30', NULL, NULL, 0.00),
(621, 251, 6, 'Y', 199.00, '2016-10-22 12:33:30', NULL, NULL, 0.00),
(622, 252, 1, 'Y', 190.00, '2016-10-22 12:33:58', NULL, NULL, 0.00),
(623, 252, 5, 'Y', 190.00, '2016-10-22 12:33:58', NULL, NULL, 0.00),
(624, 252, 6, 'Y', 190.00, '2016-10-22 12:33:58', NULL, NULL, 0.00),
(625, 253, 1, 'Y', 190.00, '2016-10-22 12:36:02', NULL, NULL, 0.00),
(626, 253, 5, 'Y', 190.00, '2016-10-22 12:36:02', NULL, NULL, 0.00),
(627, 253, 6, 'Y', 190.00, '2016-10-22 12:36:02', NULL, NULL, 0.00),
(628, 254, 1, 'Y', 190.00, '2016-10-22 12:36:29', NULL, NULL, 0.00),
(629, 254, 5, 'Y', 190.00, '2016-10-22 12:36:29', NULL, NULL, 0.00),
(630, 254, 6, 'Y', 190.00, '2016-10-22 12:36:29', NULL, NULL, 0.00),
(631, 255, 1, 'Y', 190.00, '2016-10-22 12:36:30', NULL, NULL, 0.00),
(632, 255, 5, 'Y', 190.00, '2016-10-22 12:36:30', NULL, NULL, 0.00),
(633, 255, 6, 'Y', 190.00, '2016-10-22 12:36:30', NULL, NULL, 0.00),
(634, 256, 1, 'Y', 190.00, '2016-10-22 12:36:58', NULL, NULL, 0.00),
(635, 256, 5, 'Y', 190.00, '2016-10-22 12:36:58', NULL, NULL, 0.00),
(636, 256, 6, 'Y', 190.00, '2016-10-22 12:36:58', NULL, NULL, 0.00),
(637, 257, 1, 'Y', 190.00, '2016-10-22 12:37:25', NULL, NULL, 0.00),
(638, 257, 5, 'Y', 190.00, '2016-10-22 12:37:25', NULL, NULL, 0.00),
(639, 257, 6, 'Y', 190.00, '2016-10-22 12:37:25', NULL, NULL, 0.00),
(640, 258, 1, 'Y', 190.00, '2016-10-22 12:37:55', NULL, NULL, 0.00),
(641, 258, 5, 'Y', 190.00, '2016-10-22 12:37:55', NULL, NULL, 0.00),
(642, 258, 6, 'Y', 190.00, '2016-10-22 12:37:55', NULL, NULL, 0.00),
(643, 259, 1, 'Y', 175.00, '2016-10-22 12:38:43', NULL, NULL, 0.00),
(644, 259, 5, 'Y', 175.00, '2016-10-22 12:38:43', NULL, NULL, 0.00),
(645, 259, 6, 'Y', 175.00, '2016-10-22 12:38:43', NULL, NULL, 0.00),
(646, 260, 1, 'Y', 210.00, '2016-10-22 12:39:35', NULL, NULL, 0.00),
(647, 260, 5, 'Y', 210.00, '2016-10-22 12:39:35', NULL, NULL, 0.00),
(648, 260, 6, 'Y', 210.00, '2016-10-22 12:39:35', NULL, NULL, 0.00),
(649, 261, 1, 'Y', 199.00, '2016-10-22 12:40:07', NULL, NULL, 0.00),
(650, 261, 5, 'Y', 199.00, '2016-10-22 12:40:07', NULL, NULL, 0.00),
(651, 261, 6, 'Y', 199.00, '2016-10-22 12:40:07', NULL, NULL, 0.00),
(652, 262, 1, 'Y', 189.00, '2016-10-22 12:40:40', NULL, NULL, 0.00),
(653, 262, 5, 'Y', 189.00, '2016-10-22 12:40:40', NULL, NULL, 0.00),
(654, 262, 6, 'Y', 189.00, '2016-10-22 12:40:40', NULL, NULL, 0.00),
(655, 263, 1, 'Y', 185.00, '2016-10-22 12:41:18', NULL, NULL, 0.00),
(656, 263, 5, 'Y', 185.00, '2016-10-22 12:41:18', NULL, NULL, 0.00),
(657, 263, 6, 'Y', 185.00, '2016-10-22 12:41:18', NULL, NULL, 0.00),
(658, 264, 1, 'Y', 185.00, '2016-10-22 12:41:54', NULL, NULL, 0.00),
(659, 264, 5, 'Y', 185.00, '2016-10-22 12:41:54', NULL, NULL, 0.00),
(660, 264, 6, 'Y', 185.00, '2016-10-22 12:41:54', NULL, NULL, 0.00),
(661, 265, 1, 'Y', 185.00, '2016-10-22 12:42:23', NULL, NULL, 0.00),
(662, 265, 5, 'Y', 185.00, '2016-10-22 12:42:23', NULL, NULL, 0.00),
(663, 265, 6, 'Y', 185.00, '2016-10-22 12:42:23', NULL, NULL, 0.00),
(664, 266, 1, 'Y', 185.00, '2016-10-22 12:42:52', NULL, NULL, 0.00),
(665, 266, 5, 'Y', 185.00, '2016-10-22 12:42:52', NULL, NULL, 0.00),
(666, 266, 6, 'Y', 185.00, '2016-10-22 12:42:52', NULL, NULL, 0.00),
(667, 267, 1, 'Y', 185.00, '2016-10-22 12:43:23', NULL, NULL, 0.00),
(668, 267, 5, 'Y', 185.00, '2016-10-22 12:43:23', NULL, NULL, 0.00),
(669, 267, 6, 'Y', 185.00, '2016-10-22 12:43:23', NULL, NULL, 0.00),
(670, 268, 1, 'Y', 185.00, '2016-10-22 12:43:58', NULL, NULL, 0.00),
(671, 268, 5, 'Y', 185.00, '2016-10-22 12:43:58', NULL, NULL, 0.00),
(672, 268, 6, 'Y', 185.00, '2016-10-22 12:43:58', NULL, NULL, 0.00),
(673, 269, 1, 'Y', 170.00, '2016-10-22 12:44:34', NULL, NULL, 0.00),
(674, 269, 5, 'Y', 170.00, '2016-10-22 12:44:34', NULL, NULL, 0.00),
(675, 269, 6, 'Y', 170.00, '2016-10-22 12:44:34', NULL, NULL, 0.00),
(676, 270, 1, 'Y', 185.00, '2016-10-22 12:45:03', NULL, NULL, 0.00),
(677, 270, 5, 'Y', 185.00, '2016-10-22 12:45:03', NULL, NULL, 0.00),
(678, 270, 6, 'Y', 185.00, '2016-10-22 12:45:03', NULL, NULL, 0.00),
(679, 271, 1, 'Y', 180.00, '2016-10-22 12:45:31', NULL, NULL, 0.00),
(680, 271, 5, 'Y', 180.00, '2016-10-22 12:45:31', NULL, NULL, 0.00),
(681, 271, 6, 'Y', 180.00, '2016-10-22 12:45:31', NULL, NULL, 0.00),
(682, 272, 1, 'Y', 180.00, '2016-10-22 12:46:07', NULL, NULL, 0.00),
(683, 272, 5, 'Y', 180.00, '2016-10-22 12:46:07', NULL, NULL, 0.00),
(684, 272, 6, 'Y', 180.00, '2016-10-22 12:46:07', NULL, NULL, 0.00),
(685, 273, 1, 'Y', 160.00, '2016-10-22 12:47:09', NULL, NULL, 0.00),
(686, 273, 5, 'Y', 160.00, '2016-10-22 12:47:09', NULL, NULL, 0.00),
(687, 273, 6, 'Y', 160.00, '2016-10-22 12:47:09', NULL, NULL, 0.00),
(688, 274, 1, 'Y', 160.00, '2016-10-22 12:47:38', NULL, NULL, 0.00),
(689, 274, 5, 'Y', 160.00, '2016-10-22 12:47:38', NULL, NULL, 0.00),
(690, 274, 6, 'Y', 160.00, '2016-10-22 12:47:38', NULL, NULL, 0.00),
(691, 275, 1, 'Y', 160.00, '2016-10-22 12:48:17', NULL, NULL, 0.00),
(692, 275, 5, 'Y', 160.00, '2016-10-22 12:48:17', NULL, NULL, 0.00),
(693, 275, 6, 'Y', 160.00, '2016-10-22 12:48:17', NULL, NULL, 0.00),
(694, 276, 1, 'Y', 175.00, '2016-10-22 12:48:51', NULL, NULL, 0.00),
(695, 276, 5, 'Y', 175.00, '2016-10-22 12:48:51', NULL, NULL, 0.00),
(696, 276, 6, 'Y', 175.00, '2016-10-22 12:48:51', NULL, NULL, 0.00),
(697, 277, 1, 'Y', 180.00, '2016-10-22 12:49:27', NULL, NULL, 0.00),
(698, 277, 5, 'Y', 180.00, '2016-10-22 12:49:27', NULL, NULL, 0.00),
(699, 277, 6, 'Y', 180.00, '2016-10-22 12:49:27', NULL, NULL, 0.00),
(700, 278, 1, 'Y', 20.00, '2016-10-22 12:49:54', NULL, NULL, 0.00),
(701, 278, 5, 'Y', 20.00, '2016-10-22 12:49:54', NULL, NULL, 0.00),
(702, 278, 6, 'Y', 20.00, '2016-10-22 12:49:54', NULL, NULL, 0.00),
(703, 279, 1, 'Y', 23.00, '2016-10-22 12:50:23', NULL, NULL, 0.00),
(704, 279, 5, 'Y', 23.00, '2016-10-22 12:50:23', NULL, NULL, 0.00),
(705, 279, 6, 'Y', 23.00, '2016-10-22 12:50:23', NULL, NULL, 0.00),
(706, 280, 1, 'Y', 45.00, '2016-10-22 12:51:05', NULL, NULL, 0.00),
(707, 280, 5, 'Y', 45.00, '2016-10-22 12:51:05', NULL, NULL, 0.00),
(708, 280, 6, 'Y', 45.00, '2016-10-22 12:51:05', NULL, NULL, 0.00),
(709, 281, 1, 'Y', 45.00, '2016-10-22 12:51:42', NULL, NULL, 0.00),
(710, 281, 5, 'Y', 45.00, '2016-10-22 12:51:42', NULL, NULL, 0.00),
(711, 281, 6, 'Y', 45.00, '2016-10-22 12:51:42', NULL, NULL, 0.00),
(712, 282, 1, 'Y', 70.00, '2016-10-22 12:52:46', NULL, NULL, 0.00),
(713, 282, 5, 'Y', 70.00, '2016-10-22 12:52:46', NULL, NULL, 0.00),
(714, 282, 6, 'Y', 70.00, '2016-10-22 12:52:46', NULL, NULL, 0.00),
(715, 283, 1, 'Y', 50.00, '2016-10-22 12:53:12', NULL, NULL, 0.00),
(716, 283, 5, 'Y', 50.00, '2016-10-22 12:53:12', NULL, NULL, 0.00),
(717, 283, 6, 'Y', 50.00, '2016-10-22 12:53:12', NULL, NULL, 0.00),
(718, 284, 1, 'Y', 70.00, '2016-10-22 12:53:41', NULL, NULL, 0.00),
(719, 284, 5, 'Y', 70.00, '2016-10-22 12:53:41', NULL, NULL, 0.00),
(720, 284, 6, 'Y', 70.00, '2016-10-22 12:53:41', NULL, NULL, 0.00),
(721, 285, 1, 'Y', 80.00, '2016-10-22 12:54:18', NULL, NULL, 0.00),
(722, 285, 5, 'Y', 80.00, '2016-10-22 12:54:18', NULL, NULL, 0.00),
(723, 285, 6, 'Y', 80.00, '2016-10-22 12:54:18', NULL, NULL, 0.00),
(724, 286, 1, 'Y', 50.00, '2016-10-22 12:54:53', NULL, NULL, 0.00),
(725, 286, 5, 'Y', 50.00, '2016-10-22 12:54:53', NULL, NULL, 0.00),
(726, 286, 6, 'Y', 50.00, '2016-10-22 12:54:53', NULL, NULL, 0.00),
(727, 287, 1, 'Y', 70.00, '2016-10-22 12:55:21', NULL, NULL, 0.00),
(728, 287, 5, 'Y', 70.00, '2016-10-22 12:55:21', NULL, NULL, 0.00),
(729, 287, 6, 'Y', 70.00, '2016-10-22 12:55:21', NULL, NULL, 0.00),
(730, 288, 1, 'Y', 75.00, '2016-10-22 12:57:51', NULL, NULL, 0.00),
(731, 288, 5, 'Y', 75.00, '2016-10-22 12:57:51', NULL, NULL, 0.00),
(732, 288, 6, 'Y', 75.00, '2016-10-22 12:57:51', NULL, NULL, 0.00),
(733, 289, 1, 'Y', 80.00, '2016-10-22 12:58:21', NULL, NULL, 0.00),
(734, 289, 5, 'Y', 80.00, '2016-10-22 12:58:21', NULL, NULL, 0.00),
(735, 289, 6, 'Y', 80.00, '2016-10-22 12:58:21', NULL, NULL, 0.00),
(736, 290, 1, 'Y', 90.00, '2016-10-22 12:59:03', NULL, NULL, 0.00),
(737, 290, 5, 'Y', 90.00, '2016-10-22 12:59:03', NULL, NULL, 0.00),
(738, 290, 6, 'Y', 90.00, '2016-10-22 12:59:03', NULL, NULL, 0.00),
(739, 291, 1, 'Y', 90.00, '2016-10-22 12:59:33', NULL, NULL, 0.00),
(740, 291, 5, 'Y', 90.00, '2016-10-22 12:59:33', NULL, NULL, 0.00),
(741, 291, 6, 'Y', 90.00, '2016-10-22 12:59:33', NULL, NULL, 0.00),
(742, 292, 1, 'Y', 40.00, '2016-10-22 13:00:22', NULL, NULL, 0.00),
(743, 292, 5, 'Y', 40.00, '2016-10-22 13:00:22', NULL, NULL, 0.00),
(744, 292, 6, 'Y', 40.00, '2016-10-22 13:00:22', NULL, NULL, 0.00),
(745, 293, 1, 'Y', 60.00, '2016-10-22 13:00:59', NULL, NULL, 0.00),
(746, 293, 5, 'Y', 60.00, '2016-10-22 13:00:59', '2016-10-26 10:18:08', NULL, 0.50),
(747, 293, 6, 'Y', 60.00, '2016-10-22 13:00:59', NULL, NULL, 0.00),
(748, 294, 1, 'Y', 75.00, '2016-10-22 13:01:24', NULL, NULL, 0.00),
(749, 294, 5, 'Y', 75.00, '2016-10-22 13:01:24', NULL, NULL, 0.00),
(750, 294, 6, 'Y', 75.00, '2016-10-22 13:01:24', NULL, NULL, 0.00),
(751, 295, 1, 'Y', 75.00, '2016-10-22 13:01:55', NULL, NULL, 0.00),
(752, 295, 5, 'Y', 75.00, '2016-10-22 13:01:55', NULL, NULL, 0.00),
(753, 295, 6, 'Y', 75.00, '2016-10-22 13:01:55', NULL, NULL, 0.00),
(754, 296, 1, 'Y', 85.00, '2016-10-22 13:02:32', NULL, NULL, 0.00),
(755, 296, 5, 'Y', 85.00, '2016-10-22 13:02:32', '2016-10-26 10:15:43', NULL, 0.00),
(756, 296, 6, 'Y', 85.00, '2016-10-22 13:02:32', NULL, NULL, 0.00),
(757, 297, 1, 'Y', 20.00, '2016-10-22 13:06:20', NULL, NULL, 0.00),
(758, 297, 5, 'Y', 20.00, '2016-10-22 13:06:20', NULL, NULL, 0.00),
(759, 297, 6, 'Y', 20.00, '2016-10-22 13:06:20', NULL, NULL, 0.00),
(760, 298, 1, 'Y', 20.00, '2016-10-22 13:06:22', NULL, NULL, 0.00),
(761, 298, 5, 'Y', 20.00, '2016-10-22 13:06:22', NULL, NULL, 0.00),
(762, 298, 6, 'Y', 20.00, '2016-10-22 13:06:22', NULL, NULL, 0.00),
(763, 299, 1, 'Y', 20.00, '2016-10-22 13:07:07', NULL, NULL, 0.00),
(764, 299, 5, 'Y', 20.00, '2016-10-22 13:07:07', NULL, NULL, 0.00),
(765, 299, 6, 'Y', 20.00, '2016-10-22 13:07:07', NULL, NULL, 0.00),
(766, 300, 1, 'Y', 30.00, '2016-10-22 13:07:39', NULL, NULL, 0.00),
(767, 300, 5, 'Y', 30.00, '2016-10-22 13:07:39', NULL, NULL, 0.00),
(768, 300, 6, 'Y', 30.00, '2016-10-22 13:07:39', NULL, NULL, 0.00),
(769, 301, 1, 'Y', 75.00, '2016-10-22 13:08:11', NULL, NULL, 0.00),
(770, 301, 5, 'Y', 75.00, '2016-10-22 13:08:11', NULL, NULL, 0.00),
(771, 301, 6, 'Y', 75.00, '2016-10-22 13:08:11', NULL, NULL, 0.00),
(772, 302, 1, 'Y', 85.00, '2016-10-22 13:09:18', NULL, NULL, 0.00),
(773, 302, 5, 'Y', 85.00, '2016-10-22 13:09:18', '2016-10-26 10:25:20', NULL, 1.00),
(774, 302, 6, 'Y', 85.00, '2016-10-22 13:09:18', NULL, NULL, 0.00),
(775, 303, 1, 'Y', 150.00, '2016-10-22 13:09:56', NULL, NULL, 0.00),
(776, 303, 5, 'Y', 150.00, '2016-10-22 13:09:56', NULL, NULL, 0.00),
(777, 303, 6, 'Y', 150.00, '2016-10-22 13:09:56', NULL, NULL, 0.00),
(778, 304, 1, 'Y', 140.00, '2016-10-22 13:12:14', NULL, NULL, 0.00),
(779, 304, 5, 'Y', 140.00, '2016-10-22 13:12:14', NULL, NULL, 0.00),
(780, 304, 6, 'Y', 140.00, '2016-10-22 13:12:14', NULL, NULL, 0.00),
(781, 305, 1, 'Y', 140.00, '2016-10-22 13:13:57', NULL, NULL, 0.00),
(782, 305, 5, 'Y', 140.00, '2016-10-22 13:13:57', NULL, NULL, 0.00),
(783, 305, 6, 'Y', 140.00, '2016-10-22 13:13:57', NULL, NULL, 0.00),
(784, 306, 1, 'Y', 135.00, '2016-10-22 13:14:30', NULL, NULL, 0.00),
(785, 306, 5, 'Y', 135.00, '2016-10-22 13:14:30', NULL, NULL, 0.00),
(786, 306, 6, 'Y', 135.00, '2016-10-22 13:14:30', NULL, NULL, 0.00);
INSERT INTO `branch_products` (`branch_products_id`, `product_id`, `branch_id`, `is_available`, `product_price`, `created`, `updated`, `deleted`, `waiter_commission_branch`) VALUES
(787, 307, 1, 'Y', 130.00, '2016-10-22 13:15:10', NULL, NULL, 0.00),
(788, 307, 5, 'Y', 130.00, '2016-10-22 13:15:10', NULL, NULL, 0.00),
(789, 307, 6, 'Y', 130.00, '2016-10-22 13:15:10', NULL, NULL, 0.00),
(790, 308, 1, 'Y', 140.00, '2016-10-22 13:17:13', NULL, NULL, 0.00),
(791, 308, 5, 'Y', 140.00, '2016-10-22 13:17:13', NULL, NULL, 0.00),
(792, 308, 6, 'Y', 140.00, '2016-10-22 13:17:13', NULL, NULL, 0.00),
(793, 309, 1, 'Y', 150.00, '2016-10-22 13:19:30', NULL, NULL, 0.00),
(794, 309, 5, 'Y', 150.00, '2016-10-22 13:19:30', NULL, NULL, 0.00),
(795, 309, 6, 'Y', 150.00, '2016-10-22 13:19:30', NULL, NULL, 0.00),
(796, 310, 1, 'Y', 150.00, '2016-10-22 13:24:16', NULL, NULL, 0.00),
(797, 310, 5, 'Y', 150.00, '2016-10-22 13:24:16', NULL, NULL, 0.00),
(798, 310, 6, 'Y', 150.00, '2016-10-22 13:24:16', NULL, NULL, 0.00),
(799, 311, 1, 'Y', 175.00, '2016-10-22 13:24:55', NULL, NULL, 0.00),
(800, 311, 5, 'Y', 175.00, '2016-10-22 13:24:55', NULL, NULL, 0.00),
(801, 311, 6, 'Y', 175.00, '2016-10-22 13:24:55', NULL, NULL, 0.00),
(802, 312, 1, 'Y', 175.00, '2016-10-22 13:25:29', NULL, NULL, 0.00),
(803, 312, 5, 'Y', 175.00, '2016-10-22 13:25:29', NULL, NULL, 0.00),
(804, 312, 6, 'Y', 175.00, '2016-10-22 13:25:29', NULL, NULL, 0.00),
(805, 313, 1, 'Y', 160.00, '2016-10-22 13:25:59', NULL, NULL, 0.00),
(806, 313, 5, 'Y', 160.00, '2016-10-22 13:25:59', NULL, NULL, 0.00),
(807, 313, 6, 'Y', 160.00, '2016-10-22 13:25:59', NULL, NULL, 0.00),
(808, 314, 1, 'Y', 185.00, '2016-10-22 13:26:33', NULL, NULL, 0.00),
(809, 314, 5, 'Y', 185.00, '2016-10-22 13:26:33', NULL, NULL, 0.00),
(810, 314, 6, 'Y', 185.00, '2016-10-22 13:26:33', NULL, NULL, 0.00),
(811, 315, 1, 'Y', 120.00, '2016-10-22 13:27:01', NULL, NULL, 0.00),
(812, 315, 5, 'Y', 120.00, '2016-10-22 13:27:01', NULL, NULL, 0.00),
(813, 315, 6, 'Y', 120.00, '2016-10-22 13:27:01', NULL, NULL, 0.00),
(814, 316, 1, 'Y', 75.00, '2016-10-22 13:27:32', NULL, NULL, 0.00),
(815, 316, 5, 'Y', 75.00, '2016-10-22 13:27:32', '2016-10-26 10:17:56', NULL, 1.00),
(816, 316, 6, 'Y', 75.00, '2016-10-22 13:27:32', '2016-10-26 10:21:40', NULL, 0.30),
(817, 317, 1, 'Y', 70.00, '2016-10-22 13:28:08', NULL, NULL, 0.00),
(818, 317, 5, 'Y', 70.00, '2016-10-22 13:28:08', NULL, NULL, 0.00),
(819, 317, 6, 'Y', 70.00, '2016-10-22 13:28:08', NULL, NULL, 0.00),
(820, 318, 1, 'Y', 85.00, '2016-10-22 13:28:58', NULL, NULL, 0.00),
(821, 318, 5, 'Y', 85.00, '2016-10-22 13:28:58', NULL, NULL, 0.00),
(822, 318, 6, 'Y', 85.00, '2016-10-22 13:28:58', NULL, NULL, 0.00),
(823, 319, 1, 'Y', 85.00, '2016-10-22 13:29:47', NULL, NULL, 0.00),
(824, 319, 5, 'Y', 85.00, '2016-10-22 13:29:47', NULL, NULL, 0.00),
(825, 319, 6, 'Y', 85.00, '2016-10-22 13:29:47', NULL, NULL, 0.00),
(826, 320, 1, 'Y', 85.00, '2016-10-22 13:29:48', NULL, NULL, 0.00),
(827, 320, 5, 'Y', 85.00, '2016-10-22 13:29:48', NULL, NULL, 0.00),
(828, 320, 6, 'Y', 85.00, '2016-10-22 13:29:48', NULL, NULL, 0.00),
(829, 321, 1, 'Y', 90.00, '2016-10-22 13:30:23', NULL, NULL, 0.00),
(830, 321, 5, 'Y', 90.00, '2016-10-22 13:30:23', NULL, NULL, 0.00),
(831, 321, 6, 'Y', 90.00, '2016-10-22 13:30:23', NULL, NULL, 0.00),
(832, 322, 1, 'Y', 165.00, '2016-10-22 13:30:58', NULL, NULL, 0.00),
(833, 322, 5, 'Y', 165.00, '2016-10-22 13:30:58', NULL, NULL, 0.00),
(834, 322, 6, 'Y', 165.00, '2016-10-22 13:30:58', NULL, NULL, 0.00);

-- --------------------------------------------------------

--
-- Table structure for table `brand`
--

CREATE TABLE IF NOT EXISTS `brand` (
`brand_id` int(11) NOT NULL,
  `brand_name` varchar(50) DEFAULT NULL,
  `created` timestamp NOT NULL DEFAULT CURRENT_TIMESTAMP,
  `updated` datetime DEFAULT NULL,
  `deleted` datetime DEFAULT NULL
) ENGINE=InnoDB AUTO_INCREMENT=8 DEFAULT CHARSET=latin1;

--
-- Dumping data for table `brand`
--

INSERT INTO `brand` (`brand_id`, `brand_name`, `created`, `updated`, `deleted`) VALUES
(4, 'Saffron', '2016-09-30 15:50:47', NULL, NULL),
(5, 'Sankalp', '2016-09-30 15:51:25', NULL, NULL),
(6, 'Sam''s', '2016-10-04 05:37:28', NULL, NULL),
(7, 'Food court', '2016-10-04 08:35:38', '2016-10-04 10:35:53', NULL);

-- --------------------------------------------------------

--
-- Table structure for table `customer`
--

CREATE TABLE IF NOT EXISTS `customer` (
`customer_id` int(11) NOT NULL,
  `order_type` int(1) NOT NULL DEFAULT '1' COMMENT '1-table_order, 2-home_delivery, 3-parcel',
  `order_id` int(11) NOT NULL COMMENT 'ref from order tbl',
  `firstname` varchar(30) DEFAULT NULL,
  `lastname` varchar(30) DEFAULT NULL,
  `contact` varchar(20) DEFAULT NULL,
  `address` varchar(255) DEFAULT NULL,
  `email` varchar(100) DEFAULT NULL,
  `created` timestamp NOT NULL DEFAULT CURRENT_TIMESTAMP,
  `updated` datetime DEFAULT NULL,
  `deleted` datetime DEFAULT NULL
) ENGINE=InnoDB AUTO_INCREMENT=7 DEFAULT CHARSET=latin1;

--
-- Dumping data for table `customer`
--

INSERT INTO `customer` (`customer_id`, `order_type`, `order_id`, `firstname`, `lastname`, `contact`, `address`, `email`, `created`, `updated`, `deleted`) VALUES
(1, 1, 0, 'mmmmmmm', 'uu', 'yu', NULL, 'yi', '2016-09-03 13:23:12', NULL, '2016-10-06 07:18:36'),
(3, 1, 0, 'hhhhhh', 'uu', 'yu', NULL, 'yi', '2016-09-05 13:30:50', NULL, '2016-10-06 07:18:40'),
(4, 1, 0, 'kkkkkk', 'uu', 'yu', NULL, 'yi', '2016-09-05 13:46:05', NULL, '2016-10-06 07:18:44'),
(5, 1, 1, 'dev', 'd', '7878898098', NULL, 'dev@gmail.com', '2016-09-08 12:56:24', NULL, '2016-10-07 21:08:27'),
(6, 2, 2, 'dev', 'd', '7878898098', NULL, 'dev@gmail.com', '2016-09-08 13:14:33', NULL, '2016-10-07 21:08:31');

-- --------------------------------------------------------

--
-- Table structure for table `location`
--

CREATE TABLE IF NOT EXISTS `location` (
`location_id` int(11) NOT NULL,
  `name` varchar(30) NOT NULL,
  `location_type` tinyint(1) NOT NULL COMMENT '0:country,1:state,2:city',
  `parent_id` int(11) NOT NULL COMMENT 'parent location_id',
  `is_visible` tinyint(1) NOT NULL COMMENT '0:visible,1:invisible'
) ENGINE=MyISAM AUTO_INCREMENT=6178 DEFAULT CHARSET=utf8;

--
-- Dumping data for table `location`
--

INSERT INTO `location` (`location_id`, `name`, `location_type`, `parent_id`, `is_visible`) VALUES
(1, 'Aruba', 0, 0, 0),
(2, 'Afghanistan', 0, 0, 0),
(3, 'Angola', 0, 0, 0),
(4, 'Anguilla', 0, 0, 0),
(5, 'Albania', 0, 0, 0),
(6, 'Andorra', 0, 0, 0),
(7, 'Netherlands Antilles', 0, 0, 0),
(8, 'United Arab Emirates', 0, 0, 0),
(9, 'Argentina', 0, 0, 0),
(10, 'Armenia', 0, 0, 0),
(11, 'American Samoa', 0, 0, 0),
(12, 'Antarctica', 0, 0, 0),
(13, 'French Southern territories', 0, 0, 0),
(14, 'Antigua and Barbuda', 0, 0, 0),
(15, 'Australia', 0, 0, 0),
(16, 'Austria', 0, 0, 0),
(17, 'Azerbaijan', 0, 0, 0),
(18, 'Burundi', 0, 0, 0),
(19, 'Belgium', 0, 0, 0),
(20, 'Benin', 0, 0, 0),
(21, 'Burkina Faso', 0, 0, 0),
(22, 'Bangladesh', 0, 0, 0),
(23, 'Bulgaria', 0, 0, 0),
(24, 'Bahrain', 0, 0, 0),
(25, 'Bahamas', 0, 0, 0),
(26, 'Bosnia and Herzegovina', 0, 0, 0),
(27, 'Belarus', 0, 0, 0),
(28, 'Belize', 0, 0, 0),
(29, 'Bermuda', 0, 0, 0),
(30, 'Bolivia', 0, 0, 0),
(31, 'Brazil', 0, 0, 0),
(32, 'Barbados', 0, 0, 0),
(33, 'Brunei', 0, 0, 0),
(34, 'Bhutan', 0, 0, 0),
(35, 'Bouvet Island', 0, 0, 0),
(36, 'Botswana', 0, 0, 0),
(37, 'Central African Republic', 0, 0, 0),
(38, 'Canada', 0, 0, 0),
(39, 'Cocos (Keeling) Islands', 0, 0, 0),
(40, 'Switzerland', 0, 0, 0),
(41, 'Chile', 0, 0, 0),
(42, 'China', 0, 0, 0),
(43, 'Cte dIvoire', 0, 0, 0),
(44, 'Cameroon', 0, 0, 0),
(45, 'Congo, The Democratic Republic', 0, 0, 0),
(46, 'Congo', 0, 0, 0),
(47, 'Cook Islands', 0, 0, 0),
(48, 'Colombia', 0, 0, 0),
(49, 'Comoros', 0, 0, 0),
(50, 'Cape Verde', 0, 0, 0),
(51, 'Costa Rica', 0, 0, 0),
(52, 'Cuba', 0, 0, 0),
(53, 'Christmas Island', 0, 0, 0),
(54, 'Cayman Islands', 0, 0, 0),
(55, 'Cyprus', 0, 0, 0),
(56, 'Czech Republic', 0, 0, 0),
(57, 'Germany', 0, 0, 0),
(58, 'Djibouti', 0, 0, 0),
(59, 'Dominica', 0, 0, 0),
(60, 'Denmark', 0, 0, 0),
(61, 'Dominican Republic', 0, 0, 0),
(62, 'Algeria', 0, 0, 0),
(63, 'Ecuador', 0, 0, 0),
(64, 'Egypt', 0, 0, 0),
(65, 'Eritrea', 0, 0, 0),
(66, 'Western Sahara', 0, 0, 0),
(67, 'Spain', 0, 0, 0),
(68, 'Estonia', 0, 0, 0),
(69, 'Ethiopia', 0, 0, 0),
(70, 'Finland', 0, 0, 0),
(71, 'Fiji Islands', 0, 0, 0),
(72, 'Falkland Islands', 0, 0, 0),
(73, 'France', 0, 0, 0),
(74, 'Faroe Islands', 0, 0, 0),
(75, 'Micronesia, Federated States o', 0, 0, 0),
(76, 'Gabon', 0, 0, 0),
(77, 'United Kingdom', 0, 0, 0),
(78, 'Georgia', 0, 0, 0),
(79, 'Ghana', 0, 0, 0),
(80, 'Gibraltar', 0, 0, 0),
(81, 'Guinea', 0, 0, 0),
(82, 'Guadeloupe', 0, 0, 0),
(83, 'Gambia', 0, 0, 0),
(84, 'Guinea-Bissau', 0, 0, 0),
(85, 'Equatorial Guinea', 0, 0, 0),
(86, 'Greece', 0, 0, 0),
(87, 'Grenada', 0, 0, 0),
(88, 'Greenland', 0, 0, 0),
(89, 'Guatemala', 0, 0, 0),
(90, 'French Guiana', 0, 0, 0),
(91, 'Guam', 0, 0, 0),
(92, 'Guyana', 0, 0, 0),
(93, 'Hong Kong', 0, 0, 0),
(94, 'Heard Island and McDonald Isla', 0, 0, 0),
(95, 'Honduras', 0, 0, 0),
(96, 'Croatia', 0, 0, 0),
(97, 'Haiti', 0, 0, 0),
(98, 'Hungary', 0, 0, 0),
(99, 'Indonesia', 0, 0, 0),
(100, 'India', 0, 0, 0),
(101, 'British Indian Ocean Territory', 0, 0, 0),
(102, 'Ireland', 0, 0, 0),
(103, 'Iran', 0, 0, 0),
(104, 'Iraq', 0, 0, 0),
(105, 'Iceland', 0, 0, 0),
(106, 'Israel', 0, 0, 0),
(107, 'Italy', 0, 0, 0),
(108, 'Jamaica', 0, 0, 0),
(109, 'Jordan', 0, 0, 0),
(110, 'Japan', 0, 0, 0),
(111, 'Kazakstan', 0, 0, 0),
(112, 'Kenya', 0, 0, 0),
(113, 'Kyrgyzstan', 0, 0, 0),
(114, 'Cambodia', 0, 0, 0),
(115, 'Kiribati', 0, 0, 0),
(116, 'Saint Kitts and Nevis', 0, 0, 0),
(117, 'South Korea', 0, 0, 0),
(118, 'Kuwait', 0, 0, 0),
(119, 'Laos', 0, 0, 0),
(120, 'Lebanon', 0, 0, 0),
(121, 'Liberia', 0, 0, 0),
(122, 'Libyan Arab Jamahiriya', 0, 0, 0),
(123, 'Saint Lucia', 0, 0, 0),
(124, 'Liechtenstein', 0, 0, 0),
(125, 'Sri Lanka', 0, 0, 0),
(126, 'Lesotho', 0, 0, 0),
(127, 'Lithuania', 0, 0, 0),
(128, 'Luxembourg', 0, 0, 0),
(129, 'Latvia', 0, 0, 0),
(130, 'Macao', 0, 0, 0),
(131, 'Morocco', 0, 0, 0),
(132, 'Monaco', 0, 0, 0),
(133, 'Moldova', 0, 0, 0),
(134, 'Madagascar', 0, 0, 0),
(135, 'Maldives', 0, 0, 0),
(136, 'Mexico', 0, 0, 0),
(137, 'Marshall Islands', 0, 0, 0),
(138, 'Macedonia', 0, 0, 0),
(139, 'Mali', 0, 0, 0),
(140, 'Malta', 0, 0, 0),
(141, 'Myanmar', 0, 0, 0),
(142, 'Mongolia', 0, 0, 0),
(143, 'Northern Mariana Islands', 0, 0, 0),
(144, 'Mozambique', 0, 0, 0),
(145, 'Mauritania', 0, 0, 0),
(146, 'Montserrat', 0, 0, 0),
(147, 'Martinique', 0, 0, 0),
(148, 'Mauritius', 0, 0, 0),
(149, 'Malawi', 0, 0, 0),
(150, 'Malaysia', 0, 0, 0),
(151, 'Mayotte', 0, 0, 0),
(152, 'Namibia', 0, 0, 0),
(153, 'New Caledonia', 0, 0, 0),
(154, 'Niger', 0, 0, 0),
(155, 'Norfolk Island', 0, 0, 0),
(156, 'Nigeria', 0, 0, 0),
(157, 'Nicaragua', 0, 0, 0),
(158, 'Niue', 0, 0, 0),
(159, 'Netherlands', 0, 0, 0),
(160, 'Norway', 0, 0, 0),
(161, 'Nepal', 0, 0, 0),
(162, 'Nauru', 0, 0, 0),
(163, 'New Zealand', 0, 0, 0),
(164, 'Oman', 0, 0, 0),
(165, 'Pakistan', 0, 0, 0),
(166, 'Panama', 0, 0, 0),
(167, 'Pitcairn', 0, 0, 0),
(168, 'Peru', 0, 0, 0),
(169, 'Philippines', 0, 0, 0),
(170, 'Palau', 0, 0, 0),
(171, 'Papua New Guinea', 0, 0, 0),
(172, 'Poland', 0, 0, 0),
(173, 'Puerto Rico', 0, 0, 0),
(174, 'North Korea', 0, 0, 0),
(175, 'Portugal', 0, 0, 0),
(176, 'Paraguay', 0, 0, 0),
(177, 'Palestine', 0, 0, 0),
(178, 'French Polynesia', 0, 0, 0),
(179, 'Qatar', 0, 0, 0),
(180, 'Runion', 0, 0, 0),
(181, 'Romania', 0, 0, 0),
(182, 'Russian Federation', 0, 0, 0),
(183, 'Rwanda', 0, 0, 0),
(184, 'Saudi Arabia', 0, 0, 0),
(185, 'Sudan', 0, 0, 0),
(186, 'Senegal', 0, 0, 0),
(187, 'Singapore', 0, 0, 0),
(188, 'South Georgia and the South Sa', 0, 0, 0),
(189, 'Saint Helena', 0, 0, 0),
(190, 'Svalbard and Jan Mayen', 0, 0, 0),
(191, 'Solomon Islands', 0, 0, 0),
(192, 'Sierra Leone', 0, 0, 0),
(193, 'El Salvador', 0, 0, 0),
(194, 'San Marino', 0, 0, 0),
(195, 'Somalia', 0, 0, 0),
(196, 'Saint Pierre and Miquelon', 0, 0, 0),
(197, 'Sao Tome and Principe', 0, 0, 0),
(198, 'Suriname', 0, 0, 0),
(199, 'Slovakia', 0, 0, 0),
(200, 'Slovenia', 0, 0, 0),
(201, 'Sweden', 0, 0, 0),
(202, 'Swaziland', 0, 0, 0),
(203, 'Seychelles', 0, 0, 0),
(204, 'Syria', 0, 0, 0),
(205, 'Turks and Caicos Islands', 0, 0, 0),
(206, 'Chad', 0, 0, 0),
(207, 'Togo', 0, 0, 0),
(208, 'Thailand', 0, 0, 0),
(209, 'Tajikistan', 0, 0, 0),
(210, 'Tokelau', 0, 0, 0),
(211, 'Turkmenistan', 0, 0, 0),
(212, 'East Timor', 0, 0, 0),
(213, 'Tonga', 0, 0, 0),
(214, 'Trinidad and Tobago', 0, 0, 0),
(215, 'Tunisia', 0, 0, 0),
(216, 'Turkey', 0, 0, 0),
(217, 'Tuvalu', 0, 0, 0),
(218, 'Taiwan', 0, 0, 0),
(219, 'Tanzania', 0, 0, 0),
(220, 'Uganda', 0, 0, 0),
(221, 'Ukraine', 0, 0, 0),
(222, 'United States Minor Outlying I', 0, 0, 0),
(223, 'Uruguay', 0, 0, 0),
(224, 'United States', 0, 0, 0),
(225, 'Uzbekistan', 0, 0, 0),
(226, 'Holy See (Vatican City State)', 0, 0, 0),
(227, 'Saint Vincent and the Grenadin', 0, 0, 0),
(228, 'Venezuela', 0, 0, 0),
(229, 'Virgin Islands, British', 0, 0, 0),
(230, 'Virgin Islands, U.S.', 0, 0, 0),
(231, 'Vietnam', 0, 0, 0),
(232, 'Vanuatu', 0, 0, 0),
(233, 'Wallis and Futuna', 0, 0, 0),
(234, 'Samoa', 0, 0, 0),
(235, 'Yemen', 0, 0, 0),
(236, 'Yugoslavia', 0, 0, 0),
(237, 'South Africa', 0, 0, 0),
(238, 'Zambia', 0, 0, 0),
(239, 'Zimbabwe', 0, 0, 0),
(240, '', 1, 1, 0),
(241, 'Balkh', 1, 2, 0),
(242, 'Herat', 1, 2, 0),
(243, 'Kabol', 1, 2, 0),
(244, 'Qandahar', 1, 2, 0),
(245, 'Benguela', 1, 3, 0),
(246, 'Huambo', 1, 3, 0),
(247, 'Luanda', 1, 3, 0),
(248, 'Namibe', 1, 3, 0),
(249, '', 1, 4, 0),
(250, 'Tirana', 1, 5, 0),
(251, 'Andorra la Vella', 1, 6, 0),
(252, 'Curaao', 1, 7, 0),
(253, 'Abu Dhabi', 1, 8, 0),
(254, 'Ajman', 1, 8, 0),
(255, 'Dubai', 1, 8, 0),
(256, 'Sharja', 1, 8, 0),
(257, 'Buenos Aires', 1, 9, 0),
(258, 'Catamarca', 1, 9, 0),
(259, 'Crdoba', 1, 9, 0),
(260, 'Chaco', 1, 9, 0),
(261, 'Chubut', 1, 9, 0),
(262, 'Corrientes', 1, 9, 0),
(263, 'Distrito Federal', 1, 9, 0),
(264, 'Entre Rios', 1, 9, 0),
(265, 'Formosa', 1, 9, 0),
(266, 'Jujuy', 1, 9, 0),
(267, 'La Rioja', 1, 9, 0),
(268, 'Mendoza', 1, 9, 0),
(269, 'Misiones', 1, 9, 0),
(270, 'Neuqun', 1, 9, 0),
(271, 'Salta', 1, 9, 0),
(272, 'San Juan', 1, 9, 0),
(273, 'San Luis', 1, 9, 0),
(274, 'Santa F', 1, 9, 0),
(275, 'Santiago del Estero', 1, 9, 0),
(276, 'Tucumn', 1, 9, 0),
(277, 'Lori', 1, 10, 0),
(278, 'Yerevan', 1, 10, 0),
(279, 'irak', 1, 10, 0),
(280, 'Tutuila', 1, 11, 0),
(281, 'St John', 1, 14, 0),
(282, 'Capital Region', 1, 15, 0),
(283, 'New South Wales', 1, 15, 0),
(284, 'Queensland', 1, 15, 0),
(285, 'South Australia', 1, 15, 0),
(286, 'Tasmania', 1, 15, 0),
(287, 'Victoria', 1, 15, 0),
(288, 'West Australia', 1, 15, 0),
(289, 'Krnten', 1, 16, 0),
(290, 'North Austria', 1, 16, 0),
(291, 'Salzburg', 1, 16, 0),
(292, 'Steiermark', 1, 16, 0),
(293, 'Tiroli', 1, 16, 0),
(294, 'Wien', 1, 16, 0),
(295, 'Baki', 1, 17, 0),
(296, 'Gnc', 1, 17, 0),
(297, 'Mingevir', 1, 17, 0),
(298, 'Sumqayit', 1, 17, 0),
(299, 'Bujumbura', 1, 18, 0),
(300, 'Antwerpen', 1, 19, 0),
(301, 'Bryssel', 1, 19, 0),
(302, 'East Flanderi', 1, 19, 0),
(303, 'Hainaut', 1, 19, 0),
(304, 'Lige', 1, 19, 0),
(305, 'Namur', 1, 19, 0),
(306, 'West Flanderi', 1, 19, 0),
(307, 'Atacora', 1, 20, 0),
(308, 'Atlantique', 1, 20, 0),
(309, 'Borgou', 1, 20, 0),
(310, 'Oum', 1, 20, 0),
(311, 'Boulkiemd', 1, 21, 0),
(312, 'Houet', 1, 21, 0),
(313, 'Kadiogo', 1, 21, 0),
(314, 'Barisal', 1, 22, 0),
(315, 'Chittagong', 1, 22, 0),
(316, 'Dhaka', 1, 22, 0),
(317, 'Khulna', 1, 22, 0),
(318, 'Rajshahi', 1, 22, 0),
(319, 'Sylhet', 1, 22, 0),
(320, 'Burgas', 1, 23, 0),
(321, 'Grad Sofija', 1, 23, 0),
(322, 'Haskovo', 1, 23, 0),
(323, 'Lovec', 1, 23, 0),
(324, 'Plovdiv', 1, 23, 0),
(325, 'Ruse', 1, 23, 0),
(326, 'Varna', 1, 23, 0),
(327, 'al-Manama', 1, 24, 0),
(328, 'New Providence', 1, 25, 0),
(329, 'Federaatio', 1, 26, 0),
(330, 'Republika Srpska', 1, 26, 0),
(331, 'Brest', 1, 27, 0),
(332, 'Gomel', 1, 27, 0),
(333, 'Grodno', 1, 27, 0),
(334, 'Horad Minsk', 1, 27, 0),
(335, 'Minsk', 1, 27, 0),
(336, 'Mogiljov', 1, 27, 0),
(337, 'Vitebsk', 1, 27, 0),
(338, 'Belize City', 1, 28, 0),
(339, 'Cayo', 1, 28, 0),
(340, 'Hamilton', 1, 29, 0),
(341, 'Saint Georges', 1, 29, 0),
(342, 'Chuquisaca', 1, 30, 0),
(343, 'Cochabamba', 1, 30, 0),
(344, 'La Paz', 1, 30, 0),
(345, 'Oruro', 1, 30, 0),
(346, 'Potos', 1, 30, 0),
(347, 'Santa Cruz', 1, 30, 0),
(348, 'Tarija', 1, 30, 0),
(349, 'Acre', 1, 31, 0),
(350, 'Alagoas', 1, 31, 0),
(351, 'Amap', 1, 31, 0),
(352, 'Amazonas', 1, 31, 0),
(353, 'Bahia', 1, 31, 0),
(354, 'Cear', 1, 31, 0),
(355, 'Distrito Federal', 1, 31, 0),
(356, 'Esprito Santo', 1, 31, 0),
(357, 'Gois', 1, 31, 0),
(358, 'Maranho', 1, 31, 0),
(359, 'Mato Grosso', 1, 31, 0),
(360, 'Mato Grosso do Sul', 1, 31, 0),
(361, 'Minas Gerais', 1, 31, 0),
(362, 'Paraba', 1, 31, 0),
(363, 'Paran', 1, 31, 0),
(364, 'Par', 1, 31, 0),
(365, 'Pernambuco', 1, 31, 0),
(366, 'Piau', 1, 31, 0),
(367, 'Rio de Janeiro', 1, 31, 0),
(368, 'Rio Grande do Norte', 1, 31, 0),
(369, 'Rio Grande do Sul', 1, 31, 0),
(370, 'Rondnia', 1, 31, 0),
(371, 'Roraima', 1, 31, 0),
(372, 'Santa Catarina', 1, 31, 0),
(373, 'So Paulo', 1, 31, 0),
(374, 'Sergipe', 1, 31, 0),
(375, 'Tocantins', 1, 31, 0),
(376, 'St Michael', 1, 32, 0),
(377, 'Brunei and Muara', 1, 33, 0),
(378, 'Thimphu', 1, 34, 0),
(379, 'Francistown', 1, 36, 0),
(380, 'Gaborone', 1, 36, 0),
(381, 'Bangui', 1, 37, 0),
(382, 'Alberta', 1, 38, 0),
(383, 'British Colombia', 1, 38, 0),
(384, 'Manitoba', 1, 38, 0),
(385, 'Newfoundland', 1, 38, 0),
(386, 'Nova Scotia', 1, 38, 0),
(387, 'Ontario', 1, 38, 0),
(388, 'Qubec', 1, 38, 0),
(389, 'Saskatchewan', 1, 38, 0),
(390, 'Home Island', 1, 39, 0),
(391, 'West Island', 1, 39, 0),
(392, 'Basel-Stadt', 1, 40, 0),
(393, 'Bern', 1, 40, 0),
(394, 'Geneve', 1, 40, 0),
(395, 'Vaud', 1, 40, 0),
(396, 'Zrich', 1, 40, 0),
(397, 'Antofagasta', 1, 41, 0),
(398, 'Atacama', 1, 41, 0),
(399, 'Bobo', 1, 41, 0),
(400, 'Coquimbo', 1, 41, 0),
(401, 'La Araucana', 1, 41, 0),
(402, 'Los Lagos', 1, 41, 0),
(403, 'Magallanes', 1, 41, 0),
(404, 'Maule', 1, 41, 0),
(405, 'OHiggins', 1, 41, 0),
(406, 'Santiago', 1, 41, 0),
(407, 'Tarapac', 1, 41, 0),
(408, 'Valparaso', 1, 41, 0),
(409, 'Anhui', 1, 42, 0),
(410, 'Chongqing', 1, 42, 0),
(411, 'Fujian', 1, 42, 0),
(412, 'Gansu', 1, 42, 0),
(413, 'Guangdong', 1, 42, 0),
(414, 'Guangxi', 1, 42, 0),
(415, 'Guizhou', 1, 42, 0),
(416, 'Hainan', 1, 42, 0),
(417, 'Hebei', 1, 42, 0),
(418, 'Heilongjiang', 1, 42, 0),
(419, 'Henan', 1, 42, 0),
(420, 'Hubei', 1, 42, 0),
(421, 'Hunan', 1, 42, 0),
(422, 'Inner Mongolia', 1, 42, 0),
(423, 'Jiangsu', 1, 42, 0),
(424, 'Jiangxi', 1, 42, 0),
(425, 'Jilin', 1, 42, 0),
(426, 'Liaoning', 1, 42, 0),
(427, 'Ningxia', 1, 42, 0),
(428, 'Peking', 1, 42, 0),
(429, 'Qinghai', 1, 42, 0),
(430, 'Shaanxi', 1, 42, 0),
(431, 'Shandong', 1, 42, 0),
(432, 'Shanghai', 1, 42, 0),
(433, 'Shanxi', 1, 42, 0),
(434, 'Sichuan', 1, 42, 0),
(435, 'Tianjin', 1, 42, 0),
(436, 'Tibet', 1, 42, 0),
(437, 'Xinxiang', 1, 42, 0),
(438, 'Yunnan', 1, 42, 0),
(439, 'Zhejiang', 1, 42, 0),
(440, 'Abidjan', 1, 43, 0),
(441, 'Bouak', 1, 43, 0),
(442, 'Daloa', 1, 43, 0),
(443, 'Korhogo', 1, 43, 0),
(444, 'Yamoussoukro', 1, 43, 0),
(445, 'Centre', 1, 44, 0),
(446, 'Extrme-Nord', 1, 44, 0),
(447, 'Littoral', 1, 44, 0),
(448, 'Nord', 1, 44, 0),
(449, 'Nord-Ouest', 1, 44, 0),
(450, 'Ouest', 1, 44, 0),
(451, 'Bandundu', 1, 0, 0),
(452, 'Bas-Zare', 1, 0, 0),
(453, 'East Kasai', 1, 0, 0),
(454, 'Equateur', 1, 0, 0),
(455, 'Haute-Zare', 1, 0, 0),
(456, 'Kinshasa', 1, 0, 0),
(457, 'North Kivu', 1, 0, 0),
(458, 'Shaba', 1, 0, 0),
(459, 'South Kivu', 1, 0, 0),
(460, 'West Kasai', 1, 0, 0),
(461, 'Brazzaville', 1, 46, 0),
(462, 'Kouilou', 1, 46, 0),
(463, 'Rarotonga', 1, 47, 0),
(464, 'Antioquia', 1, 48, 0),
(465, 'Atlntico', 1, 48, 0),
(466, 'Bolvar', 1, 48, 0),
(467, 'Boyac', 1, 48, 0),
(468, 'Caldas', 1, 48, 0),
(469, 'Caquet', 1, 48, 0),
(470, 'Cauca', 1, 48, 0),
(471, 'Crdoba', 1, 48, 0),
(472, 'Cesar', 1, 48, 0),
(473, 'Cundinamarca', 1, 48, 0),
(474, 'Huila', 1, 48, 0),
(475, 'La Guajira', 1, 48, 0),
(476, 'Magdalena', 1, 48, 0),
(477, 'Meta', 1, 48, 0),
(478, 'Nario', 1, 48, 0),
(479, 'Norte de Santander', 1, 48, 0),
(480, 'Quindo', 1, 48, 0),
(481, 'Risaralda', 1, 48, 0),
(482, 'Santaf de Bogot', 1, 48, 0),
(483, 'Santander', 1, 48, 0),
(484, 'Sucre', 1, 48, 0),
(485, 'Tolima', 1, 48, 0),
(486, 'Valle', 1, 48, 0),
(487, 'Njazidja', 1, 49, 0),
(488, 'So Tiago', 1, 50, 0),
(489, 'San Jos', 1, 51, 0),
(490, 'Camagey', 1, 52, 0),
(491, 'Ciego de vila', 1, 52, 0),
(492, 'Cienfuegos', 1, 52, 0),
(493, 'Granma', 1, 52, 0),
(494, 'Guantnamo', 1, 52, 0),
(495, 'Holgun', 1, 52, 0),
(496, 'La Habana', 1, 52, 0),
(497, 'Las Tunas', 1, 52, 0),
(498, 'Matanzas', 1, 52, 0),
(499, 'Pinar del Ro', 1, 52, 0),
(500, 'Sancti-Spritus', 1, 52, 0),
(501, 'Santiago de Cuba', 1, 52, 0),
(502, 'Villa Clara', 1, 52, 0),
(503, '', 1, 53, 0),
(504, 'Grand Cayman', 1, 54, 0),
(505, 'Limassol', 1, 55, 0),
(506, 'Nicosia', 1, 55, 0),
(507, 'Hlavn mesto Praha', 1, 56, 0),
(508, 'Jizn Cechy', 1, 56, 0),
(509, 'Jizn Morava', 1, 56, 0),
(510, 'Severn Cechy', 1, 56, 0),
(511, 'Severn Morava', 1, 56, 0),
(512, 'Vchodn Cechy', 1, 56, 0),
(513, 'Zapadn Cechy', 1, 56, 0),
(514, 'Anhalt Sachsen', 1, 57, 0),
(515, 'Baden-Wrttemberg', 1, 57, 0),
(516, 'Baijeri', 1, 57, 0),
(517, 'Berliini', 1, 57, 0),
(518, 'Brandenburg', 1, 57, 0),
(519, 'Bremen', 1, 57, 0),
(520, 'Hamburg', 1, 57, 0),
(521, 'Hessen', 1, 57, 0),
(522, 'Mecklenburg-Vorpomme', 1, 57, 0),
(523, 'Niedersachsen', 1, 57, 0),
(524, 'Nordrhein-Westfalen', 1, 57, 0),
(525, 'Rheinland-Pfalz', 1, 57, 0),
(526, 'Saarland', 1, 57, 0),
(527, 'Saksi', 1, 57, 0),
(528, 'Schleswig-Holstein', 1, 57, 0),
(529, 'Thringen', 1, 57, 0),
(530, 'Djibouti', 1, 58, 0),
(531, 'St George', 1, 59, 0),
(532, 'rhus', 1, 60, 0),
(533, 'Frederiksberg', 1, 60, 0),
(534, 'Fyn', 1, 60, 0),
(535, 'Kbenhavn', 1, 60, 0),
(536, 'Nordjylland', 1, 60, 0),
(537, 'Distrito Nacional', 1, 61, 0),
(538, 'Duarte', 1, 61, 0),
(539, 'La Romana', 1, 61, 0),
(540, 'Puerto Plata', 1, 61, 0),
(541, 'San Pedro de Macor', 1, 61, 0),
(542, 'Santiago', 1, 61, 0),
(543, 'Alger', 1, 62, 0),
(544, 'Annaba', 1, 62, 0),
(545, 'Batna', 1, 62, 0),
(546, 'Bchar', 1, 62, 0),
(547, 'Bjaa', 1, 62, 0),
(548, 'Biskra', 1, 62, 0),
(549, 'Blida', 1, 62, 0),
(550, 'Chlef', 1, 62, 0),
(551, 'Constantine', 1, 62, 0),
(552, 'Ghardaa', 1, 62, 0),
(553, 'Mostaganem', 1, 62, 0),
(554, 'Oran', 1, 62, 0),
(555, 'Stif', 1, 62, 0),
(556, 'Sidi Bel Abbs', 1, 62, 0),
(557, 'Skikda', 1, 62, 0),
(558, 'Tbessa', 1, 62, 0),
(559, 'Tiaret', 1, 62, 0),
(560, 'Tlemcen', 1, 62, 0),
(561, 'Azuay', 1, 63, 0),
(562, 'Chimborazo', 1, 63, 0),
(563, 'El Oro', 1, 63, 0),
(564, 'Esmeraldas', 1, 63, 0),
(565, 'Guayas', 1, 63, 0),
(566, 'Imbabura', 1, 63, 0),
(567, 'Loja', 1, 63, 0),
(568, 'Los Ros', 1, 63, 0),
(569, 'Manab', 1, 63, 0),
(570, 'Pichincha', 1, 63, 0),
(571, 'Tungurahua', 1, 63, 0),
(572, 'al-Buhayra', 1, 64, 0),
(573, 'al-Daqahliya', 1, 64, 0),
(574, 'al-Faiyum', 1, 64, 0),
(575, 'al-Gharbiya', 1, 64, 0),
(576, 'al-Minufiya', 1, 64, 0),
(577, 'al-Minya', 1, 64, 0),
(578, 'al-Qalyubiya', 1, 64, 0),
(579, 'al-Sharqiya', 1, 64, 0),
(580, 'Aleksandria', 1, 64, 0),
(581, 'Assuan', 1, 64, 0),
(582, 'Asyut', 1, 64, 0),
(583, 'Bani Suwayf', 1, 64, 0),
(584, 'Giza', 1, 64, 0),
(585, 'Ismailia', 1, 64, 0),
(586, 'Kafr al-Shaykh', 1, 64, 0),
(587, 'Kairo', 1, 64, 0),
(588, 'Luxor', 1, 64, 0),
(589, 'Port Said', 1, 64, 0),
(590, 'Qina', 1, 64, 0),
(591, 'Sawhaj', 1, 64, 0),
(592, 'Shamal Sina', 1, 64, 0),
(593, 'Suez', 1, 64, 0),
(594, 'Maekel', 1, 65, 0),
(595, 'El-Aain', 1, 66, 0),
(596, 'Andalusia', 1, 67, 0),
(597, 'Aragonia', 1, 67, 0),
(598, 'Asturia', 1, 67, 0),
(599, 'Balears', 1, 67, 0),
(600, 'Baskimaa', 1, 67, 0),
(601, 'Canary Islands', 1, 67, 0),
(602, 'Cantabria', 1, 67, 0),
(603, 'Castilla and Len', 1, 67, 0),
(604, 'Extremadura', 1, 67, 0),
(605, 'Galicia', 1, 67, 0),
(606, 'Kastilia-La Mancha', 1, 67, 0),
(607, 'Katalonia', 1, 67, 0),
(608, 'La Rioja', 1, 67, 0),
(609, 'Madrid', 1, 67, 0),
(610, 'Murcia', 1, 67, 0),
(611, 'Navarra', 1, 67, 0),
(612, 'Valencia', 1, 67, 0),
(613, 'Harjumaa', 1, 68, 0),
(614, 'Tartumaa', 1, 68, 0),
(615, 'Addis Abeba', 1, 69, 0),
(616, 'Amhara', 1, 69, 0),
(617, 'Dire Dawa', 1, 69, 0),
(618, 'Oromia', 1, 69, 0),
(619, 'Tigray', 1, 69, 0),
(620, 'Newmaa', 1, 70, 0),
(621, 'Pijt-Hme', 1, 70, 0),
(622, 'Pirkanmaa', 1, 70, 0),
(623, 'Pohjois-Pohjanmaa', 1, 70, 0),
(624, 'Varsinais-Suomi', 1, 70, 0),
(625, 'Central', 1, 71, 0),
(626, 'East Falkland', 1, 72, 0),
(627, 'Alsace', 1, 73, 0),
(628, 'Aquitaine', 1, 73, 0),
(629, 'Auvergne', 1, 73, 0),
(630, 'le-de-France', 1, 73, 0),
(631, 'Basse-Normandie', 1, 73, 0),
(632, 'Bourgogne', 1, 73, 0),
(633, 'Bretagne', 1, 73, 0),
(634, 'Centre', 1, 73, 0),
(635, 'Champagne-Ardenne', 1, 73, 0),
(636, 'Franche-Comt', 1, 73, 0),
(637, 'Haute-Normandie', 1, 73, 0),
(638, 'Languedoc-Roussillon', 1, 73, 0),
(639, 'Limousin', 1, 73, 0),
(640, 'Lorraine', 1, 73, 0),
(641, 'Midi-Pyrnes', 1, 73, 0),
(642, 'Nord-Pas-de-Calais', 1, 73, 0),
(643, 'Pays de la Loire', 1, 73, 0),
(644, 'Picardie', 1, 73, 0),
(645, 'Provence-Alpes-Cte', 1, 73, 0),
(646, 'Rhne-Alpes', 1, 73, 0),
(647, 'Streymoyar', 1, 74, 0),
(648, 'Chuuk', 1, 0, 0),
(649, 'Pohnpei', 1, 0, 0),
(650, 'Estuaire', 1, 76, 0),
(651, '', 1, 77, 0),
(652, 'England', 1, 77, 0),
(653, 'Jersey', 1, 77, 0),
(654, 'North Ireland', 1, 77, 0),
(655, 'Scotland', 1, 77, 0),
(656, 'Wales', 1, 77, 0),
(657, 'Abhasia [Aphazeti]', 1, 78, 0),
(658, 'Adzaria [Atara]', 1, 78, 0),
(659, 'Imereti', 1, 78, 0),
(660, 'Kvemo Kartli', 1, 78, 0),
(661, 'Tbilisi', 1, 78, 0),
(662, 'Ashanti', 1, 79, 0),
(663, 'Greater Accra', 1, 79, 0),
(664, 'Northern', 1, 79, 0),
(665, 'Western', 1, 79, 0),
(666, '', 1, 80, 0),
(667, 'Conakry', 1, 81, 0),
(668, 'Basse-Terre', 1, 82, 0),
(669, 'Grande-Terre', 1, 82, 0),
(670, 'Banjul', 1, 83, 0),
(671, 'Kombo St Mary', 1, 83, 0),
(672, 'Bissau', 1, 84, 0),
(673, 'Bioko', 1, 85, 0),
(674, 'Attika', 1, 86, 0),
(675, 'Central Macedonia', 1, 86, 0),
(676, 'Crete', 1, 86, 0),
(677, 'Thessalia', 1, 86, 0),
(678, 'West Greece', 1, 86, 0),
(679, 'St George', 1, 87, 0),
(680, 'Kitaa', 1, 88, 0),
(681, 'Guatemala', 1, 89, 0),
(682, 'Quetzaltenango', 1, 89, 0),
(683, 'Cayenne', 1, 90, 0),
(684, '', 1, 91, 0),
(685, 'Georgetown', 1, 92, 0),
(686, 'Hongkong', 1, 93, 0),
(687, 'Kowloon and New Kowl', 1, 93, 0),
(688, 'Atlntida', 1, 95, 0),
(689, 'Corts', 1, 95, 0),
(690, 'Distrito Central', 1, 95, 0),
(691, 'Grad Zagreb', 1, 96, 0),
(692, 'Osijek-Baranja', 1, 96, 0),
(693, 'Primorje-Gorski Kota', 1, 96, 0),
(694, 'Split-Dalmatia', 1, 96, 0),
(695, 'Nord', 1, 97, 0),
(696, 'Ouest', 1, 97, 0),
(697, 'Baranya', 1, 98, 0),
(698, 'Bcs-Kiskun', 1, 98, 0),
(699, 'Borsod-Abaj-Zempl', 1, 98, 0),
(700, 'Budapest', 1, 98, 0),
(701, 'Csongrd', 1, 98, 0),
(702, 'Fejr', 1, 98, 0),
(703, 'Gyr-Moson-Sopron', 1, 98, 0),
(704, 'Hajd-Bihar', 1, 98, 0),
(705, 'Szabolcs-Szatmr-Be', 1, 98, 0),
(706, 'Aceh', 1, 99, 0),
(707, 'Bali', 1, 99, 0),
(708, 'Bengkulu', 1, 99, 0),
(709, 'Central Java', 1, 99, 0),
(710, 'East Java', 1, 99, 0),
(711, 'Jakarta Raya', 1, 99, 0),
(712, 'Jambi', 1, 99, 0),
(713, 'Kalimantan Barat', 1, 99, 0),
(714, 'Kalimantan Selatan', 1, 99, 0),
(715, 'Kalimantan Tengah', 1, 99, 0),
(716, 'Kalimantan Timur', 1, 99, 0),
(717, 'Lampung', 1, 99, 0),
(718, 'Molukit', 1, 99, 0),
(719, 'Nusa Tenggara Barat', 1, 99, 0),
(720, 'Nusa Tenggara Timur', 1, 99, 0),
(721, 'Riau', 1, 99, 0),
(722, 'Sulawesi Selatan', 1, 99, 0),
(723, 'Sulawesi Tengah', 1, 99, 0),
(724, 'Sulawesi Tenggara', 1, 99, 0),
(725, 'Sulawesi Utara', 1, 99, 0),
(726, 'Sumatera Barat', 1, 99, 0),
(727, 'Sumatera Selatan', 1, 99, 0),
(728, 'Sumatera Utara', 1, 99, 0),
(729, 'West Irian', 1, 99, 0),
(730, 'West Java', 1, 99, 0),
(731, 'Yogyakarta', 1, 99, 0),
(732, 'Andhra Pradesh', 1, 100, 0),
(733, 'Assam', 1, 100, 0),
(734, 'Bihar', 1, 100, 0),
(735, 'Chandigarh', 1, 100, 0),
(736, 'Chhatisgarh', 1, 100, 0),
(737, 'Delhi', 1, 100, 0),
(738, 'Gujarat', 1, 100, 0),
(739, 'Haryana', 1, 100, 0),
(740, 'Jammu and Kashmir', 1, 100, 0),
(741, 'Jharkhand', 1, 100, 0),
(742, 'Karnataka', 1, 100, 0),
(743, 'Kerala', 1, 100, 0),
(744, 'Madhya Pradesh', 1, 100, 0),
(745, 'Maharashtra', 1, 100, 0),
(746, 'Manipur', 1, 100, 0),
(747, 'Meghalaya', 1, 100, 0),
(748, 'Mizoram', 1, 100, 0),
(749, 'Orissa', 1, 100, 0),
(750, 'Pondicherry', 1, 100, 0),
(751, 'Punjab', 1, 100, 0),
(752, 'Rajasthan', 1, 100, 0),
(753, 'Tamil Nadu', 1, 100, 0),
(754, 'Tripura', 1, 100, 0),
(755, 'Uttar Pradesh', 1, 100, 0),
(756, 'Uttaranchal', 1, 100, 0),
(757, 'West Bengali', 1, 100, 0),
(758, 'Leinster', 1, 102, 0),
(759, 'Munster', 1, 102, 0),
(760, 'Ardebil', 1, 103, 0),
(761, 'Bushehr', 1, 103, 0),
(762, 'Chaharmahal va Bakht', 1, 103, 0),
(763, 'East Azerbaidzan', 1, 103, 0),
(764, 'Esfahan', 1, 103, 0),
(765, 'Fars', 1, 103, 0),
(766, 'Gilan', 1, 103, 0),
(767, 'Golestan', 1, 103, 0),
(768, 'Hamadan', 1, 103, 0),
(769, 'Hormozgan', 1, 103, 0),
(770, 'Ilam', 1, 103, 0),
(771, 'Kerman', 1, 103, 0),
(772, 'Kermanshah', 1, 103, 0),
(773, 'Khorasan', 1, 103, 0),
(774, 'Khuzestan', 1, 103, 0),
(775, 'Kordestan', 1, 103, 0),
(776, 'Lorestan', 1, 103, 0),
(777, 'Markazi', 1, 103, 0),
(778, 'Mazandaran', 1, 103, 0),
(779, 'Qazvin', 1, 103, 0),
(780, 'Qom', 1, 103, 0),
(781, 'Semnan', 1, 103, 0),
(782, 'Sistan va Baluchesta', 1, 103, 0),
(783, 'Teheran', 1, 103, 0),
(784, 'West Azerbaidzan', 1, 103, 0),
(785, 'Yazd', 1, 103, 0),
(786, 'Zanjan', 1, 103, 0),
(787, 'al-Anbar', 1, 104, 0),
(788, 'al-Najaf', 1, 104, 0),
(789, 'al-Qadisiya', 1, 104, 0),
(790, 'al-Sulaymaniya', 1, 104, 0),
(791, 'al-Tamim', 1, 104, 0),
(792, 'Babil', 1, 104, 0),
(793, 'Baghdad', 1, 104, 0),
(794, 'Basra', 1, 104, 0),
(795, 'DhiQar', 1, 104, 0),
(796, 'Diyala', 1, 104, 0),
(797, 'Irbil', 1, 104, 0),
(798, 'Karbala', 1, 104, 0),
(799, 'Maysan', 1, 104, 0),
(800, 'Ninawa', 1, 104, 0),
(801, 'Wasit', 1, 104, 0),
(802, 'Hfuborgarsvi', 1, 105, 0),
(803, 'Ha Darom', 1, 106, 0),
(804, 'Ha Merkaz', 1, 106, 0),
(805, 'Haifa', 1, 106, 0),
(806, 'Jerusalem', 1, 106, 0),
(807, 'Tel Aviv', 1, 106, 0),
(808, 'Abruzzit', 1, 107, 0),
(809, 'Apulia', 1, 107, 0),
(810, 'Calabria', 1, 107, 0),
(811, 'Campania', 1, 107, 0),
(812, 'Emilia-Romagna', 1, 107, 0),
(813, 'Friuli-Venezia Giuli', 1, 107, 0),
(814, 'Latium', 1, 107, 0),
(815, 'Liguria', 1, 107, 0),
(816, 'Lombardia', 1, 107, 0),
(817, 'Marche', 1, 107, 0),
(818, 'Piemonte', 1, 107, 0),
(819, 'Sardinia', 1, 107, 0),
(820, 'Sisilia', 1, 107, 0),
(821, 'Toscana', 1, 107, 0),
(822, 'Trentino-Alto Adige', 1, 107, 0),
(823, 'Umbria', 1, 107, 0),
(824, 'Veneto', 1, 107, 0),
(825, 'St. Andrew', 1, 108, 0),
(826, 'St. Catherine', 1, 108, 0),
(827, 'al-Zarqa', 1, 109, 0),
(828, 'Amman', 1, 109, 0),
(829, 'Irbid', 1, 109, 0),
(830, 'Aichi', 1, 110, 0),
(831, 'Akita', 1, 110, 0),
(832, 'Aomori', 1, 110, 0),
(833, 'Chiba', 1, 110, 0),
(834, 'Ehime', 1, 110, 0),
(835, 'Fukui', 1, 110, 0),
(836, 'Fukuoka', 1, 110, 0),
(837, 'Fukushima', 1, 110, 0),
(838, 'Gifu', 1, 110, 0),
(839, 'Gumma', 1, 110, 0),
(840, 'Hiroshima', 1, 110, 0),
(841, 'Hokkaido', 1, 110, 0),
(842, 'Hyogo', 1, 110, 0),
(843, 'Ibaragi', 1, 110, 0),
(844, 'Ishikawa', 1, 110, 0),
(845, 'Iwate', 1, 110, 0),
(846, 'Kagawa', 1, 110, 0),
(847, 'Kagoshima', 1, 110, 0),
(848, 'Kanagawa', 1, 110, 0),
(849, 'Kochi', 1, 110, 0),
(850, 'Kumamoto', 1, 110, 0),
(851, 'Kyoto', 1, 110, 0),
(852, 'Mie', 1, 110, 0),
(853, 'Miyagi', 1, 110, 0),
(854, 'Miyazaki', 1, 110, 0),
(855, 'Nagano', 1, 110, 0),
(856, 'Nagasaki', 1, 110, 0),
(857, 'Nara', 1, 110, 0),
(858, 'Niigata', 1, 110, 0),
(859, 'Oita', 1, 110, 0),
(860, 'Okayama', 1, 110, 0),
(861, 'Okinawa', 1, 110, 0),
(862, 'Osaka', 1, 110, 0),
(863, 'Saga', 1, 110, 0),
(864, 'Saitama', 1, 110, 0),
(865, 'Shiga', 1, 110, 0),
(866, 'Shimane', 1, 110, 0),
(867, 'Shizuoka', 1, 110, 0),
(868, 'Tochigi', 1, 110, 0),
(869, 'Tokushima', 1, 110, 0),
(870, 'Tokyo-to', 1, 110, 0),
(871, 'Tottori', 1, 110, 0),
(872, 'Toyama', 1, 110, 0),
(873, 'Wakayama', 1, 110, 0),
(874, 'Yamagata', 1, 110, 0),
(875, 'Yamaguchi', 1, 110, 0),
(876, 'Yamanashi', 1, 110, 0),
(877, 'Almaty', 1, 111, 0),
(878, 'Almaty Qalasy', 1, 111, 0),
(879, 'Aqtbe', 1, 111, 0),
(880, 'Astana', 1, 111, 0),
(881, 'Atyrau', 1, 111, 0),
(882, 'East Kazakstan', 1, 111, 0),
(883, 'Mangghystau', 1, 111, 0),
(884, 'North Kazakstan', 1, 111, 0),
(885, 'Pavlodar', 1, 111, 0),
(886, 'Qaraghandy', 1, 111, 0),
(887, 'Qostanay', 1, 111, 0),
(888, 'Qyzylorda', 1, 111, 0),
(889, 'South Kazakstan', 1, 111, 0),
(890, 'Taraz', 1, 111, 0),
(891, 'West Kazakstan', 1, 111, 0),
(892, 'Central', 1, 112, 0),
(893, 'Coast', 1, 112, 0),
(894, 'Eastern', 1, 112, 0),
(895, 'Nairobi', 1, 112, 0),
(896, 'Nyanza', 1, 112, 0),
(897, 'Rift Valley', 1, 112, 0),
(898, 'Bishkek shaary', 1, 113, 0),
(899, 'Osh', 1, 113, 0),
(900, 'Battambang', 1, 114, 0),
(901, 'Phnom Penh', 1, 114, 0),
(902, 'Siem Reap', 1, 114, 0),
(903, 'South Tarawa', 1, 115, 0),
(904, 'St George Basseterre', 1, 116, 0),
(905, 'Cheju', 1, 117, 0),
(906, 'Chollabuk', 1, 117, 0),
(907, 'Chollanam', 1, 117, 0),
(908, 'Chungchongbuk', 1, 117, 0),
(909, 'Chungchongnam', 1, 117, 0),
(910, 'Inchon', 1, 117, 0),
(911, 'Kang-won', 1, 117, 0),
(912, 'Kwangju', 1, 117, 0),
(913, 'Kyonggi', 1, 117, 0),
(914, 'Kyongsangbuk', 1, 117, 0),
(915, 'Kyongsangnam', 1, 117, 0),
(916, 'Pusan', 1, 117, 0),
(917, 'Seoul', 1, 117, 0),
(918, 'Taegu', 1, 117, 0),
(919, 'Taejon', 1, 117, 0),
(920, 'al-Asima', 1, 118, 0),
(921, 'Hawalli', 1, 118, 0),
(922, 'Savannakhet', 1, 119, 0),
(923, 'Viangchan', 1, 119, 0),
(924, 'al-Shamal', 1, 120, 0),
(925, 'Beirut', 1, 120, 0),
(926, 'Montserrado', 1, 121, 0),
(927, 'al-Zawiya', 1, 122, 0),
(928, 'Bengasi', 1, 122, 0),
(929, 'Misrata', 1, 122, 0),
(930, 'Tripoli', 1, 122, 0),
(931, 'Castries', 1, 123, 0),
(932, 'Schaan', 1, 124, 0),
(933, 'Vaduz', 1, 124, 0),
(934, 'Central', 1, 125, 0),
(935, 'Northern', 1, 125, 0),
(936, 'Western', 1, 125, 0),
(937, 'Maseru', 1, 126, 0),
(938, 'Kaunas', 1, 127, 0),
(939, 'Klaipeda', 1, 127, 0),
(940, 'Panevezys', 1, 127, 0),
(941, 'Vilna', 1, 127, 0),
(942, 'iauliai', 1, 127, 0),
(943, 'Luxembourg', 1, 128, 0),
(944, 'Daugavpils', 1, 129, 0),
(945, 'Liepaja', 1, 129, 0),
(946, 'Riika', 1, 129, 0),
(947, 'Macau', 1, 130, 0),
(948, 'Casablanca', 1, 131, 0),
(949, 'Chaouia-Ouardigha', 1, 131, 0),
(950, 'Doukkala-Abda', 1, 131, 0),
(951, 'Fs-Boulemane', 1, 131, 0),
(952, 'Gharb-Chrarda-Bni', 1, 131, 0),
(953, 'Marrakech-Tensift-Al', 1, 131, 0),
(954, 'Mekns-Tafilalet', 1, 131, 0),
(955, 'Oriental', 1, 131, 0),
(956, 'Rabat-Sal-Zammour-', 1, 131, 0),
(957, 'Souss Massa-Dra', 1, 131, 0),
(958, 'Tadla-Azilal', 1, 131, 0),
(959, 'Tanger-Ttouan', 1, 131, 0),
(960, 'Taza-Al Hoceima-Taou', 1, 131, 0),
(961, '', 1, 132, 0),
(962, 'Balti', 1, 133, 0),
(963, 'Bender (Tghina)', 1, 133, 0),
(964, 'Chisinau', 1, 133, 0),
(965, 'Dnjestria', 1, 133, 0),
(966, 'Antananarivo', 1, 134, 0),
(967, 'Fianarantsoa', 1, 134, 0),
(968, 'Mahajanga', 1, 134, 0),
(969, 'Toamasina', 1, 134, 0),
(970, 'Maale', 1, 135, 0),
(971, 'Aguascalientes', 1, 136, 0),
(972, 'Baja California', 1, 136, 0),
(973, 'Baja California Sur', 1, 136, 0),
(974, 'Campeche', 1, 136, 0),
(975, 'Chiapas', 1, 136, 0),
(976, 'Chihuahua', 1, 136, 0),
(977, 'Coahuila de Zaragoza', 1, 136, 0),
(978, 'Colima', 1, 136, 0),
(979, 'Distrito Federal', 1, 136, 0),
(980, 'Durango', 1, 136, 0),
(981, 'Guanajuato', 1, 136, 0),
(982, 'Guerrero', 1, 136, 0),
(983, 'Hidalgo', 1, 136, 0),
(984, 'Jalisco', 1, 136, 0),
(985, 'Mxico', 1, 136, 0),
(986, 'Michoacn de Ocampo', 1, 136, 0),
(987, 'Morelos', 1, 136, 0),
(988, 'Nayarit', 1, 136, 0),
(989, 'Nuevo Len', 1, 136, 0),
(990, 'Oaxaca', 1, 136, 0),
(991, 'Puebla', 1, 136, 0),
(992, 'Quertaro', 1, 136, 0),
(993, 'Quertaro de Arteag', 1, 136, 0),
(994, 'Quintana Roo', 1, 136, 0),
(995, 'San Luis Potos', 1, 136, 0),
(996, 'Sinaloa', 1, 136, 0),
(997, 'Sonora', 1, 136, 0),
(998, 'Tabasco', 1, 136, 0),
(999, 'Tamaulipas', 1, 136, 0),
(1000, 'Veracruz', 1, 136, 0),
(1001, 'Veracruz-Llave', 1, 136, 0),
(1002, 'Yucatn', 1, 136, 0),
(1003, 'Zacatecas', 1, 136, 0),
(1004, 'Majuro', 1, 137, 0),
(1005, 'Skopje', 1, 138, 0),
(1006, 'Bamako', 1, 139, 0),
(1007, 'Inner Harbour', 1, 140, 0),
(1008, 'Outer Harbour', 1, 140, 0),
(1009, 'Irrawaddy [Ayeyarwad', 1, 141, 0),
(1010, 'Magwe [Magway]', 1, 141, 0),
(1011, 'Mandalay', 1, 141, 0),
(1012, 'Mon', 1, 141, 0),
(1013, 'Pegu [Bago]', 1, 141, 0),
(1014, 'Rakhine', 1, 141, 0),
(1015, 'Rangoon [Yangon]', 1, 141, 0),
(1016, 'Sagaing', 1, 141, 0),
(1017, 'Shan', 1, 141, 0),
(1018, 'Tenasserim [Tanintha', 1, 141, 0),
(1019, 'Ulaanbaatar', 1, 142, 0),
(1020, 'Saipan', 1, 143, 0),
(1021, 'Gaza', 1, 144, 0),
(1022, 'Inhambane', 1, 144, 0),
(1023, 'Manica', 1, 144, 0),
(1024, 'Maputo', 1, 144, 0),
(1025, 'Nampula', 1, 144, 0),
(1026, 'Sofala', 1, 144, 0),
(1027, 'Tete', 1, 144, 0),
(1028, 'Zambzia', 1, 144, 0),
(1029, 'Dakhlet Noudhibou', 1, 145, 0),
(1030, 'Nouakchott', 1, 145, 0),
(1031, 'Plymouth', 1, 146, 0),
(1032, 'Fort-de-France', 1, 147, 0),
(1033, 'Plaines Wilhelms', 1, 148, 0),
(1034, 'Port-Louis', 1, 148, 0),
(1035, 'Blantyre', 1, 149, 0),
(1036, 'Lilongwe', 1, 149, 0),
(1037, 'Johor', 1, 150, 0),
(1038, 'Kedah', 1, 150, 0),
(1039, 'Kelantan', 1, 150, 0),
(1040, 'Negeri Sembilan', 1, 150, 0),
(1041, 'Pahang', 1, 150, 0),
(1042, 'Perak', 1, 150, 0),
(1043, 'Pulau Pinang', 1, 150, 0),
(1044, 'Sabah', 1, 150, 0),
(1045, 'Sarawak', 1, 150, 0),
(1046, 'Selangor', 1, 150, 0),
(1047, 'Terengganu', 1, 150, 0),
(1048, 'Wilayah Persekutuan', 1, 150, 0),
(1049, 'Mamoutzou', 1, 151, 0),
(1050, 'Khomas', 1, 152, 0),
(1051, '', 1, 153, 0),
(1052, 'Maradi', 1, 154, 0),
(1053, 'Niamey', 1, 154, 0),
(1054, 'Zinder', 1, 154, 0),
(1055, '', 1, 155, 0),
(1056, 'Anambra & Enugu & Eb', 1, 156, 0),
(1057, 'Bauchi & Gombe', 1, 156, 0),
(1058, 'Benue', 1, 156, 0),
(1059, 'Borno & Yobe', 1, 156, 0),
(1060, 'Cross River', 1, 156, 0),
(1061, 'Edo & Delta', 1, 156, 0),
(1062, 'Federal Capital Dist', 1, 156, 0),
(1063, 'Imo & Abia', 1, 156, 0),
(1064, 'Kaduna', 1, 156, 0),
(1065, 'Kano & Jigawa', 1, 156, 0),
(1066, 'Katsina', 1, 156, 0),
(1067, 'Kwara & Kogi', 1, 156, 0),
(1068, 'Lagos', 1, 156, 0),
(1069, 'Niger', 1, 156, 0),
(1070, 'Ogun', 1, 156, 0),
(1071, 'Ondo & Ekiti', 1, 156, 0),
(1072, 'Oyo & Osun', 1, 156, 0),
(1073, 'Plateau & Nassarawa', 1, 156, 0),
(1074, 'Rivers & Bayelsa', 1, 156, 0),
(1075, 'Sokoto & Kebbi & Zam', 1, 156, 0),
(1076, 'Chinandega', 1, 157, 0),
(1077, 'Len', 1, 157, 0),
(1078, 'Managua', 1, 157, 0),
(1079, 'Masaya', 1, 157, 0),
(1080, '', 1, 158, 0),
(1081, 'Drenthe', 1, 159, 0),
(1082, 'Flevoland', 1, 159, 0),
(1083, 'Gelderland', 1, 159, 0),
(1084, 'Groningen', 1, 159, 0),
(1085, 'Limburg', 1, 159, 0),
(1086, 'Noord-Brabant', 1, 159, 0),
(1087, 'Noord-Holland', 1, 159, 0),
(1088, 'Overijssel', 1, 159, 0),
(1089, 'Utrecht', 1, 159, 0),
(1090, 'Zuid-Holland', 1, 159, 0),
(1091, 'Akershus', 1, 160, 0),
(1092, 'Hordaland', 1, 160, 0),
(1093, 'Oslo', 1, 160, 0),
(1094, 'Rogaland', 1, 160, 0),
(1095, 'Sr-Trndelag', 1, 160, 0),
(1096, 'Central', 1, 161, 0),
(1097, 'Eastern', 1, 161, 0),
(1098, 'Western', 1, 161, 0),
(1099, '', 1, 162, 0),
(1100, 'Auckland', 1, 163, 0),
(1101, 'Canterbury', 1, 163, 0),
(1102, 'Dunedin', 1, 163, 0),
(1103, 'Hamilton', 1, 163, 0),
(1104, 'Wellington', 1, 163, 0),
(1105, 'al-Batina', 1, 164, 0),
(1106, 'Masqat', 1, 164, 0),
(1107, 'Zufar', 1, 164, 0),
(1108, 'Baluchistan', 1, 165, 0),
(1109, 'Islamabad', 1, 165, 0),
(1110, 'Nothwest Border Prov', 1, 165, 0),
(1111, 'Punjab', 1, 165, 0),
(1112, 'Sind', 1, 165, 0),
(1113, 'Sindh', 1, 165, 0),
(1114, 'Panam', 1, 166, 0),
(1115, 'San Miguelito', 1, 166, 0),
(1116, '', 1, 167, 0),
(1117, 'Ancash', 1, 168, 0),
(1118, 'Arequipa', 1, 168, 0),
(1119, 'Ayacucho', 1, 168, 0),
(1120, 'Cajamarca', 1, 168, 0),
(1121, 'Callao', 1, 168, 0),
(1122, 'Cusco', 1, 168, 0),
(1123, 'Huanuco', 1, 168, 0),
(1124, 'Ica', 1, 168, 0),
(1125, 'Junn', 1, 168, 0),
(1126, 'La Libertad', 1, 168, 0),
(1127, 'Lambayeque', 1, 168, 0),
(1128, 'Lima', 1, 168, 0),
(1129, 'Loreto', 1, 168, 0),
(1130, 'Piura', 1, 168, 0),
(1131, 'Puno', 1, 168, 0),
(1132, 'Tacna', 1, 168, 0),
(1133, 'Ucayali', 1, 168, 0),
(1134, 'ARMM', 1, 169, 0),
(1135, 'Bicol', 1, 169, 0),
(1136, 'Cagayan Valley', 1, 169, 0),
(1137, 'CAR', 1, 169, 0),
(1138, 'Caraga', 1, 169, 0),
(1139, 'Central Luzon', 1, 169, 0),
(1140, 'Central Mindanao', 1, 169, 0),
(1141, 'Central Visayas', 1, 169, 0),
(1142, 'Eastern Visayas', 1, 169, 0),
(1143, 'Ilocos', 1, 169, 0),
(1144, 'National Capital Reg', 1, 169, 0),
(1145, 'Northern Mindanao', 1, 169, 0),
(1146, 'Southern Mindanao', 1, 169, 0),
(1147, 'Southern Tagalog', 1, 169, 0),
(1148, 'Western Mindanao', 1, 169, 0),
(1149, 'Western Visayas', 1, 169, 0),
(1150, 'Koror', 1, 170, 0),
(1151, 'National Capital Dis', 1, 171, 0),
(1152, 'Dolnoslaskie', 1, 172, 0),
(1153, 'Kujawsko-Pomorskie', 1, 172, 0),
(1154, 'Lodzkie', 1, 172, 0),
(1155, 'Lubelskie', 1, 172, 0),
(1156, 'Lubuskie', 1, 172, 0),
(1157, 'Malopolskie', 1, 172, 0),
(1158, 'Mazowieckie', 1, 172, 0),
(1159, 'Opolskie', 1, 172, 0),
(1160, 'Podkarpackie', 1, 172, 0),
(1161, 'Podlaskie', 1, 172, 0),
(1162, 'Pomorskie', 1, 172, 0),
(1163, 'Slaskie', 1, 172, 0),
(1164, 'Swietokrzyskie', 1, 172, 0),
(1165, 'Warminsko-Mazurskie', 1, 172, 0),
(1166, 'Wielkopolskie', 1, 172, 0),
(1167, 'Zachodnio-Pomorskie', 1, 172, 0),
(1168, 'Arecibo', 1, 173, 0),
(1169, 'Bayamn', 1, 173, 0),
(1170, 'Caguas', 1, 173, 0),
(1171, 'Carolina', 1, 173, 0),
(1172, 'Guaynabo', 1, 173, 0),
(1173, 'Mayagez', 1, 173, 0),
(1174, 'Ponce', 1, 173, 0),
(1175, 'San Juan', 1, 173, 0),
(1176, 'Toa Baja', 1, 173, 0),
(1177, 'Chagang', 1, 174, 0),
(1178, 'Hamgyong N', 1, 174, 0),
(1179, 'Hamgyong P', 1, 174, 0),
(1180, 'Hwanghae N', 1, 174, 0),
(1181, 'Hwanghae P', 1, 174, 0),
(1182, 'Kaesong-si', 1, 174, 0),
(1183, 'Kangwon', 1, 174, 0),
(1184, 'Nampo-si', 1, 174, 0),
(1185, 'Pyongan N', 1, 174, 0),
(1186, 'Pyongan P', 1, 174, 0),
(1187, 'Pyongyang-si', 1, 174, 0),
(1188, 'Yanggang', 1, 174, 0),
(1189, 'Braga', 1, 175, 0),
(1190, 'Combra', 1, 175, 0),
(1191, 'Lisboa', 1, 175, 0),
(1192, 'Porto', 1, 175, 0),
(1193, 'Alto Paran', 1, 176, 0),
(1194, 'Asuncin', 1, 176, 0),
(1195, 'Central', 1, 176, 0),
(1196, 'Gaza', 1, 177, 0),
(1197, 'Hebron', 1, 177, 0),
(1198, 'Khan Yunis', 1, 177, 0),
(1199, 'Nablus', 1, 177, 0),
(1200, 'North Gaza', 1, 177, 0),
(1201, 'Rafah', 1, 177, 0),
(1202, 'Tahiti', 1, 178, 0),
(1203, 'Doha', 1, 179, 0),
(1204, 'Saint-Denis', 1, 180, 0),
(1205, 'Arad', 1, 181, 0),
(1206, 'Arges', 1, 181, 0),
(1207, 'Bacau', 1, 181, 0),
(1208, 'Bihor', 1, 181, 0),
(1209, 'Botosani', 1, 181, 0),
(1210, 'Braila', 1, 181, 0),
(1211, 'Brasov', 1, 181, 0),
(1212, 'Bukarest', 1, 181, 0),
(1213, 'Buzau', 1, 181, 0),
(1214, 'Caras-Severin', 1, 181, 0),
(1215, 'Cluj', 1, 181, 0),
(1216, 'Constanta', 1, 181, 0),
(1217, 'Dmbovita', 1, 181, 0),
(1218, 'Dolj', 1, 181, 0),
(1219, 'Galati', 1, 181, 0),
(1220, 'Gorj', 1, 181, 0),
(1221, 'Iasi', 1, 181, 0),
(1222, 'Maramures', 1, 181, 0),
(1223, 'Mehedinti', 1, 181, 0),
(1224, 'Mures', 1, 181, 0),
(1225, 'Neamt', 1, 181, 0),
(1226, 'Prahova', 1, 181, 0),
(1227, 'Satu Mare', 1, 181, 0),
(1228, 'Sibiu', 1, 181, 0),
(1229, 'Suceava', 1, 181, 0),
(1230, 'Timis', 1, 181, 0),
(1231, 'Tulcea', 1, 181, 0),
(1232, 'Vlcea', 1, 181, 0),
(1233, 'Vrancea', 1, 181, 0),
(1234, 'Adygea', 1, 182, 0),
(1235, 'Altai', 1, 182, 0),
(1236, 'Amur', 1, 182, 0),
(1237, 'Arkangeli', 1, 182, 0),
(1238, 'Astrahan', 1, 182, 0),
(1239, 'Bakortostan', 1, 182, 0),
(1240, 'Belgorod', 1, 182, 0),
(1241, 'Brjansk', 1, 182, 0),
(1242, 'Burjatia', 1, 182, 0),
(1243, 'Dagestan', 1, 182, 0),
(1244, 'Habarovsk', 1, 182, 0),
(1245, 'Hakassia', 1, 182, 0),
(1246, 'Hanti-Mansia', 1, 182, 0),
(1247, 'Irkutsk', 1, 182, 0),
(1248, 'Ivanovo', 1, 182, 0),
(1249, 'Jaroslavl', 1, 182, 0),
(1250, 'Kabardi-Balkaria', 1, 182, 0),
(1251, 'Kaliningrad', 1, 182, 0),
(1252, 'Kalmykia', 1, 182, 0),
(1253, 'Kaluga', 1, 182, 0),
(1254, 'Kamtatka', 1, 182, 0),
(1255, 'Karatai-Terkessi', 1, 182, 0),
(1256, 'Karjala', 1, 182, 0),
(1257, 'Kemerovo', 1, 182, 0),
(1258, 'Kirov', 1, 182, 0),
(1259, 'Komi', 1, 182, 0),
(1260, 'Kostroma', 1, 182, 0),
(1261, 'Krasnodar', 1, 182, 0),
(1262, 'Krasnojarsk', 1, 182, 0),
(1263, 'Kurgan', 1, 182, 0),
(1264, 'Kursk', 1, 182, 0),
(1265, 'Lipetsk', 1, 182, 0),
(1266, 'Magadan', 1, 182, 0),
(1267, 'Marinmaa', 1, 182, 0),
(1268, 'Mordva', 1, 182, 0),
(1269, 'Moscow (City)', 1, 182, 0),
(1270, 'Moskova', 1, 182, 0),
(1271, 'Murmansk', 1, 182, 0),
(1272, 'Nizni Novgorod', 1, 182, 0),
(1273, 'North Ossetia-Alania', 1, 182, 0),
(1274, 'Novgorod', 1, 182, 0),
(1275, 'Novosibirsk', 1, 182, 0),
(1276, 'Omsk', 1, 182, 0),
(1277, 'Orenburg', 1, 182, 0),
(1278, 'Orjol', 1, 182, 0),
(1279, 'Penza', 1, 182, 0),
(1280, 'Perm', 1, 182, 0),
(1281, 'Pietari', 1, 182, 0),
(1282, 'Pihkova', 1, 182, 0),
(1283, 'Primorje', 1, 182, 0),
(1284, 'Rjazan', 1, 182, 0),
(1285, 'Rostov-na-Donu', 1, 182, 0),
(1286, 'Saha (Jakutia)', 1, 182, 0),
(1287, 'Sahalin', 1, 182, 0),
(1288, 'Samara', 1, 182, 0),
(1289, 'Saratov', 1, 182, 0),
(1290, 'Smolensk', 1, 182, 0),
(1291, 'Stavropol', 1, 182, 0),
(1292, 'Sverdlovsk', 1, 182, 0),
(1293, 'Tambov', 1, 182, 0),
(1294, 'Tatarstan', 1, 182, 0),
(1295, 'Tjumen', 1, 182, 0),
(1296, 'Tomsk', 1, 182, 0),
(1297, 'Tula', 1, 182, 0),
(1298, 'Tver', 1, 182, 0),
(1299, 'Tyva', 1, 182, 0),
(1300, 'Teljabinsk', 1, 182, 0),
(1301, 'Tetenia', 1, 182, 0),
(1302, 'Tita', 1, 182, 0),
(1303, 'Tuvassia', 1, 182, 0),
(1304, 'Udmurtia', 1, 182, 0),
(1305, 'Uljanovsk', 1, 182, 0),
(1306, 'Vladimir', 1, 182, 0),
(1307, 'Volgograd', 1, 182, 0),
(1308, 'Vologda', 1, 182, 0),
(1309, 'Voronez', 1, 182, 0),
(1310, 'Yamalin Nenetsia', 1, 182, 0),
(1311, 'Kigali', 1, 183, 0),
(1312, 'al-Khudud al-Samaliy', 1, 184, 0),
(1313, 'al-Qasim', 1, 184, 0),
(1314, 'al-Sharqiya', 1, 184, 0),
(1315, 'Asir', 1, 184, 0),
(1316, 'Hail', 1, 184, 0),
(1317, 'Medina', 1, 184, 0),
(1318, 'Mekka', 1, 184, 0),
(1319, 'Najran', 1, 184, 0),
(1320, 'Qasim', 1, 184, 0),
(1321, 'Riad', 1, 184, 0),
(1322, 'Riyadh', 1, 184, 0),
(1323, 'Tabuk', 1, 184, 0),
(1324, 'al-Bahr al-Abyad', 1, 185, 0),
(1325, 'al-Bahr al-Ahmar', 1, 185, 0),
(1326, 'al-Jazira', 1, 185, 0),
(1327, 'al-Qadarif', 1, 185, 0),
(1328, 'Bahr al-Jabal', 1, 185, 0),
(1329, 'Darfur al-Janubiya', 1, 185, 0),
(1330, 'Darfur al-Shamaliya', 1, 185, 0),
(1331, 'Kassala', 1, 185, 0),
(1332, 'Khartum', 1, 185, 0),
(1333, 'Kurdufan al-Shamaliy', 1, 185, 0),
(1334, 'Cap-Vert', 1, 186, 0),
(1335, 'Diourbel', 1, 186, 0),
(1336, 'Kaolack', 1, 186, 0),
(1337, 'Saint-Louis', 1, 186, 0),
(1338, 'This', 1, 186, 0),
(1339, 'Ziguinchor', 1, 186, 0),
(1340, '', 1, 187, 0),
(1341, 'Saint Helena', 1, 189, 0),
(1342, 'Lnsimaa', 1, 190, 0),
(1343, 'Honiara', 1, 191, 0),
(1344, 'Western', 1, 192, 0),
(1345, 'La Libertad', 1, 193, 0),
(1346, 'San Miguel', 1, 193, 0),
(1347, 'San Salvador', 1, 193, 0),
(1348, 'Santa Ana', 1, 193, 0),
(1349, 'San Marino', 1, 194, 0),
(1350, 'Serravalle/Dogano', 1, 194, 0),
(1351, 'Banaadir', 1, 195, 0),
(1352, 'Jubbada Hoose', 1, 195, 0),
(1353, 'Woqooyi Galbeed', 1, 195, 0),
(1354, 'Saint-Pierre', 1, 196, 0),
(1355, 'Aqua Grande', 1, 197, 0),
(1356, 'Paramaribo', 1, 198, 0),
(1357, 'Bratislava', 1, 199, 0),
(1358, 'Vchodn Slovensko', 1, 199, 0),
(1359, 'Osrednjeslovenska', 1, 200, 0),
(1360, 'Podravska', 1, 200, 0),
(1361, 'rebros ln', 1, 201, 0),
(1362, 'East Gtanmaan ln', 1, 201, 0),
(1363, 'Gvleborgs ln', 1, 201, 0),
(1364, 'Jnkpings ln', 1, 201, 0),
(1365, 'Lisboa', 1, 201, 0),
(1366, 'Skne ln', 1, 201, 0),
(1367, 'Uppsala ln', 1, 201, 0),
(1368, 'Vsterbottens ln', 1, 201, 0),
(1369, 'Vsternorrlands l', 1, 201, 0),
(1370, 'Vstmanlands ln', 1, 201, 0),
(1371, 'West Gtanmaan ln', 1, 201, 0),
(1372, 'Hhohho', 1, 202, 0),
(1373, 'Mah', 1, 203, 0),
(1374, 'al-Hasaka', 1, 204, 0),
(1375, 'al-Raqqa', 1, 204, 0),
(1376, 'Aleppo', 1, 204, 0),
(1377, 'Damascus', 1, 204, 0),
(1378, 'Damaskos', 1, 204, 0),
(1379, 'Dayr al-Zawr', 1, 204, 0),
(1380, 'Hama', 1, 204, 0),
(1381, 'Hims', 1, 204, 0),
(1382, 'Idlib', 1, 204, 0),
(1383, 'Latakia', 1, 204, 0),
(1384, 'Grand Turk', 1, 205, 0),
(1385, 'Chari-Baguirmi', 1, 206, 0),
(1386, 'Logone Occidental', 1, 206, 0),
(1387, 'Maritime', 1, 207, 0),
(1388, 'Bangkok', 1, 208, 0),
(1389, 'Chiang Mai', 1, 208, 0),
(1390, 'Khon Kaen', 1, 208, 0),
(1391, 'Nakhon Pathom', 1, 208, 0),
(1392, 'Nakhon Ratchasima', 1, 208, 0),
(1393, 'Nakhon Sawan', 1, 208, 0),
(1394, 'Nonthaburi', 1, 208, 0),
(1395, 'Songkhla', 1, 208, 0),
(1396, 'Ubon Ratchathani', 1, 208, 0),
(1397, 'Udon Thani', 1, 208, 0),
(1398, 'Karotegin', 1, 209, 0),
(1399, 'Khujand', 1, 209, 0),
(1400, 'Fakaofo', 1, 210, 0),
(1401, 'Ahal', 1, 211, 0),
(1402, 'Dashhowuz', 1, 211, 0),
(1403, 'Lebap', 1, 211, 0),
(1404, 'Mary', 1, 211, 0),
(1405, 'Dili', 1, 212, 0),
(1406, 'Tongatapu', 1, 213, 0),
(1407, 'Caroni', 1, 214, 0),
(1408, 'Port-of-Spain', 1, 214, 0),
(1409, 'Ariana', 1, 215, 0),
(1410, 'Biserta', 1, 215, 0),
(1411, 'Gabs', 1, 215, 0),
(1412, 'Kairouan', 1, 215, 0),
(1413, 'Sfax', 1, 215, 0),
(1414, 'Sousse', 1, 215, 0),
(1415, 'Tunis', 1, 215, 0),
(1416, 'Adana', 1, 216, 0),
(1417, 'Adiyaman', 1, 216, 0),
(1418, 'Afyon', 1, 216, 0),
(1419, 'Aksaray', 1, 216, 0),
(1420, 'Ankara', 1, 216, 0),
(1421, 'Antalya', 1, 216, 0),
(1422, 'Aydin', 1, 216, 0),
(1423, 'orum', 1, 216, 0),
(1424, 'Balikesir', 1, 216, 0),
(1425, 'Batman', 1, 216, 0),
(1426, 'Bursa', 1, 216, 0),
(1427, 'Denizli', 1, 216, 0),
(1428, 'Diyarbakir', 1, 216, 0),
(1429, 'Edirne', 1, 216, 0),
(1430, 'Elzig', 1, 216, 0),
(1431, 'Erzincan', 1, 216, 0),
(1432, 'Erzurum', 1, 216, 0),
(1433, 'Eskisehir', 1, 216, 0),
(1434, 'Gaziantep', 1, 216, 0),
(1435, 'Hatay', 1, 216, 0),
(1436, 'Iel', 1, 216, 0),
(1437, 'Isparta', 1, 216, 0),
(1438, 'Istanbul', 1, 216, 0),
(1439, 'Izmir', 1, 216, 0),
(1440, 'Kahramanmaras', 1, 216, 0),
(1441, 'Karabk', 1, 216, 0),
(1442, 'Karaman', 1, 216, 0),
(1443, 'Kars', 1, 216, 0),
(1444, 'Kayseri', 1, 216, 0),
(1445, 'Ktahya', 1, 216, 0),
(1446, 'Kilis', 1, 216, 0),
(1447, 'Kirikkale', 1, 216, 0),
(1448, 'Kocaeli', 1, 216, 0),
(1449, 'Konya', 1, 216, 0),
(1450, 'Malatya', 1, 216, 0),
(1451, 'Manisa', 1, 216, 0),
(1452, 'Mardin', 1, 216, 0),
(1453, 'Ordu', 1, 216, 0),
(1454, 'Osmaniye', 1, 216, 0),
(1455, 'Sakarya', 1, 216, 0),
(1456, 'Samsun', 1, 216, 0),
(1457, 'Sanliurfa', 1, 216, 0),
(1458, 'Siirt', 1, 216, 0),
(1459, 'Sivas', 1, 216, 0),
(1460, 'Tekirdag', 1, 216, 0),
(1461, 'Tokat', 1, 216, 0),
(1462, 'Trabzon', 1, 216, 0),
(1463, 'Usak', 1, 216, 0),
(1464, 'Van', 1, 216, 0),
(1465, 'Zonguldak', 1, 216, 0),
(1466, 'Funafuti', 1, 217, 0),
(1467, '', 1, 218, 0),
(1468, 'Changhwa', 1, 218, 0),
(1469, 'Chiayi', 1, 218, 0),
(1470, 'Hsinchu', 1, 218, 0),
(1471, 'Hualien', 1, 218, 0),
(1472, 'Ilan', 1, 218, 0),
(1473, 'Kaohsiung', 1, 218, 0),
(1474, 'Keelung', 1, 218, 0),
(1475, 'Miaoli', 1, 218, 0),
(1476, 'Nantou', 1, 218, 0),
(1477, 'Pingtung', 1, 218, 0),
(1478, 'Taichung', 1, 218, 0),
(1479, 'Tainan', 1, 218, 0),
(1480, 'Taipei', 1, 218, 0),
(1481, 'Taitung', 1, 218, 0),
(1482, 'Taoyuan', 1, 218, 0),
(1483, 'Ynlin', 1, 218, 0),
(1484, 'Arusha', 1, 219, 0),
(1485, 'Dar es Salaam', 1, 219, 0),
(1486, 'Dodoma', 1, 219, 0),
(1487, 'Kilimanjaro', 1, 219, 0),
(1488, 'Mbeya', 1, 219, 0),
(1489, 'Morogoro', 1, 219, 0),
(1490, 'Mwanza', 1, 219, 0),
(1491, 'Tabora', 1, 219, 0),
(1492, 'Tanga', 1, 219, 0),
(1493, 'Zanzibar West', 1, 219, 0),
(1494, 'Central', 1, 220, 0),
(1495, 'Dnipropetrovsk', 1, 221, 0),
(1496, 'Donetsk', 1, 221, 0),
(1497, 'Harkova', 1, 221, 0),
(1498, 'Herson', 1, 221, 0),
(1499, 'Hmelnytskyi', 1, 221, 0),
(1500, 'Ivano-Frankivsk', 1, 221, 0),
(1501, 'Kiova', 1, 221, 0),
(1502, 'Kirovograd', 1, 221, 0),
(1503, 'Krim', 1, 221, 0),
(1504, 'Lugansk', 1, 221, 0),
(1505, 'Lviv', 1, 221, 0),
(1506, 'Mykolajiv', 1, 221, 0),
(1507, 'Odesa', 1, 221, 0),
(1508, 'Pultava', 1, 221, 0),
(1509, 'Rivne', 1, 221, 0),
(1510, 'Sumy', 1, 221, 0),
(1511, 'Taka-Karpatia', 1, 221, 0),
(1512, 'Ternopil', 1, 221, 0),
(1513, 'Terkasy', 1, 221, 0),
(1514, 'Ternigiv', 1, 221, 0),
(1515, 'Ternivtsi', 1, 221, 0),
(1516, 'Vinnytsja', 1, 221, 0),
(1517, 'Volynia', 1, 221, 0),
(1518, 'Zaporizzja', 1, 221, 0),
(1519, 'Zytomyr', 1, 221, 0),
(1520, 'Montevideo', 1, 223, 0),
(1521, 'Alabama', 1, 224, 0),
(1522, 'Alaska', 1, 224, 0),
(1523, 'Arizona', 1, 224, 0),
(1524, 'Arkansas', 1, 224, 0),
(1525, 'California', 1, 224, 0),
(1526, 'Colorado', 1, 224, 0),
(1527, 'Connecticut', 1, 224, 0),
(1528, 'District of Columbia', 1, 224, 0),
(1529, 'Florida', 1, 224, 0),
(1530, 'Georgia', 1, 224, 0),
(1531, 'Hawaii', 1, 224, 0),
(1532, 'Idaho', 1, 224, 0),
(1533, 'Illinois', 1, 224, 0),
(1534, 'Indiana', 1, 224, 0),
(1535, 'Iowa', 1, 224, 0),
(1536, 'Kansas', 1, 224, 0),
(1537, 'Kentucky', 1, 224, 0),
(1538, 'Louisiana', 1, 224, 0),
(1539, 'Maryland', 1, 224, 0),
(1540, 'Massachusetts', 1, 224, 0),
(1541, 'Michigan', 1, 224, 0),
(1542, 'Minnesota', 1, 224, 0),
(1543, 'Mississippi', 1, 224, 0),
(1544, 'Missouri', 1, 224, 0),
(1545, 'Montana', 1, 224, 0),
(1546, 'Nebraska', 1, 224, 0),
(1547, 'Nevada', 1, 224, 0),
(1548, 'New Hampshire', 1, 224, 0),
(1549, 'New Jersey', 1, 224, 0),
(1550, 'New Mexico', 1, 224, 0),
(1551, 'New York', 1, 224, 0),
(1552, 'North Carolina', 1, 224, 0),
(1553, 'Ohio', 1, 224, 0),
(1554, 'Oklahoma', 1, 224, 0),
(1555, 'Oregon', 1, 224, 0),
(1556, 'Pennsylvania', 1, 224, 0),
(1557, 'Rhode Island', 1, 224, 0),
(1558, 'South Carolina', 1, 224, 0),
(1559, 'South Dakota', 1, 224, 0),
(1560, 'Tennessee', 1, 224, 0),
(1561, 'Texas', 1, 224, 0),
(1562, 'Utah', 1, 224, 0),
(1563, 'Virginia', 1, 224, 0),
(1564, 'Washington', 1, 224, 0),
(1565, 'Wisconsin', 1, 224, 0),
(1566, 'Andijon', 1, 225, 0),
(1567, 'Buhoro', 1, 225, 0),
(1568, 'Cizah', 1, 225, 0),
(1569, 'Fargona', 1, 225, 0),
(1570, 'Karakalpakistan', 1, 225, 0),
(1571, 'Khorazm', 1, 225, 0),
(1572, 'Namangan', 1, 225, 0),
(1573, 'Navoi', 1, 225, 0),
(1574, 'Qashqadaryo', 1, 225, 0),
(1575, 'Samarkand', 1, 225, 0),
(1576, 'Surkhondaryo', 1, 225, 0),
(1577, 'Toskent', 1, 225, 0),
(1578, 'Toskent Shahri', 1, 225, 0),
(1579, '', 1, 226, 0),
(1580, 'St George', 1, 0, 0),
(1581, '', 1, 228, 0),
(1582, 'Anzotegui', 1, 228, 0),
(1583, 'Apure', 1, 228, 0),
(1584, 'Aragua', 1, 228, 0),
(1585, 'Barinas', 1, 228, 0),
(1586, 'Bolvar', 1, 228, 0),
(1587, 'Carabobo', 1, 228, 0),
(1588, 'Distrito Federal', 1, 228, 0),
(1589, 'Falcn', 1, 228, 0),
(1590, 'Gurico', 1, 228, 0),
(1591, 'Lara', 1, 228, 0),
(1592, 'Mrida', 1, 228, 0),
(1593, 'Miranda', 1, 228, 0),
(1594, 'Monagas', 1, 228, 0),
(1595, 'Portuguesa', 1, 228, 0),
(1596, 'Sucre', 1, 228, 0),
(1597, 'Tchira', 1, 228, 0),
(1598, 'Trujillo', 1, 228, 0),
(1599, 'Yaracuy', 1, 228, 0),
(1600, 'Zulia', 1, 228, 0),
(1601, 'Tortola', 1, 229, 0),
(1602, 'St Thomas', 1, 230, 0),
(1603, 'An Giang', 1, 231, 0),
(1604, 'Ba Ria-Vung Tau', 1, 231, 0),
(1605, 'Bac Thai', 1, 231, 0),
(1606, 'Binh Dinh', 1, 231, 0),
(1607, 'Binh Thuan', 1, 231, 0),
(1608, 'Can Tho', 1, 231, 0),
(1609, 'Dac Lac', 1, 231, 0),
(1610, 'Dong Nai', 1, 231, 0),
(1611, 'Haiphong', 1, 231, 0),
(1612, 'Hanoi', 1, 231, 0),
(1613, 'Ho Chi Minh City', 1, 231, 0),
(1614, 'Khanh Hoa', 1, 231, 0),
(1615, 'Kien Giang', 1, 231, 0),
(1616, 'Lam Dong', 1, 231, 0),
(1617, 'Nam Ha', 1, 231, 0),
(1618, 'Nghe An', 1, 231, 0),
(1619, 'Quang Binh', 1, 231, 0),
(1620, 'Quang Nam-Da Nang', 1, 231, 0),
(1621, 'Quang Ninh', 1, 231, 0),
(1622, 'Thua Thien-Hue', 1, 231, 0),
(1623, 'Tien Giang', 1, 231, 0),
(1624, 'Shefa', 1, 232, 0),
(1625, 'Wallis', 1, 233, 0),
(1626, 'Upolu', 1, 234, 0),
(1627, 'Aden', 1, 235, 0),
(1628, 'Hadramawt', 1, 235, 0),
(1629, 'Hodeida', 1, 235, 0),
(1630, 'Ibb', 1, 235, 0),
(1631, 'Sanaa', 1, 235, 0),
(1632, 'Taizz', 1, 235, 0),
(1633, 'Central Serbia', 1, 236, 0),
(1634, 'Kosovo and Metohija', 1, 236, 0),
(1635, 'Montenegro', 1, 236, 0),
(1636, 'Vojvodina', 1, 236, 0),
(1637, 'Eastern Cape', 1, 237, 0),
(1638, 'Free State', 1, 237, 0),
(1639, 'Gauteng', 1, 237, 0),
(1640, 'KwaZulu-Natal', 1, 237, 0),
(1641, 'Mpumalanga', 1, 237, 0),
(1642, 'North West', 1, 237, 0),
(1643, 'Northern Cape', 1, 237, 0),
(1644, 'Western Cape', 1, 237, 0),
(1645, 'Central', 1, 238, 0),
(1646, 'Copperbelt', 1, 238, 0),
(1647, 'Lusaka', 1, 238, 0),
(1648, 'Bulawayo', 1, 239, 0),
(1649, 'Harare', 1, 239, 0),
(1650, 'Manicaland', 1, 239, 0),
(1651, 'Midlands', 1, 239, 0),
(1652, 'South Hill', 2, 240, 0),
(1653, 'The Valley', 2, 240, 0),
(1654, 'Oranjestad', 2, 240, 0),
(1655, 'Douglas', 2, 240, 0),
(1656, 'Gibraltar', 2, 240, 0),
(1657, 'Tamuning', 2, 240, 0),
(1658, 'Agaa', 2, 240, 0),
(1659, 'Flying Fish Cove', 2, 240, 0),
(1660, 'Monte-Carlo', 2, 240, 0),
(1661, 'Monaco-Ville', 2, 240, 0),
(1662, 'Yangor', 2, 240, 0),
(1663, 'Yaren', 2, 240, 0),
(1664, 'Alofi', 2, 240, 0),
(1665, 'Kingston', 2, 240, 0),
(1666, 'Adamstown', 2, 240, 0),
(1667, 'Singapore', 2, 240, 0),
(1668, 'Nouma', 2, 240, 0),
(1669, 'Citt del Vaticano', 2, 240, 0),
(1670, 'Mazar-e-Sharif', 2, 241, 0),
(1671, 'Herat', 2, 242, 0),
(1672, 'Kabul', 2, 243, 0),
(1673, 'Qandahar', 2, 244, 0),
(1674, 'Lobito', 2, 245, 0),
(1675, 'Benguela', 2, 245, 0),
(1676, 'Huambo', 2, 246, 0),
(1677, 'Luanda', 2, 247, 0),
(1678, 'Namibe', 2, 248, 0),
(1679, 'South Hill', 2, 249, 0),
(1680, 'The Valley', 2, 249, 0),
(1681, 'Oranjestad', 2, 249, 0),
(1682, 'Douglas', 2, 249, 0),
(1683, 'Gibraltar', 2, 249, 0),
(1684, 'Tamuning', 2, 249, 0),
(1685, 'Agaa', 2, 249, 0),
(1686, 'Flying Fish Cove', 2, 249, 0),
(1687, 'Monte-Carlo', 2, 249, 0),
(1688, 'Monaco-Ville', 2, 249, 0),
(1689, 'Yangor', 2, 249, 0),
(1690, 'Yaren', 2, 249, 0),
(1691, 'Alofi', 2, 249, 0),
(1692, 'Kingston', 2, 249, 0),
(1693, 'Adamstown', 2, 249, 0),
(1694, 'Singapore', 2, 249, 0),
(1695, 'Nouma', 2, 249, 0),
(1696, 'Citt del Vaticano', 2, 249, 0),
(1697, 'Tirana', 2, 250, 0),
(1698, 'Andorra la Vella', 2, 251, 0),
(1699, 'Willemstad', 2, 252, 0),
(1700, 'Abu Dhabi', 2, 253, 0),
(1701, 'al-Ayn', 2, 253, 0),
(1702, 'Ajman', 2, 254, 0),
(1703, 'Dubai', 2, 255, 0),
(1704, 'Sharja', 2, 256, 0),
(1705, 'La Matanza', 2, 257, 0),
(1706, 'Lomas de Zamora', 2, 257, 0),
(1707, 'Quilmes', 2, 257, 0),
(1708, 'Almirante Brown', 2, 257, 0),
(1709, 'La Plata', 2, 257, 0),
(1710, 'Mar del Plata', 2, 257, 0),
(1711, 'Lans', 2, 257, 0),
(1712, 'Merlo', 2, 257, 0),
(1713, 'General San Martn', 2, 257, 0),
(1714, 'Moreno', 2, 257, 0),
(1715, 'Avellaneda', 2, 257, 0),
(1716, 'Tres de Febrero', 2, 257, 0),
(1717, 'Morn', 2, 257, 0),
(1718, 'Florencio Varela', 2, 257, 0);
INSERT INTO `location` (`location_id`, `name`, `location_type`, `parent_id`, `is_visible`) VALUES
(1719, 'San Isidro', 2, 257, 0),
(1720, 'Tigre', 2, 257, 0),
(1721, 'Malvinas Argentinas', 2, 257, 0),
(1722, 'Vicente Lpez', 2, 257, 0),
(1723, 'Berazategui', 2, 257, 0),
(1724, 'San Miguel', 2, 257, 0),
(1725, 'Baha Blanca', 2, 257, 0),
(1726, 'Esteban Echeverra', 2, 257, 0),
(1727, 'Jos C. Paz', 2, 257, 0),
(1728, 'Hurlingham', 2, 257, 0),
(1729, 'Ituzaing', 2, 257, 0),
(1730, 'San Fernando', 2, 257, 0),
(1731, 'San Nicols de los Arroyos', 2, 257, 0),
(1732, 'Escobar', 2, 257, 0),
(1733, 'Pilar', 2, 257, 0),
(1734, 'Ezeiza', 2, 257, 0),
(1735, 'Tandil', 2, 257, 0),
(1736, 'San Fernando del Valle de Cata', 2, 258, 0),
(1737, 'Crdoba', 2, 259, 0),
(1738, 'Ro Cuarto', 2, 259, 0),
(1739, 'Montera', 2, 259, 0),
(1740, 'Resistencia', 2, 260, 0),
(1741, 'Comodoro Rivadavia', 2, 261, 0),
(1742, 'Corrientes', 2, 262, 0),
(1743, 'Buenos Aires', 2, 263, 0),
(1744, 'Braslia', 2, 263, 0),
(1745, 'Ciudad de Mxico', 2, 263, 0),
(1746, 'Caracas', 2, 263, 0),
(1747, 'Catia La Mar', 2, 263, 0),
(1748, 'Paran', 2, 264, 0),
(1749, 'Concordia', 2, 264, 0),
(1750, 'Formosa', 2, 265, 0),
(1751, 'San Salvador de Jujuy', 2, 266, 0),
(1752, 'La Rioja', 2, 267, 0),
(1753, 'Logroo', 2, 267, 0),
(1754, 'Godoy Cruz', 2, 268, 0),
(1755, 'Guaymalln', 2, 268, 0),
(1756, 'Las Heras', 2, 268, 0),
(1757, 'Mendoza', 2, 268, 0),
(1758, 'San Rafael', 2, 268, 0),
(1759, 'Posadas', 2, 269, 0),
(1760, 'Neuqun', 2, 270, 0),
(1761, 'Salta', 2, 271, 0),
(1762, 'San Juan', 2, 272, 0),
(1763, 'San Juan', 2, 272, 0),
(1764, 'San Luis', 2, 273, 0),
(1765, 'Rosario', 2, 274, 0),
(1766, 'Santa F', 2, 274, 0),
(1767, 'Santiago del Estero', 2, 275, 0),
(1768, 'San Miguel de Tucumn', 2, 276, 0),
(1769, 'Vanadzor', 2, 277, 0),
(1770, 'Yerevan', 2, 278, 0),
(1771, 'Gjumri', 2, 279, 0),
(1772, 'Tafuna', 2, 280, 0),
(1773, 'Fagatogo', 2, 280, 0),
(1774, 'Saint Johns', 2, 281, 0),
(1775, 'Canberra', 2, 282, 0),
(1776, 'Sydney', 2, 283, 0),
(1777, 'Newcastle', 2, 283, 0),
(1778, 'Central Coast', 2, 283, 0),
(1779, 'Wollongong', 2, 283, 0),
(1780, 'Brisbane', 2, 284, 0),
(1781, 'Gold Coast', 2, 284, 0),
(1782, 'Townsville', 2, 284, 0),
(1783, 'Cairns', 2, 284, 0),
(1784, 'Adelaide', 2, 285, 0),
(1785, 'Hobart', 2, 286, 0),
(1786, 'Melbourne', 2, 287, 0),
(1787, 'Geelong', 2, 287, 0),
(1788, 'Perth', 2, 288, 0),
(1789, 'Klagenfurt', 2, 289, 0),
(1790, 'Linz', 2, 290, 0),
(1791, 'Salzburg', 2, 291, 0),
(1792, 'Graz', 2, 292, 0),
(1793, 'Innsbruck', 2, 293, 0),
(1794, 'Wien', 2, 294, 0),
(1795, 'Baku', 2, 295, 0),
(1796, 'Gnc', 2, 296, 0),
(1797, 'Mingevir', 2, 297, 0),
(1798, 'Sumqayit', 2, 298, 0),
(1799, 'Bujumbura', 2, 299, 0),
(1800, 'Antwerpen', 2, 300, 0),
(1801, 'Bruxelles [Brussel]', 2, 301, 0),
(1802, 'Schaerbeek', 2, 301, 0),
(1803, 'Gent', 2, 302, 0),
(1804, 'Charleroi', 2, 303, 0),
(1805, 'Mons', 2, 303, 0),
(1806, 'Lige', 2, 304, 0),
(1807, 'Namur', 2, 305, 0),
(1808, 'Brugge', 2, 306, 0),
(1809, 'Djougou', 2, 307, 0),
(1810, 'Cotonou', 2, 308, 0),
(1811, 'Parakou', 2, 309, 0),
(1812, 'Porto-Novo', 2, 310, 0),
(1813, 'Koudougou', 2, 311, 0),
(1814, 'Bobo-Dioulasso', 2, 312, 0),
(1815, 'Ouagadougou', 2, 313, 0),
(1816, 'Barisal', 2, 314, 0),
(1817, 'Chittagong', 2, 315, 0),
(1818, 'Comilla', 2, 315, 0),
(1819, 'Brahmanbaria', 2, 315, 0),
(1820, 'Dhaka', 2, 316, 0),
(1821, 'Narayanganj', 2, 316, 0),
(1822, 'Mymensingh', 2, 316, 0),
(1823, 'Tungi', 2, 316, 0),
(1824, 'Tangail', 2, 316, 0),
(1825, 'Jamalpur', 2, 316, 0),
(1826, 'Narsinghdi', 2, 316, 0),
(1827, 'Gazipur', 2, 316, 0),
(1828, 'Khulna', 2, 317, 0),
(1829, 'Jessore', 2, 317, 0),
(1830, 'Rajshahi', 2, 318, 0),
(1831, 'Rangpur', 2, 318, 0),
(1832, 'Nawabganj', 2, 318, 0),
(1833, 'Dinajpur', 2, 318, 0),
(1834, 'Bogra', 2, 318, 0),
(1835, 'Pabna', 2, 318, 0),
(1836, 'Naogaon', 2, 318, 0),
(1837, 'Sirajganj', 2, 318, 0),
(1838, 'Saidpur', 2, 318, 0),
(1839, 'Sylhet', 2, 319, 0),
(1840, 'Burgas', 2, 320, 0),
(1841, 'Sliven', 2, 320, 0),
(1842, 'Sofija', 2, 321, 0),
(1843, 'Stara Zagora', 2, 322, 0),
(1844, 'Pleven', 2, 323, 0),
(1845, 'Plovdiv', 2, 324, 0),
(1846, 'Ruse', 2, 325, 0),
(1847, 'Varna', 2, 326, 0),
(1848, 'Dobric', 2, 326, 0),
(1849, 'umen', 2, 326, 0),
(1850, 'al-Manama', 2, 327, 0),
(1851, 'Nassau', 2, 328, 0),
(1852, 'Sarajevo', 2, 329, 0),
(1853, 'Zenica', 2, 329, 0),
(1854, 'Banja Luka', 2, 330, 0),
(1855, 'Brest', 2, 331, 0),
(1856, 'Baranoviti', 2, 331, 0),
(1857, 'Pinsk', 2, 331, 0),
(1858, 'Gomel', 2, 332, 0),
(1859, 'Mozyr', 2, 332, 0),
(1860, 'Grodno', 2, 333, 0),
(1861, 'Lida', 2, 333, 0),
(1862, 'Minsk', 2, 334, 0),
(1863, 'Borisov', 2, 335, 0),
(1864, 'Soligorsk', 2, 335, 0),
(1865, 'Molodetno', 2, 335, 0),
(1866, 'Mogiljov', 2, 336, 0),
(1867, 'Bobruisk', 2, 336, 0),
(1868, 'Vitebsk', 2, 337, 0),
(1869, 'Ora', 2, 337, 0),
(1870, 'Novopolotsk', 2, 337, 0),
(1871, 'Belize City', 2, 338, 0),
(1872, 'Belmopan', 2, 339, 0),
(1873, 'Hamilton', 2, 340, 0),
(1874, 'Hamilton', 2, 340, 0),
(1875, 'Saint George', 2, 341, 0),
(1876, 'Sucre', 2, 342, 0),
(1877, 'Cochabamba', 2, 343, 0),
(1878, 'La Paz', 2, 344, 0),
(1879, 'El Alto', 2, 344, 0),
(1880, 'Oruro', 2, 345, 0),
(1881, 'Potos', 2, 346, 0),
(1882, 'Santa Cruz de la Sierra', 2, 347, 0),
(1883, 'Tarija', 2, 348, 0),
(1884, 'Rio Branco', 2, 349, 0),
(1885, 'Macei', 2, 350, 0),
(1886, 'Arapiraca', 2, 350, 0),
(1887, 'Macap', 2, 351, 0),
(1888, 'Manaus', 2, 352, 0),
(1889, 'Salvador', 2, 353, 0),
(1890, 'Feira de Santana', 2, 353, 0),
(1891, 'Ilhus', 2, 353, 0),
(1892, 'Vitria da Conquista', 2, 353, 0),
(1893, 'Juazeiro', 2, 353, 0),
(1894, 'Itabuna', 2, 353, 0),
(1895, 'Jequi', 2, 353, 0),
(1896, 'Camaari', 2, 353, 0),
(1897, 'Barreiras', 2, 353, 0),
(1898, 'Alagoinhas', 2, 353, 0),
(1899, 'Lauro de Freitas', 2, 353, 0),
(1900, 'Teixeira de Freitas', 2, 353, 0),
(1901, 'Paulo Afonso', 2, 353, 0),
(1902, 'Eunpolis', 2, 353, 0),
(1903, 'Jacobina', 2, 353, 0),
(1904, 'Fortaleza', 2, 354, 0),
(1905, 'Caucaia', 2, 354, 0),
(1906, 'Juazeiro do Norte', 2, 354, 0),
(1907, 'Maracana', 2, 354, 0),
(1908, 'Sobral', 2, 354, 0),
(1909, 'Crato', 2, 354, 0),
(1910, 'Buenos Aires', 2, 355, 0),
(1911, 'Braslia', 2, 355, 0),
(1912, 'Ciudad de Mxico', 2, 355, 0),
(1913, 'Caracas', 2, 355, 0),
(1914, 'Catia La Mar', 2, 355, 0),
(1915, 'Cariacica', 2, 356, 0),
(1916, 'Vila Velha', 2, 356, 0),
(1917, 'Serra', 2, 356, 0),
(1918, 'Vitria', 2, 356, 0),
(1919, 'Cachoeiro de Itapemirim', 2, 356, 0),
(1920, 'Colatina', 2, 356, 0),
(1921, 'Linhares', 2, 356, 0),
(1922, 'Goinia', 2, 357, 0),
(1923, 'Aparecida de Goinia', 2, 357, 0),
(1924, 'Anpolis', 2, 357, 0),
(1925, 'Luzinia', 2, 357, 0),
(1926, 'Rio Verde', 2, 357, 0),
(1927, 'guas Lindas de Gois', 2, 357, 0),
(1928, 'So Lus', 2, 358, 0),
(1929, 'Imperatriz', 2, 358, 0),
(1930, 'Caxias', 2, 358, 0),
(1931, 'Timon', 2, 358, 0),
(1932, 'Cod', 2, 358, 0),
(1933, 'So Jos de Ribamar', 2, 358, 0),
(1934, 'Bacabal', 2, 358, 0),
(1935, 'Cuiab', 2, 359, 0),
(1936, 'Vrzea Grande', 2, 359, 0),
(1937, 'Rondonpolis', 2, 359, 0),
(1938, 'Campo Grande', 2, 360, 0),
(1939, 'Dourados', 2, 360, 0),
(1940, 'Corumb', 2, 360, 0),
(1941, 'Belo Horizonte', 2, 361, 0),
(1942, 'Contagem', 2, 361, 0),
(1943, 'Uberlndia', 2, 361, 0),
(1944, 'Juiz de Fora', 2, 361, 0),
(1945, 'Betim', 2, 361, 0),
(1946, 'Montes Claros', 2, 361, 0),
(1947, 'Uberaba', 2, 361, 0),
(1948, 'Ribeiro das Neves', 2, 361, 0),
(1949, 'Governador Valadares', 2, 361, 0),
(1950, 'Ipatinga', 2, 361, 0),
(1951, 'Divinpolis', 2, 361, 0),
(1952, 'Sete Lagoas', 2, 361, 0),
(1953, 'Santa Luzia', 2, 361, 0),
(1954, 'Poos de Caldas', 2, 361, 0),
(1955, 'Ibirit', 2, 361, 0),
(1956, 'Tefilo Otoni', 2, 361, 0),
(1957, 'Patos de Minas', 2, 361, 0),
(1958, 'Barbacena', 2, 361, 0),
(1959, 'Varginha', 2, 361, 0),
(1960, 'Sabar', 2, 361, 0),
(1961, 'Itabira', 2, 361, 0),
(1962, 'Pouso Alegre', 2, 361, 0),
(1963, 'Passos', 2, 361, 0),
(1964, 'Araguari', 2, 361, 0),
(1965, 'Conselheiro Lafaiete', 2, 361, 0),
(1966, 'Coronel Fabriciano', 2, 361, 0),
(1967, 'Ituiutaba', 2, 361, 0),
(1968, 'Joo Pessoa', 2, 362, 0),
(1969, 'Campina Grande', 2, 362, 0),
(1970, 'Santa Rita', 2, 362, 0),
(1971, 'Patos', 2, 362, 0),
(1972, 'Curitiba', 2, 363, 0),
(1973, 'Londrina', 2, 363, 0),
(1974, 'Maring', 2, 363, 0),
(1975, 'Ponta Grossa', 2, 363, 0),
(1976, 'Foz do Iguau', 2, 363, 0),
(1977, 'Cascavel', 2, 363, 0),
(1978, 'So Jos dos Pinhais', 2, 363, 0),
(1979, 'Colombo', 2, 363, 0),
(1980, 'Guarapuava', 2, 363, 0),
(1981, 'Paranagu', 2, 363, 0),
(1982, 'Apucarana', 2, 363, 0),
(1983, 'Toledo', 2, 363, 0),
(1984, 'Pinhais', 2, 363, 0),
(1985, 'Campo Largo', 2, 363, 0),
(1986, 'Belm', 2, 364, 0),
(1987, 'Ananindeua', 2, 364, 0),
(1988, 'Santarm', 2, 364, 0),
(1989, 'Marab', 2, 364, 0),
(1990, 'Castanhal', 2, 364, 0),
(1991, 'Abaetetuba', 2, 364, 0),
(1992, 'Itaituba', 2, 364, 0),
(1993, 'Camet', 2, 364, 0),
(1994, 'Recife', 2, 365, 0),
(1995, 'Jaboato dos Guararapes', 2, 365, 0),
(1996, 'Olinda', 2, 365, 0),
(1997, 'Paulista', 2, 365, 0),
(1998, 'Caruaru', 2, 365, 0),
(1999, 'Petrolina', 2, 365, 0),
(2000, 'Cabo de Santo Agostinho', 2, 365, 0),
(2001, 'Camaragibe', 2, 365, 0),
(2002, 'Garanhuns', 2, 365, 0),
(2003, 'Vitria de Santo Anto', 2, 365, 0),
(2004, 'So Loureno da Mata', 2, 365, 0),
(2005, 'Teresina', 2, 366, 0),
(2006, 'Parnaba', 2, 366, 0),
(2007, 'Rio de Janeiro', 2, 367, 0),
(2008, 'So Gonalo', 2, 367, 0),
(2009, 'Nova Iguau', 2, 367, 0),
(2010, 'Duque de Caxias', 2, 367, 0),
(2011, 'Niteri', 2, 367, 0),
(2012, 'So Joo de Meriti', 2, 367, 0),
(2013, 'Belford Roxo', 2, 367, 0),
(2014, 'Campos dos Goytacazes', 2, 367, 0),
(2015, 'Petrpolis', 2, 367, 0),
(2016, 'Volta Redonda', 2, 367, 0),
(2017, 'Mag', 2, 367, 0),
(2018, 'Itabora', 2, 367, 0),
(2019, 'Nova Friburgo', 2, 367, 0),
(2020, 'Barra Mansa', 2, 367, 0),
(2021, 'Nilpolis', 2, 367, 0),
(2022, 'Terespolis', 2, 367, 0),
(2023, 'Maca', 2, 367, 0),
(2024, 'Cabo Frio', 2, 367, 0),
(2025, 'Queimados', 2, 367, 0),
(2026, 'Resende', 2, 367, 0),
(2027, 'Angra dos Reis', 2, 367, 0),
(2028, 'Barra do Pira', 2, 367, 0),
(2029, 'Natal', 2, 368, 0),
(2030, 'Mossor', 2, 368, 0),
(2031, 'Parnamirim', 2, 368, 0),
(2032, 'Porto Alegre', 2, 369, 0),
(2033, 'Caxias do Sul', 2, 369, 0),
(2034, 'Pelotas', 2, 369, 0),
(2035, 'Canoas', 2, 369, 0),
(2036, 'Novo Hamburgo', 2, 369, 0),
(2037, 'Santa Maria', 2, 369, 0),
(2038, 'Gravata', 2, 369, 0),
(2039, 'Viamo', 2, 369, 0),
(2040, 'So Leopoldo', 2, 369, 0),
(2041, 'Rio Grande', 2, 369, 0),
(2042, 'Alvorada', 2, 369, 0),
(2043, 'Passo Fundo', 2, 369, 0),
(2044, 'Uruguaiana', 2, 369, 0),
(2045, 'Bag', 2, 369, 0),
(2046, 'Sapucaia do Sul', 2, 369, 0),
(2047, 'Santa Cruz do Sul', 2, 369, 0),
(2048, 'Cachoeirinha', 2, 369, 0),
(2049, 'Guaba', 2, 369, 0),
(2050, 'Santana do Livramento', 2, 369, 0),
(2051, 'Bento Gonalves', 2, 369, 0),
(2052, 'Porto Velho', 2, 370, 0),
(2053, 'Ji-Paran', 2, 370, 0),
(2054, 'Boa Vista', 2, 371, 0),
(2055, 'Joinville', 2, 372, 0),
(2056, 'Florianpolis', 2, 372, 0),
(2057, 'Blumenau', 2, 372, 0),
(2058, 'Cricima', 2, 372, 0),
(2059, 'So Jos', 2, 372, 0),
(2060, 'Itaja', 2, 372, 0),
(2061, 'Chapec', 2, 372, 0),
(2062, 'Lages', 2, 372, 0),
(2063, 'Jaragu do Sul', 2, 372, 0),
(2064, 'Palhoa', 2, 372, 0),
(2065, 'So Paulo', 2, 373, 0),
(2066, 'Guarulhos', 2, 373, 0),
(2067, 'Campinas', 2, 373, 0),
(2068, 'So Bernardo do Campo', 2, 373, 0),
(2069, 'Osasco', 2, 373, 0),
(2070, 'Santo Andr', 2, 373, 0),
(2071, 'So Jos dos Campos', 2, 373, 0),
(2072, 'Ribeiro Preto', 2, 373, 0),
(2073, 'Sorocaba', 2, 373, 0),
(2074, 'Santos', 2, 373, 0),
(2075, 'Mau', 2, 373, 0),
(2076, 'Carapicuba', 2, 373, 0),
(2077, 'So Jos do Rio Preto', 2, 373, 0),
(2078, 'Moji das Cruzes', 2, 373, 0),
(2079, 'Diadema', 2, 373, 0),
(2080, 'Piracicaba', 2, 373, 0),
(2081, 'Bauru', 2, 373, 0),
(2082, 'Junda', 2, 373, 0),
(2083, 'Franca', 2, 373, 0),
(2084, 'So Vicente', 2, 373, 0),
(2085, 'Itaquaquecetuba', 2, 373, 0),
(2086, 'Limeira', 2, 373, 0),
(2087, 'Guaruj', 2, 373, 0),
(2088, 'Taubat', 2, 373, 0),
(2089, 'Embu', 2, 373, 0),
(2090, 'Barueri', 2, 373, 0),
(2091, 'Taboo da Serra', 2, 373, 0),
(2092, 'Suzano', 2, 373, 0),
(2093, 'Marlia', 2, 373, 0),
(2094, 'So Carlos', 2, 373, 0),
(2095, 'Sumar', 2, 373, 0),
(2096, 'Presidente Prudente', 2, 373, 0),
(2097, 'Americana', 2, 373, 0),
(2098, 'Araraquara', 2, 373, 0),
(2099, 'Santa Brbara dOeste', 2, 373, 0),
(2100, 'Jacare', 2, 373, 0),
(2101, 'Araatuba', 2, 373, 0),
(2102, 'Praia Grande', 2, 373, 0),
(2103, 'Rio Claro', 2, 373, 0),
(2104, 'Itapevi', 2, 373, 0),
(2105, 'Cotia', 2, 373, 0),
(2106, 'Ferraz de Vasconcelos', 2, 373, 0),
(2107, 'Indaiatuba', 2, 373, 0),
(2108, 'Hortolndia', 2, 373, 0),
(2109, 'So Caetano do Sul', 2, 373, 0),
(2110, 'Itu', 2, 373, 0),
(2111, 'Itapecerica da Serra', 2, 373, 0),
(2112, 'Moji-Guau', 2, 373, 0),
(2113, 'Pindamonhangaba', 2, 373, 0),
(2114, 'Francisco Morato', 2, 373, 0),
(2115, 'Itapetininga', 2, 373, 0),
(2116, 'Bragana Paulista', 2, 373, 0),
(2117, 'Ja', 2, 373, 0),
(2118, 'Franco da Rocha', 2, 373, 0),
(2119, 'Ribeiro Pires', 2, 373, 0),
(2120, 'Catanduva', 2, 373, 0),
(2121, 'Botucatu', 2, 373, 0),
(2122, 'Barretos', 2, 373, 0),
(2123, 'Guaratinguet', 2, 373, 0),
(2124, 'Cubato', 2, 373, 0),
(2125, 'Araras', 2, 373, 0),
(2126, 'Atibaia', 2, 373, 0),
(2127, 'Sertozinho', 2, 373, 0),
(2128, 'Salto', 2, 373, 0),
(2129, 'Ourinhos', 2, 373, 0),
(2130, 'Birigui', 2, 373, 0),
(2131, 'Tatu', 2, 373, 0),
(2132, 'Votorantim', 2, 373, 0),
(2133, 'Po', 2, 373, 0),
(2134, 'Aracaju', 2, 374, 0),
(2135, 'Nossa Senhora do Socorro', 2, 374, 0),
(2136, 'Palmas', 2, 375, 0),
(2137, 'Araguana', 2, 375, 0),
(2138, 'Bridgetown', 2, 376, 0),
(2139, 'Bandar Seri Begawan', 2, 377, 0),
(2140, 'Thimphu', 2, 378, 0),
(2141, 'Francistown', 2, 379, 0),
(2142, 'Gaborone', 2, 380, 0),
(2143, 'Bangui', 2, 381, 0),
(2144, 'Calgary', 2, 382, 0),
(2145, 'Edmonton', 2, 382, 0),
(2146, 'Vancouver', 2, 383, 0),
(2147, 'Surrey', 2, 383, 0),
(2148, 'Burnaby', 2, 383, 0),
(2149, 'Richmond', 2, 383, 0),
(2150, 'Abbotsford', 2, 383, 0),
(2151, 'Coquitlam', 2, 383, 0),
(2152, 'Saanich', 2, 383, 0),
(2153, 'Delta', 2, 383, 0),
(2154, 'Kelowna', 2, 383, 0),
(2155, 'Winnipeg', 2, 384, 0),
(2156, 'Saint Johns', 2, 385, 0),
(2157, 'Cape Breton', 2, 386, 0),
(2158, 'Halifax', 2, 386, 0),
(2159, 'Toronto', 2, 387, 0),
(2160, 'North York', 2, 387, 0),
(2161, 'Mississauga', 2, 387, 0),
(2162, 'Scarborough', 2, 387, 0),
(2163, 'Etobicoke', 2, 387, 0),
(2164, 'London', 2, 387, 0),
(2165, 'Hamilton', 2, 387, 0),
(2166, 'Ottawa', 2, 387, 0),
(2167, 'Brampton', 2, 387, 0),
(2168, 'Windsor', 2, 387, 0),
(2169, 'Kitchener', 2, 387, 0),
(2170, 'Markham', 2, 387, 0),
(2171, 'York', 2, 387, 0),
(2172, 'Vaughan', 2, 387, 0),
(2173, 'Burlington', 2, 387, 0),
(2174, 'Oshawa', 2, 387, 0),
(2175, 'Oakville', 2, 387, 0),
(2176, 'Saint Catharines', 2, 387, 0),
(2177, 'Richmond Hill', 2, 387, 0),
(2178, 'Thunder Bay', 2, 387, 0),
(2179, 'Nepean', 2, 387, 0),
(2180, 'East York', 2, 387, 0),
(2181, 'Cambridge', 2, 387, 0),
(2182, 'Gloucester', 2, 387, 0),
(2183, 'Guelph', 2, 387, 0),
(2184, 'Sudbury', 2, 387, 0),
(2185, 'Barrie', 2, 387, 0),
(2186, 'Montral', 2, 388, 0),
(2187, 'Laval', 2, 388, 0),
(2188, 'Qubec', 2, 388, 0),
(2189, 'Longueuil', 2, 388, 0),
(2190, 'Gatineau', 2, 388, 0),
(2191, 'Saskatoon', 2, 389, 0),
(2192, 'Regina', 2, 389, 0),
(2193, 'Bantam', 2, 390, 0),
(2194, 'West Island', 2, 391, 0),
(2195, 'Basel', 2, 392, 0),
(2196, 'Bern', 2, 393, 0),
(2197, 'Geneve', 2, 394, 0),
(2198, 'Lausanne', 2, 395, 0),
(2199, 'Zrich', 2, 396, 0),
(2200, 'Antofagasta', 2, 397, 0),
(2201, 'Calama', 2, 397, 0),
(2202, 'Copiap', 2, 398, 0),
(2203, 'Talcahuano', 2, 399, 0),
(2204, 'Concepcin', 2, 399, 0),
(2205, 'Chilln', 2, 399, 0),
(2206, 'Los Angeles', 2, 399, 0),
(2207, 'Coronel', 2, 399, 0),
(2208, 'San Pedro de la Paz', 2, 399, 0),
(2209, 'Coquimbo', 2, 400, 0),
(2210, 'La Serena', 2, 400, 0),
(2211, 'Ovalle', 2, 400, 0),
(2212, 'Temuco', 2, 401, 0),
(2213, 'Puerto Montt', 2, 402, 0),
(2214, 'Osorno', 2, 402, 0),
(2215, 'Valdivia', 2, 402, 0),
(2216, 'Punta Arenas', 2, 403, 0),
(2217, 'Talca', 2, 404, 0),
(2218, 'Curic', 2, 404, 0),
(2219, 'Rancagua', 2, 405, 0),
(2220, 'Santiago de Chile', 2, 406, 0),
(2221, 'Puente Alto', 2, 406, 0),
(2222, 'San Bernardo', 2, 406, 0),
(2223, 'Melipilla', 2, 406, 0),
(2224, 'Santiago de los Caballeros', 2, 406, 0),
(2225, 'Arica', 2, 407, 0),
(2226, 'Iquique', 2, 407, 0),
(2227, 'Via del Mar', 2, 408, 0),
(2228, 'Valparaso', 2, 408, 0),
(2229, 'Quilpu', 2, 408, 0),
(2230, 'Hefei', 2, 409, 0),
(2231, 'Huainan', 2, 409, 0),
(2232, 'Bengbu', 2, 409, 0),
(2233, 'Wuhu', 2, 409, 0),
(2234, 'Huaibei', 2, 409, 0),
(2235, 'Maanshan', 2, 409, 0),
(2236, 'Anqing', 2, 409, 0),
(2237, 'Tongling', 2, 409, 0),
(2238, 'Fuyang', 2, 409, 0),
(2239, 'Suzhou', 2, 409, 0),
(2240, 'Liuan', 2, 409, 0),
(2241, 'Chuzhou', 2, 409, 0),
(2242, 'Chaohu', 2, 409, 0),
(2243, 'Xuangzhou', 2, 409, 0),
(2244, 'Bozhou', 2, 409, 0),
(2245, 'Huangshan', 2, 409, 0),
(2246, 'Chongqing', 2, 410, 0),
(2247, 'Fuzhou', 2, 411, 0),
(2248, 'Amoy [Xiamen]', 2, 411, 0),
(2249, 'Nanping', 2, 411, 0),
(2250, 'Quanzhou', 2, 411, 0),
(2251, 'Zhangzhou', 2, 411, 0),
(2252, 'Sanming', 2, 411, 0),
(2253, 'Longyan', 2, 411, 0),
(2254, 'Yongan', 2, 411, 0),
(2255, 'Fuan', 2, 411, 0),
(2256, 'Fuqing', 2, 411, 0),
(2257, 'Putian', 2, 411, 0),
(2258, 'Shaowu', 2, 411, 0),
(2259, 'Lanzhou', 2, 412, 0),
(2260, 'Tianshui', 2, 412, 0),
(2261, 'Baiyin', 2, 412, 0),
(2262, 'Wuwei', 2, 412, 0),
(2263, 'Yumen', 2, 412, 0),
(2264, 'Jinchang', 2, 412, 0),
(2265, 'Pingliang', 2, 412, 0),
(2266, 'Kanton [Guangzhou]', 2, 413, 0),
(2267, 'Shenzhen', 2, 413, 0),
(2268, 'Shantou', 2, 413, 0),
(2269, 'Zhangjiang', 2, 413, 0),
(2270, 'Shaoguan', 2, 413, 0),
(2271, 'Chaozhou', 2, 413, 0),
(2272, 'Dongwan', 2, 413, 0),
(2273, 'Foshan', 2, 413, 0),
(2274, 'Zhongshan', 2, 413, 0),
(2275, 'Jiangmen', 2, 413, 0),
(2276, 'Yangjiang', 2, 413, 0),
(2277, 'Zhaoqing', 2, 413, 0),
(2278, 'Maoming', 2, 413, 0),
(2279, 'Zhuhai', 2, 413, 0),
(2280, 'Qingyuan', 2, 413, 0),
(2281, 'Huizhou', 2, 413, 0),
(2282, 'Meixian', 2, 413, 0),
(2283, 'Heyuan', 2, 413, 0),
(2284, 'Shanwei', 2, 413, 0),
(2285, 'Jieyang', 2, 413, 0),
(2286, 'Nanning', 2, 414, 0),
(2287, 'Liuzhou', 2, 414, 0),
(2288, 'Guilin', 2, 414, 0),
(2289, 'Wuzhou', 2, 414, 0),
(2290, 'Yulin', 2, 414, 0),
(2291, 'Qinzhou', 2, 414, 0),
(2292, 'Guigang', 2, 414, 0),
(2293, 'Beihai', 2, 414, 0),
(2294, 'Bose', 2, 414, 0),
(2295, 'Guiyang', 2, 415, 0),
(2296, 'Liupanshui', 2, 415, 0),
(2297, 'Zunyi', 2, 415, 0),
(2298, 'Anshun', 2, 415, 0),
(2299, 'Duyun', 2, 415, 0),
(2300, 'Kaili', 2, 415, 0),
(2301, 'Haikou', 2, 416, 0),
(2302, 'Sanya', 2, 416, 0),
(2303, 'Shijiazhuang', 2, 417, 0),
(2304, 'Tangshan', 2, 417, 0),
(2305, 'Handan', 2, 417, 0),
(2306, 'Zhangjiakou', 2, 417, 0),
(2307, 'Baoding', 2, 417, 0),
(2308, 'Qinhuangdao', 2, 417, 0),
(2309, 'Xingtai', 2, 417, 0),
(2310, 'Chengde', 2, 417, 0),
(2311, 'Cangzhou', 2, 417, 0),
(2312, 'Langfang', 2, 417, 0),
(2313, 'Renqiu', 2, 417, 0),
(2314, 'Hengshui', 2, 417, 0),
(2315, 'Harbin', 2, 418, 0),
(2316, 'Qiqihar', 2, 418, 0),
(2317, 'Yichun', 2, 418, 0),
(2318, 'Jixi', 2, 418, 0),
(2319, 'Daqing', 2, 418, 0),
(2320, 'Mudanjiang', 2, 418, 0),
(2321, 'Hegang', 2, 418, 0),
(2322, 'Jiamusi', 2, 418, 0),
(2323, 'Shuangyashan', 2, 418, 0),
(2324, 'Tieli', 2, 418, 0),
(2325, 'Suihua', 2, 418, 0),
(2326, 'Shangzi', 2, 418, 0),
(2327, 'Qitaihe', 2, 418, 0),
(2328, 'Beian', 2, 418, 0),
(2329, 'Acheng', 2, 418, 0),
(2330, 'Zhaodong', 2, 418, 0),
(2331, 'Shuangcheng', 2, 418, 0),
(2332, 'Anda', 2, 418, 0),
(2333, 'Hailun', 2, 418, 0),
(2334, 'Mishan', 2, 418, 0),
(2335, 'Fujin', 2, 418, 0),
(2336, 'Zhengzhou', 2, 419, 0),
(2337, 'Luoyang', 2, 419, 0),
(2338, 'Kaifeng', 2, 419, 0),
(2339, 'Xinxiang', 2, 419, 0),
(2340, 'Anyang', 2, 419, 0),
(2341, 'Pingdingshan', 2, 419, 0),
(2342, 'Jiaozuo', 2, 419, 0),
(2343, 'Nanyang', 2, 419, 0),
(2344, 'Hebi', 2, 419, 0),
(2345, 'Xuchang', 2, 419, 0),
(2346, 'Xinyang', 2, 419, 0),
(2347, 'Puyang', 2, 419, 0),
(2348, 'Shangqiu', 2, 419, 0),
(2349, 'Zhoukou', 2, 419, 0),
(2350, 'Luohe', 2, 419, 0),
(2351, 'Zhumadian', 2, 419, 0),
(2352, 'Sanmenxia', 2, 419, 0),
(2353, 'Yuzhou', 2, 419, 0),
(2354, 'Wuhan', 2, 420, 0),
(2355, 'Huangshi', 2, 420, 0),
(2356, 'Xiangfan', 2, 420, 0),
(2357, 'Yichang', 2, 420, 0),
(2358, 'Shashi', 2, 420, 0),
(2359, 'Shiyan', 2, 420, 0),
(2360, 'Xiantao', 2, 420, 0),
(2361, 'Qianjiang', 2, 420, 0),
(2362, 'Honghu', 2, 420, 0),
(2363, 'Ezhou', 2, 420, 0),
(2364, 'Tianmen', 2, 420, 0),
(2365, 'Xiaogan', 2, 420, 0),
(2366, 'Zaoyang', 2, 420, 0),
(2367, 'Jinmen', 2, 420, 0),
(2368, 'Suizhou', 2, 420, 0),
(2369, 'Xianning', 2, 420, 0),
(2370, 'Laohekou', 2, 420, 0),
(2371, 'Puqi', 2, 420, 0),
(2372, 'Shishou', 2, 420, 0),
(2373, 'Danjiangkou', 2, 420, 0),
(2374, 'Guangshui', 2, 420, 0),
(2375, 'Enshi', 2, 420, 0),
(2376, 'Changsha', 2, 421, 0),
(2377, 'Hengyang', 2, 421, 0),
(2378, 'Xiangtan', 2, 421, 0),
(2379, 'Zhuzhou', 2, 421, 0),
(2380, 'Yueyang', 2, 421, 0),
(2381, 'Changde', 2, 421, 0),
(2382, 'Shaoyang', 2, 421, 0),
(2383, 'Yiyang', 2, 421, 0),
(2384, 'Chenzhou', 2, 421, 0),
(2385, 'Lengshuijiang', 2, 421, 0),
(2386, 'Leiyang', 2, 421, 0),
(2387, 'Loudi', 2, 421, 0),
(2388, 'Huaihua', 2, 421, 0),
(2389, 'Lianyuan', 2, 421, 0),
(2390, 'Hongjiang', 2, 421, 0),
(2391, 'Zixing', 2, 421, 0),
(2392, 'Liling', 2, 421, 0),
(2393, 'Yuanjiang', 2, 421, 0),
(2394, 'Baotou', 2, 422, 0),
(2395, 'Hohhot', 2, 422, 0),
(2396, 'Yakeshi', 2, 422, 0),
(2397, 'Chifeng', 2, 422, 0),
(2398, 'Wuhai', 2, 422, 0),
(2399, 'Tongliao', 2, 422, 0),
(2400, 'Hailar', 2, 422, 0),
(2401, 'Jining', 2, 422, 0),
(2402, 'Ulanhot', 2, 422, 0),
(2403, 'Linhe', 2, 422, 0),
(2404, 'Zalantun', 2, 422, 0),
(2405, 'Manzhouli', 2, 422, 0),
(2406, 'Xilin Hot', 2, 422, 0),
(2407, 'Nanking [Nanjing]', 2, 423, 0),
(2408, 'Wuxi', 2, 423, 0),
(2409, 'Xuzhou', 2, 423, 0),
(2410, 'Suzhou', 2, 423, 0),
(2411, 'Changzhou', 2, 423, 0),
(2412, 'Zhenjiang', 2, 423, 0),
(2413, 'Lianyungang', 2, 423, 0),
(2414, 'Nantong', 2, 423, 0),
(2415, 'Yangzhou', 2, 423, 0),
(2416, 'Yancheng', 2, 423, 0),
(2417, 'Huaiyin', 2, 423, 0),
(2418, 'Jiangyin', 2, 423, 0),
(2419, 'Yixing', 2, 423, 0),
(2420, 'Dongtai', 2, 423, 0),
(2421, 'Changshu', 2, 423, 0),
(2422, 'Danyang', 2, 423, 0),
(2423, 'Xinghua', 2, 423, 0),
(2424, 'Taizhou', 2, 423, 0),
(2425, 'Huaian', 2, 423, 0),
(2426, 'Qidong', 2, 423, 0),
(2427, 'Liyang', 2, 423, 0),
(2428, 'Yizheng', 2, 423, 0),
(2429, 'Suqian', 2, 423, 0),
(2430, 'Kunshan', 2, 423, 0),
(2431, 'Zhangjiagang', 2, 423, 0),
(2432, 'Nanchang', 2, 424, 0),
(2433, 'Pingxiang', 2, 424, 0),
(2434, 'Jiujiang', 2, 424, 0),
(2435, 'Jingdezhen', 2, 424, 0),
(2436, 'Ganzhou', 2, 424, 0),
(2437, 'Fengcheng', 2, 424, 0),
(2438, 'Xinyu', 2, 424, 0),
(2439, 'Yichun', 2, 424, 0),
(2440, 'Jian', 2, 424, 0),
(2441, 'Shangrao', 2, 424, 0),
(2442, 'Linchuan', 2, 424, 0),
(2443, 'Changchun', 2, 425, 0),
(2444, 'Jilin', 2, 425, 0),
(2445, 'Hunjiang', 2, 425, 0),
(2446, 'Liaoyuan', 2, 425, 0),
(2447, 'Tonghua', 2, 425, 0),
(2448, 'Siping', 2, 425, 0),
(2449, 'Dunhua', 2, 425, 0),
(2450, 'Yanji', 2, 425, 0),
(2451, 'Gongziling', 2, 425, 0),
(2452, 'Baicheng', 2, 425, 0),
(2453, 'Meihekou', 2, 425, 0),
(2454, 'Fuyu', 2, 425, 0),
(2455, 'Jiutai', 2, 425, 0),
(2456, 'Jiaohe', 2, 425, 0),
(2457, 'Huadian', 2, 425, 0),
(2458, 'Taonan', 2, 425, 0),
(2459, 'Longjing', 2, 425, 0),
(2460, 'Daan', 2, 425, 0),
(2461, 'Yushu', 2, 425, 0),
(2462, 'Tumen', 2, 425, 0),
(2463, 'Shenyang', 2, 426, 0),
(2464, 'Dalian', 2, 426, 0),
(2465, 'Anshan', 2, 426, 0),
(2466, 'Fushun', 2, 426, 0),
(2467, 'Benxi', 2, 426, 0),
(2468, 'Fuxin', 2, 426, 0),
(2469, 'Jinzhou', 2, 426, 0),
(2470, 'Dandong', 2, 426, 0),
(2471, 'Liaoyang', 2, 426, 0),
(2472, 'Yingkou', 2, 426, 0),
(2473, 'Panjin', 2, 426, 0),
(2474, 'Jinxi', 2, 426, 0),
(2475, 'Tieling', 2, 426, 0),
(2476, 'Wafangdian', 2, 426, 0),
(2477, 'Chaoyang', 2, 426, 0),
(2478, 'Haicheng', 2, 426, 0),
(2479, 'Beipiao', 2, 426, 0),
(2480, 'Tiefa', 2, 426, 0),
(2481, 'Kaiyuan', 2, 426, 0),
(2482, 'Xingcheng', 2, 426, 0),
(2483, 'Jinzhou', 2, 426, 0),
(2484, 'Yinchuan', 2, 427, 0),
(2485, 'Shizuishan', 2, 427, 0),
(2486, 'Peking', 2, 428, 0),
(2487, 'Tong Xian', 2, 428, 0),
(2488, 'Xining', 2, 429, 0),
(2489, 'Xian', 2, 430, 0),
(2490, 'Xianyang', 2, 430, 0),
(2491, 'Baoji', 2, 430, 0),
(2492, 'Tongchuan', 2, 430, 0),
(2493, 'Hanzhong', 2, 430, 0),
(2494, 'Ankang', 2, 430, 0),
(2495, 'Weinan', 2, 430, 0),
(2496, 'Yanan', 2, 430, 0),
(2497, 'Qingdao', 2, 431, 0),
(2498, 'Jinan', 2, 431, 0),
(2499, 'Zibo', 2, 431, 0),
(2500, 'Yantai', 2, 431, 0),
(2501, 'Weifang', 2, 431, 0),
(2502, 'Zaozhuang', 2, 431, 0),
(2503, 'Taian', 2, 431, 0),
(2504, 'Linyi', 2, 431, 0),
(2505, 'Tengzhou', 2, 431, 0),
(2506, 'Dongying', 2, 431, 0),
(2507, 'Xintai', 2, 431, 0),
(2508, 'Jining', 2, 431, 0),
(2509, 'Laiwu', 2, 431, 0),
(2510, 'Liaocheng', 2, 431, 0),
(2511, 'Laizhou', 2, 431, 0),
(2512, 'Dezhou', 2, 431, 0),
(2513, 'Heze', 2, 431, 0),
(2514, 'Rizhao', 2, 431, 0),
(2515, 'Liangcheng', 2, 431, 0),
(2516, 'Jiaozhou', 2, 431, 0),
(2517, 'Pingdu', 2, 431, 0),
(2518, 'Longkou', 2, 431, 0),
(2519, 'Laiyang', 2, 431, 0),
(2520, 'Wendeng', 2, 431, 0),
(2521, 'Binzhou', 2, 431, 0),
(2522, 'Weihai', 2, 431, 0),
(2523, 'Qingzhou', 2, 431, 0),
(2524, 'Linqing', 2, 431, 0),
(2525, 'Jiaonan', 2, 431, 0),
(2526, 'Zhucheng', 2, 431, 0),
(2527, 'Junan', 2, 431, 0),
(2528, 'Pingyi', 2, 431, 0),
(2529, 'Shanghai', 2, 432, 0),
(2530, 'Taiyuan', 2, 433, 0),
(2531, 'Datong', 2, 433, 0),
(2532, 'Yangquan', 2, 433, 0),
(2533, 'Changzhi', 2, 433, 0),
(2534, 'Yuci', 2, 433, 0),
(2535, 'Linfen', 2, 433, 0),
(2536, 'Jincheng', 2, 433, 0),
(2537, 'Yuncheng', 2, 433, 0),
(2538, 'Xinzhou', 2, 433, 0),
(2539, 'Chengdu', 2, 434, 0),
(2540, 'Panzhihua', 2, 434, 0),
(2541, 'Zigong', 2, 434, 0),
(2542, 'Leshan', 2, 434, 0),
(2543, 'Mianyang', 2, 434, 0),
(2544, 'Luzhou', 2, 434, 0),
(2545, 'Neijiang', 2, 434, 0),
(2546, 'Yibin', 2, 434, 0),
(2547, 'Daxian', 2, 434, 0),
(2548, 'Deyang', 2, 434, 0),
(2549, 'Guangyuan', 2, 434, 0),
(2550, 'Nanchong', 2, 434, 0),
(2551, 'Jiangyou', 2, 434, 0),
(2552, 'Fuling', 2, 434, 0),
(2553, 'Wanxian', 2, 434, 0),
(2554, 'Suining', 2, 434, 0),
(2555, 'Xichang', 2, 434, 0),
(2556, 'Dujiangyan', 2, 434, 0),
(2557, 'Yaan', 2, 434, 0),
(2558, 'Emeishan', 2, 434, 0),
(2559, 'Huaying', 2, 434, 0),
(2560, 'Tianjin', 2, 435, 0),
(2561, 'Lhasa', 2, 436, 0),
(2562, 'Urumti [rmqi]', 2, 437, 0),
(2563, 'Shihezi', 2, 437, 0),
(2564, 'Qaramay', 2, 437, 0),
(2565, 'Ghulja', 2, 437, 0),
(2566, 'Qashqar', 2, 437, 0),
(2567, 'Aqsu', 2, 437, 0),
(2568, 'Hami', 2, 437, 0),
(2569, 'Korla', 2, 437, 0),
(2570, 'Changji', 2, 437, 0),
(2571, 'Kuytun', 2, 437, 0),
(2572, 'Kunming', 2, 438, 0),
(2573, 'Gejiu', 2, 438, 0),
(2574, 'Qujing', 2, 438, 0),
(2575, 'Dali', 2, 438, 0),
(2576, 'Kaiyuan', 2, 438, 0),
(2577, 'Hangzhou', 2, 439, 0),
(2578, 'Ningbo', 2, 439, 0),
(2579, 'Wenzhou', 2, 439, 0),
(2580, 'Huzhou', 2, 439, 0),
(2581, 'Jiaxing', 2, 439, 0),
(2582, 'Shaoxing', 2, 439, 0),
(2583, 'Xiaoshan', 2, 439, 0),
(2584, 'Ruian', 2, 439, 0),
(2585, 'Zhoushan', 2, 439, 0),
(2586, 'Jinhua', 2, 439, 0),
(2587, 'Yuyao', 2, 439, 0),
(2588, 'Quzhou', 2, 439, 0),
(2589, 'Cixi', 2, 439, 0),
(2590, 'Haining', 2, 439, 0),
(2591, 'Linhai', 2, 439, 0),
(2592, 'Huangyan', 2, 439, 0),
(2593, 'Abidjan', 2, 440, 0),
(2594, 'Bouak', 2, 441, 0),
(2595, 'Daloa', 2, 442, 0),
(2596, 'Korhogo', 2, 443, 0),
(2597, 'Yamoussoukro', 2, 444, 0),
(2598, 'Yaound', 2, 445, 0),
(2599, 'Tours', 2, 445, 0),
(2600, 'Orlans', 2, 445, 0),
(2601, 'Maroua', 2, 446, 0),
(2602, 'Douala', 2, 447, 0),
(2603, 'Nkongsamba', 2, 447, 0),
(2604, 'Le-Cap-Hatien', 2, 448, 0),
(2605, 'Garoua', 2, 448, 0),
(2606, 'Bamenda', 2, 449, 0),
(2607, 'Port-au-Prince', 2, 450, 0),
(2608, 'Carrefour', 2, 450, 0),
(2609, 'Delmas', 2, 450, 0),
(2610, 'Bafoussam', 2, 450, 0),
(2611, 'Kikwit', 2, 451, 0),
(2612, 'Matadi', 2, 452, 0),
(2613, 'Boma', 2, 452, 0),
(2614, 'Mbuji-Mayi', 2, 453, 0),
(2615, 'Mwene-Ditu', 2, 453, 0),
(2616, 'Mbandaka', 2, 454, 0),
(2617, 'Kisangani', 2, 455, 0),
(2618, 'Kinshasa', 2, 456, 0),
(2619, 'Butembo', 2, 457, 0),
(2620, 'Goma', 2, 457, 0),
(2621, 'Lubumbashi', 2, 458, 0),
(2622, 'Kolwezi', 2, 458, 0),
(2623, 'Likasi', 2, 458, 0),
(2624, 'Kalemie', 2, 458, 0),
(2625, 'Bukavu', 2, 459, 0),
(2626, 'Uvira', 2, 459, 0),
(2627, 'Kananga', 2, 460, 0),
(2628, 'Tshikapa', 2, 460, 0),
(2629, 'Brazzaville', 2, 461, 0),
(2630, 'Pointe-Noire', 2, 462, 0),
(2631, 'Avarua', 2, 463, 0),
(2632, 'Medelln', 2, 464, 0),
(2633, 'Bello', 2, 464, 0),
(2634, 'Itag', 2, 464, 0),
(2635, 'Envigado', 2, 464, 0),
(2636, 'Barranquilla', 2, 465, 0),
(2637, 'Soledad', 2, 465, 0),
(2638, 'Cartagena', 2, 466, 0),
(2639, 'Ciudad Guayana', 2, 466, 0),
(2640, 'Ciudad Bolvar', 2, 466, 0),
(2641, 'Tunja', 2, 467, 0),
(2642, 'Sogamoso', 2, 467, 0),
(2643, 'Manizales', 2, 468, 0),
(2644, 'Florencia', 2, 469, 0),
(2645, 'Popayn', 2, 470, 0),
(2646, 'Crdoba', 2, 471, 0),
(2647, 'Ro Cuarto', 2, 471, 0),
(2648, 'Montera', 2, 471, 0),
(2649, 'Valledupar', 2, 472, 0),
(2650, 'Soacha', 2, 473, 0),
(2651, 'Girardot', 2, 473, 0),
(2652, 'Neiva', 2, 474, 0),
(2653, 'Maicao', 2, 475, 0),
(2654, 'Santa Marta', 2, 476, 0),
(2655, 'Villavicencio', 2, 477, 0),
(2656, 'Pasto', 2, 478, 0),
(2657, 'Ccuta', 2, 479, 0),
(2658, 'Armenia', 2, 480, 0),
(2659, 'Pereira', 2, 481, 0),
(2660, 'Dos Quebradas', 2, 481, 0),
(2661, 'Santaf de Bogot', 2, 482, 0),
(2662, 'Bucaramanga', 2, 483, 0),
(2663, 'Floridablanca', 2, 483, 0),
(2664, 'Barrancabermeja', 2, 483, 0),
(2665, 'Giron', 2, 483, 0),
(2666, 'Sincelejo', 2, 484, 0),
(2667, 'Cuman', 2, 484, 0),
(2668, 'Carpano', 2, 484, 0),
(2669, 'Ibagu', 2, 485, 0),
(2670, 'Cali', 2, 486, 0),
(2671, 'Palmira', 2, 486, 0),
(2672, 'Buenaventura', 2, 486, 0),
(2673, 'Tulu', 2, 486, 0),
(2674, 'Cartago', 2, 486, 0),
(2675, 'Buga', 2, 486, 0),
(2676, 'Moroni', 2, 487, 0),
(2677, 'Praia', 2, 488, 0),
(2678, 'San Jos', 2, 489, 0),
(2679, 'Camagey', 2, 490, 0),
(2680, 'Ciego de vila', 2, 491, 0),
(2681, 'Cienfuegos', 2, 492, 0),
(2682, 'Bayamo', 2, 493, 0),
(2683, 'Manzanillo', 2, 493, 0),
(2684, 'Guantnamo', 2, 494, 0),
(2685, 'Holgun', 2, 495, 0),
(2686, 'La Habana', 2, 496, 0),
(2687, 'Victoria de las Tunas', 2, 497, 0),
(2688, 'Matanzas', 2, 498, 0),
(2689, 'Pinar del Ro', 2, 499, 0),
(2690, 'Sancti-Spritus', 2, 500, 0),
(2691, 'Santiago de Cuba', 2, 501, 0),
(2692, 'Santa Clara', 2, 502, 0),
(2693, 'South Hill', 2, 503, 0),
(2694, 'The Valley', 2, 503, 0),
(2695, 'Oranjestad', 2, 503, 0),
(2696, 'Douglas', 2, 503, 0),
(2697, 'Gibraltar', 2, 503, 0),
(2698, 'Tamuning', 2, 503, 0),
(2699, 'Agaa', 2, 503, 0),
(2700, 'Flying Fish Cove', 2, 503, 0),
(2701, 'Monte-Carlo', 2, 503, 0),
(2702, 'Monaco-Ville', 2, 503, 0),
(2703, 'Yangor', 2, 503, 0),
(2704, 'Yaren', 2, 503, 0),
(2705, 'Alofi', 2, 503, 0),
(2706, 'Kingston', 2, 503, 0),
(2707, 'Adamstown', 2, 503, 0),
(2708, 'Singapore', 2, 503, 0),
(2709, 'Nouma', 2, 503, 0),
(2710, 'Citt del Vaticano', 2, 503, 0),
(2711, 'George Town', 2, 504, 0),
(2712, 'Limassol', 2, 505, 0),
(2713, 'Nicosia', 2, 506, 0),
(2714, 'Praha', 2, 507, 0),
(2715, 'Cesk Budejovice', 2, 508, 0),
(2716, 'Brno', 2, 509, 0),
(2717, 'Liberec', 2, 510, 0),
(2718, 'st nad Labem', 2, 510, 0),
(2719, 'Ostrava', 2, 511, 0),
(2720, 'Olomouc', 2, 511, 0),
(2721, 'Hradec Krlov', 2, 512, 0),
(2722, 'Pardubice', 2, 512, 0),
(2723, 'Plzen', 2, 513, 0),
(2724, 'Halle/Saale', 2, 514, 0),
(2725, 'Magdeburg', 2, 514, 0),
(2726, 'Stuttgart', 2, 515, 0),
(2727, 'Mannheim', 2, 515, 0),
(2728, 'Karlsruhe', 2, 515, 0),
(2729, 'Freiburg im Breisgau', 2, 515, 0),
(2730, 'Heidelberg', 2, 515, 0),
(2731, 'Heilbronn', 2, 515, 0),
(2732, 'Pforzheim', 2, 515, 0),
(2733, 'Ulm', 2, 515, 0),
(2734, 'Reutlingen', 2, 515, 0),
(2735, 'Esslingen am Neckar', 2, 515, 0),
(2736, 'Munich [Mnchen]', 2, 516, 0),
(2737, 'Nrnberg', 2, 516, 0),
(2738, 'Augsburg', 2, 516, 0),
(2739, 'Wrzburg', 2, 516, 0),
(2740, 'Regensburg', 2, 516, 0),
(2741, 'Ingolstadt', 2, 516, 0),
(2742, 'Frth', 2, 516, 0),
(2743, 'Erlangen', 2, 516, 0),
(2744, 'Berlin', 2, 517, 0),
(2745, 'Potsdam', 2, 518, 0),
(2746, 'Cottbus', 2, 518, 0),
(2747, 'Bremen', 2, 519, 0),
(2748, 'Bremerhaven', 2, 519, 0),
(2749, 'Hamburg', 2, 520, 0),
(2750, 'Frankfurt am Main', 2, 521, 0),
(2751, 'Wiesbaden', 2, 521, 0),
(2752, 'Kassel', 2, 521, 0),
(2753, 'Darmstadt', 2, 521, 0),
(2754, 'Offenbach am Main', 2, 521, 0),
(2755, 'Rostock', 2, 522, 0),
(2756, 'Schwerin', 2, 522, 0),
(2757, 'Hannover', 2, 523, 0),
(2758, 'Braunschweig', 2, 523, 0),
(2759, 'Osnabrck', 2, 523, 0),
(2760, 'Oldenburg', 2, 523, 0),
(2761, 'Gttingen', 2, 523, 0),
(2762, 'Wolfsburg', 2, 523, 0),
(2763, 'Salzgitter', 2, 523, 0),
(2764, 'Hildesheim', 2, 523, 0),
(2765, 'Kln', 2, 524, 0),
(2766, 'Essen', 2, 524, 0),
(2767, 'Dortmund', 2, 524, 0),
(2768, 'Dsseldorf', 2, 524, 0),
(2769, 'Duisburg', 2, 524, 0),
(2770, 'Bochum', 2, 524, 0),
(2771, 'Wuppertal', 2, 524, 0),
(2772, 'Bielefeld', 2, 524, 0),
(2773, 'Bonn', 2, 524, 0),
(2774, 'Gelsenkirchen', 2, 524, 0),
(2775, 'Mnster', 2, 524, 0),
(2776, 'Mnchengladbach', 2, 524, 0),
(2777, 'Aachen', 2, 524, 0),
(2778, 'Krefeld', 2, 524, 0),
(2779, 'Oberhausen', 2, 524, 0),
(2780, 'Hagen', 2, 524, 0),
(2781, 'Hamm', 2, 524, 0),
(2782, 'Herne', 2, 524, 0),
(2783, 'Mlheim an der Ruhr', 2, 524, 0),
(2784, 'Solingen', 2, 524, 0),
(2785, 'Leverkusen', 2, 524, 0),
(2786, 'Neuss', 2, 524, 0),
(2787, 'Paderborn', 2, 524, 0),
(2788, 'Recklinghausen', 2, 524, 0),
(2789, 'Bottrop', 2, 524, 0),
(2790, 'Remscheid', 2, 524, 0),
(2791, 'Siegen', 2, 524, 0),
(2792, 'Moers', 2, 524, 0),
(2793, 'Bergisch Gladbach', 2, 524, 0),
(2794, 'Witten', 2, 524, 0),
(2795, 'Iserlohn', 2, 524, 0),
(2796, 'Gtersloh', 2, 524, 0),
(2797, 'Marl', 2, 524, 0),
(2798, 'Lnen', 2, 524, 0),
(2799, 'Dren', 2, 524, 0),
(2800, 'Ratingen', 2, 524, 0),
(2801, 'Velbert', 2, 524, 0),
(2802, 'Mainz', 2, 525, 0),
(2803, 'Ludwigshafen am Rhein', 2, 525, 0),
(2804, 'Koblenz', 2, 525, 0),
(2805, 'Kaiserslautern', 2, 525, 0),
(2806, 'Trier', 2, 525, 0),
(2807, 'Saarbrcken', 2, 526, 0),
(2808, 'Leipzig', 2, 527, 0),
(2809, 'Dresden', 2, 527, 0),
(2810, 'Chemnitz', 2, 527, 0),
(2811, 'Zwickau', 2, 527, 0),
(2812, 'Kiel', 2, 528, 0),
(2813, 'Lbeck', 2, 528, 0),
(2814, 'Erfurt', 2, 529, 0),
(2815, 'Gera', 2, 529, 0),
(2816, 'Jena', 2, 529, 0),
(2817, 'Djibouti', 2, 530, 0),
(2818, 'Roseau', 2, 531, 0),
(2819, 'Saint Georges', 2, 531, 0),
(2820, 'Kingstown', 2, 531, 0),
(2821, 'rhus', 2, 532, 0),
(2822, 'Frederiksberg', 2, 533, 0),
(2823, 'Odense', 2, 534, 0),
(2824, 'Kbenhavn', 2, 535, 0),
(2825, 'Aalborg', 2, 536, 0),
(2826, 'Santo Domingo de Guzmn', 2, 537, 0),
(2827, 'San Francisco de Macors', 2, 538, 0),
(2828, 'La Romana', 2, 539, 0),
(2829, 'San Felipe de Puerto Plata', 2, 540, 0),
(2830, 'San Pedro de Macors', 2, 541, 0),
(2831, 'Santiago de Chile', 2, 542, 0),
(2832, 'Puente Alto', 2, 542, 0),
(2833, 'San Bernardo', 2, 542, 0),
(2834, 'Melipilla', 2, 542, 0),
(2835, 'Santiago de los Caballeros', 2, 542, 0),
(2836, 'Alger', 2, 543, 0),
(2837, 'Annaba', 2, 544, 0),
(2838, 'Batna', 2, 545, 0),
(2839, 'Bchar', 2, 546, 0),
(2840, 'Bjaa', 2, 547, 0),
(2841, 'Biskra', 2, 548, 0),
(2842, 'Blida (el-Boulaida)', 2, 549, 0),
(2843, 'Ech-Chleff (el-Asnam)', 2, 550, 0),
(2844, 'Constantine', 2, 551, 0),
(2845, 'Ghardaa', 2, 552, 0),
(2846, 'Mostaganem', 2, 553, 0),
(2847, 'Oran', 2, 554, 0),
(2848, 'Stif', 2, 555, 0),
(2849, 'Sidi Bel Abbs', 2, 556, 0),
(2850, 'Skikda', 2, 557, 0),
(2851, 'Tbessa', 2, 558, 0),
(2852, 'Tiaret', 2, 559, 0),
(2853, 'Tlemcen (Tilimsen)', 2, 560, 0),
(2854, 'Cuenca', 2, 561, 0),
(2855, 'Robamba', 2, 562, 0),
(2856, 'Machala', 2, 563, 0),
(2857, 'Esmeraldas', 2, 564, 0),
(2858, 'Guayaquil', 2, 565, 0),
(2859, 'Duran [Eloy Alfaro]', 2, 565, 0),
(2860, 'Milagro', 2, 565, 0),
(2861, 'Ibarra', 2, 566, 0),
(2862, 'Loja', 2, 567, 0),
(2863, 'Quevedo', 2, 568, 0),
(2864, 'Portoviejo', 2, 569, 0),
(2865, 'Manta', 2, 569, 0),
(2866, 'Quito', 2, 570, 0),
(2867, 'Santo Domingo de los Colorados', 2, 570, 0),
(2868, 'Ambato', 2, 571, 0),
(2869, 'Kafr al-Dawwar', 2, 572, 0),
(2870, 'Damanhur', 2, 572, 0),
(2871, 'al-Mansura', 2, 573, 0),
(2872, 'Mit Ghamr', 2, 573, 0),
(2873, 'Talkha', 2, 573, 0),
(2874, 'al-Faiyum', 2, 574, 0),
(2875, 'al-Mahallat al-Kubra', 2, 575, 0),
(2876, 'Tanta', 2, 575, 0),
(2877, 'Shibin al-Kawm', 2, 576, 0),
(2878, 'al-Minya', 2, 577, 0),
(2879, 'Mallawi', 2, 577, 0),
(2880, 'Shubra al-Khayma', 2, 578, 0),
(2881, 'Bahtim', 2, 578, 0),
(2882, 'Banha', 2, 578, 0),
(2883, 'Qalyub', 2, 578, 0),
(2884, 'Zagazig', 2, 579, 0),
(2885, 'Bilbays', 2, 579, 0),
(2886, 'al-Dammam', 2, 579, 0),
(2887, 'al-Hufuf', 2, 579, 0),
(2888, 'al-Mubarraz', 2, 579, 0),
(2889, 'al-Khubar', 2, 579, 0),
(2890, 'Jubayl', 2, 579, 0),
(2891, 'Hafar al-Batin', 2, 579, 0),
(2892, 'al-Tuqba', 2, 579, 0),
(2893, 'al-Qatif', 2, 579, 0),
(2894, 'Alexandria', 2, 580, 0),
(2895, 'Assuan', 2, 581, 0),
(2896, 'Asyut', 2, 582, 0),
(2897, 'Bani Suwayf', 2, 583, 0),
(2898, 'Giza', 2, 584, 0),
(2899, 'Bulaq al-Dakrur', 2, 584, 0),
(2900, 'Warraq al-Arab', 2, 584, 0),
(2901, 'al-Hawamidiya', 2, 584, 0),
(2902, 'Ismailia', 2, 585, 0),
(2903, 'Kafr al-Shaykh', 2, 586, 0),
(2904, 'Disuq', 2, 586, 0),
(2905, 'Cairo', 2, 587, 0),
(2906, 'Luxor', 2, 588, 0),
(2907, 'Port Said', 2, 589, 0),
(2908, 'Qina', 2, 590, 0),
(2909, 'Idfu', 2, 590, 0),
(2910, 'Sawhaj', 2, 591, 0),
(2911, 'Jirja', 2, 591, 0),
(2912, 'al-Arish', 2, 592, 0),
(2913, 'Suez', 2, 593, 0),
(2914, 'Asmara', 2, 594, 0),
(2915, 'El-Aain', 2, 595, 0),
(2916, 'Sevilla', 2, 596, 0),
(2917, 'Mlaga', 2, 596, 0),
(2918, 'Crdoba', 2, 596, 0),
(2919, 'Granada', 2, 596, 0),
(2920, 'Jerez de la Frontera', 2, 596, 0),
(2921, 'Almera', 2, 596, 0),
(2922, 'Cdiz', 2, 596, 0),
(2923, 'Huelva', 2, 596, 0),
(2924, 'Jan', 2, 596, 0),
(2925, 'Algeciras', 2, 596, 0),
(2926, 'Marbella', 2, 596, 0),
(2927, 'Dos Hermanas', 2, 596, 0),
(2928, 'Zaragoza', 2, 597, 0),
(2929, 'Gijn', 2, 598, 0),
(2930, 'Oviedo', 2, 598, 0),
(2931, 'Palma de Mallorca', 2, 599, 0),
(2932, 'Bilbao', 2, 600, 0),
(2933, 'Vitoria-Gasteiz', 2, 600, 0),
(2934, 'Donostia-San Sebastin', 2, 600, 0),
(2935, 'Barakaldo', 2, 600, 0),
(2936, 'Las Palmas de Gran Canaria', 2, 601, 0),
(2937, 'Santa Cruz de Tenerife', 2, 601, 0),
(2938, '[San Cristbal de] la Laguna', 2, 601, 0),
(2939, 'Santander', 2, 602, 0),
(2940, 'Valladolid', 2, 603, 0),
(2941, 'Burgos', 2, 603, 0),
(2942, 'Salamanca', 2, 603, 0),
(2943, 'Len', 2, 603, 0),
(2944, 'Badajoz', 2, 604, 0),
(2945, 'Vigo', 2, 605, 0),
(2946, 'A Corua (La Corua)', 2, 605, 0),
(2947, 'Ourense (Orense)', 2, 605, 0),
(2948, 'Santiago de Compostela', 2, 605, 0),
(2949, 'Albacete', 2, 606, 0),
(2950, 'Barcelona', 2, 607, 0),
(2951, 'LHospitalet de Llobregat', 2, 607, 0),
(2952, 'Badalona', 2, 607, 0),
(2953, 'Sabadell', 2, 607, 0),
(2954, 'Terrassa', 2, 607, 0),
(2955, 'Santa Coloma de Gramenet', 2, 607, 0),
(2956, 'Tarragona', 2, 607, 0),
(2957, 'Lleida (Lrida)', 2, 607, 0),
(2958, 'Matar', 2, 607, 0),
(2959, 'La Rioja', 2, 608, 0),
(2960, 'Logroo', 2, 608, 0),
(2961, 'Madrid', 2, 609, 0),
(2962, 'Mstoles', 2, 609, 0),
(2963, 'Legans', 2, 609, 0),
(2964, 'Fuenlabrada', 2, 609, 0),
(2965, 'Alcal de Henares', 2, 609, 0),
(2966, 'Getafe', 2, 609, 0),
(2967, 'Alcorcn', 2, 609, 0),
(2968, 'Torrejn de Ardoz', 2, 609, 0),
(2969, 'Murcia', 2, 610, 0),
(2970, 'Cartagena', 2, 610, 0),
(2971, 'Pamplona [Irua]', 2, 611, 0),
(2972, 'Valencia', 2, 612, 0),
(2973, 'Alicante [Alacant]', 2, 612, 0),
(2974, 'Elche [Elx]', 2, 612, 0),
(2975, 'Castelln de la Plana [Castel', 2, 612, 0),
(2976, 'Tallinn', 2, 613, 0),
(2977, 'Tartu', 2, 614, 0),
(2978, 'Addis Abeba', 2, 615, 0),
(2979, 'Gonder', 2, 616, 0),
(2980, 'Dese', 2, 616, 0),
(2981, 'Bahir Dar', 2, 616, 0),
(2982, 'Dire Dawa', 2, 617, 0),
(2983, 'Nazret', 2, 618, 0),
(2984, 'Mekele', 2, 619, 0),
(2985, 'Helsinki [Helsingfors]', 2, 620, 0),
(2986, 'Espoo', 2, 620, 0),
(2987, 'Vantaa', 2, 620, 0),
(2988, 'Lahti', 2, 621, 0),
(2989, 'Tampere', 2, 622, 0),
(2990, 'Oulu', 2, 623, 0),
(2991, 'Turku [bo]', 2, 624, 0),
(2992, 'Suva', 2, 625, 0),
(2993, 'Nyeri', 2, 625, 0),
(2994, 'Kathmandu', 2, 625, 0),
(2995, 'Lalitapur', 2, 625, 0),
(2996, 'Birgunj', 2, 625, 0),
(2997, 'San Lorenzo', 2, 625, 0),
(2998, 'Lambar', 2, 625, 0),
(2999, 'Fernando de la Mora', 2, 625, 0),
(3000, 'Kabwe', 2, 625, 0),
(3001, 'Kandy', 2, 625, 0),
(3002, 'Kampala', 2, 625, 0),
(3003, 'Stanley', 2, 626, 0),
(3004, 'Strasbourg', 2, 627, 0),
(3005, 'Mulhouse', 2, 627, 0),
(3006, 'Bordeaux', 2, 628, 0),
(3007, 'Clermont-Ferrand', 2, 629, 0),
(3008, 'Paris', 2, 630, 0),
(3009, 'Boulogne-Billancourt', 2, 630, 0),
(3010, 'Argenteuil', 2, 630, 0),
(3011, 'Montreuil', 2, 630, 0),
(3012, 'Caen', 2, 631, 0),
(3013, 'Dijon', 2, 632, 0),
(3014, 'St-tienne', 2, 633, 0),
(3015, 'Brest', 2, 633, 0),
(3016, 'Yaound', 2, 634, 0),
(3017, 'Tours', 2, 634, 0),
(3018, 'Orlans', 2, 634, 0),
(3019, 'Le Havre', 2, 635, 0),
(3020, 'Besanon', 2, 636, 0),
(3021, 'Rennes', 2, 637, 0),
(3022, 'Rouen', 2, 637, 0),
(3023, 'Montpellier', 2, 638, 0),
(3024, 'Nmes', 2, 638, 0),
(3025, 'Perpignan', 2, 638, 0),
(3026, 'Limoges', 2, 639, 0),
(3027, 'Metz', 2, 640, 0),
(3028, 'Nancy', 2, 640, 0),
(3029, 'Toulouse', 2, 641, 0),
(3030, 'Reims', 2, 642, 0),
(3031, 'Roubaix', 2, 642, 0),
(3032, 'Tourcoing', 2, 642, 0),
(3033, 'Nantes', 2, 643, 0),
(3034, 'Angers', 2, 643, 0),
(3035, 'Le Mans', 2, 643, 0),
(3036, 'Amiens', 2, 644, 0),
(3037, 'Marseille', 2, 645, 0),
(3038, 'Nice', 2, 645, 0),
(3039, 'Toulon', 2, 645, 0),
(3040, 'Aix-en-Provence', 2, 645, 0),
(3041, 'Lyon', 2, 646, 0),
(3042, 'Lille', 2, 646, 0),
(3043, 'Grenoble', 2, 646, 0),
(3044, 'Villeurbanne', 2, 646, 0),
(3045, 'Trshavn', 2, 647, 0),
(3046, 'Weno', 2, 648, 0),
(3047, 'Palikir', 2, 649, 0),
(3048, 'Libreville', 2, 650, 0),
(3049, 'South Hill', 2, 651, 0),
(3050, 'The Valley', 2, 651, 0),
(3051, 'Oranjestad', 2, 651, 0),
(3052, 'Douglas', 2, 651, 0),
(3053, 'Gibraltar', 2, 651, 0),
(3054, 'Tamuning', 2, 651, 0),
(3055, 'Agaa', 2, 651, 0),
(3056, 'Flying Fish Cove', 2, 651, 0),
(3057, 'Monte-Carlo', 2, 651, 0),
(3058, 'Monaco-Ville', 2, 651, 0),
(3059, 'Yangor', 2, 651, 0),
(3060, 'Yaren', 2, 651, 0),
(3061, 'Alofi', 2, 651, 0),
(3062, 'Kingston', 2, 651, 0),
(3063, 'Adamstown', 2, 651, 0),
(3064, 'Singapore', 2, 651, 0),
(3065, 'Nouma', 2, 651, 0),
(3066, 'Citt del Vaticano', 2, 651, 0),
(3067, 'London', 2, 652, 0),
(3068, 'Birmingham', 2, 652, 0),
(3069, 'Liverpool', 2, 652, 0),
(3070, 'Sheffield', 2, 652, 0),
(3071, 'Manchester', 2, 652, 0),
(3072, 'Leeds', 2, 652, 0),
(3073, 'Bristol', 2, 652, 0),
(3074, 'Coventry', 2, 652, 0),
(3075, 'Leicester', 2, 652, 0),
(3076, 'Bradford', 2, 652, 0),
(3077, 'Nottingham', 2, 652, 0),
(3078, 'Kingston upon Hull', 2, 652, 0),
(3079, 'Plymouth', 2, 652, 0),
(3080, 'Stoke-on-Trent', 2, 652, 0),
(3081, 'Wolverhampton', 2, 652, 0),
(3082, 'Derby', 2, 652, 0),
(3083, 'Southampton', 2, 652, 0),
(3084, 'Northampton', 2, 652, 0),
(3085, 'Dudley', 2, 652, 0),
(3086, 'Portsmouth', 2, 652, 0),
(3087, 'Newcastle upon Tyne', 2, 652, 0),
(3088, 'Sunderland', 2, 652, 0),
(3089, 'Luton', 2, 652, 0),
(3090, 'Swindon', 2, 652, 0),
(3091, 'Southend-on-Sea', 2, 652, 0),
(3092, 'Walsall', 2, 652, 0),
(3093, 'Bournemouth', 2, 652, 0),
(3094, 'Peterborough', 2, 652, 0),
(3095, 'Brighton', 2, 652, 0),
(3096, 'Blackpool', 2, 652, 0),
(3097, 'West Bromwich', 2, 652, 0),
(3098, 'Reading', 2, 652, 0),
(3099, 'Oldbury/Smethwick (Warley)', 2, 652, 0),
(3100, 'Middlesbrough', 2, 652, 0),
(3101, 'Huddersfield', 2, 652, 0),
(3102, 'Oxford', 2, 652, 0),
(3103, 'Poole', 2, 652, 0),
(3104, 'Bolton', 2, 652, 0),
(3105, 'Blackburn', 2, 652, 0),
(3106, 'Preston', 2, 652, 0),
(3107, 'Stockport', 2, 652, 0),
(3108, 'Norwich', 2, 652, 0),
(3109, 'Rotherham', 2, 652, 0),
(3110, 'Cambridge', 2, 652, 0),
(3111, 'Watford', 2, 652, 0),
(3112, 'Ipswich', 2, 652, 0),
(3113, 'Slough', 2, 652, 0),
(3114, 'Exeter', 2, 652, 0),
(3115, 'Cheltenham', 2, 652, 0),
(3116, 'Gloucester', 2, 652, 0),
(3117, 'Saint Helens', 2, 652, 0),
(3118, 'Sutton Coldfield', 2, 652, 0),
(3119, 'York', 2, 652, 0),
(3120, 'Oldham', 2, 652, 0),
(3121, 'Basildon', 2, 652, 0),
(3122, 'Worthing', 2, 652, 0),
(3123, 'Chelmsford', 2, 652, 0),
(3124, 'Colchester', 2, 652, 0),
(3125, 'Crawley', 2, 652, 0),
(3126, 'Gillingham', 2, 652, 0),
(3127, 'Solihull', 2, 652, 0),
(3128, 'Rochdale', 2, 652, 0),
(3129, 'Birkenhead', 2, 652, 0),
(3130, 'Worcester', 2, 652, 0),
(3131, 'Hartlepool', 2, 652, 0),
(3132, 'Halifax', 2, 652, 0),
(3133, 'Woking/Byfleet', 2, 652, 0),
(3134, 'Southport', 2, 652, 0),
(3135, 'Maidstone', 2, 652, 0),
(3136, 'Eastbourne', 2, 652, 0),
(3137, 'Grimsby', 2, 652, 0),
(3138, 'Saint Helier', 2, 653, 0),
(3139, 'Belfast', 2, 654, 0),
(3140, 'Glasgow', 2, 655, 0),
(3141, 'Edinburgh', 2, 655, 0),
(3142, 'Aberdeen', 2, 655, 0),
(3143, 'Dundee', 2, 655, 0),
(3144, 'Cardiff', 2, 656, 0),
(3145, 'Swansea', 2, 656, 0),
(3146, 'Newport', 2, 656, 0),
(3147, 'Sohumi', 2, 657, 0),
(3148, 'Batumi', 2, 658, 0),
(3149, 'Kutaisi', 2, 659, 0),
(3150, 'Rustavi', 2, 660, 0),
(3151, 'Tbilisi', 2, 661, 0),
(3152, 'Kumasi', 2, 662, 0),
(3153, 'Accra', 2, 663, 0),
(3154, 'Tema', 2, 663, 0),
(3155, 'Tamale', 2, 664, 0),
(3156, 'Jaffna', 2, 664, 0),
(3157, 'Sekondi-Takoradi', 2, 665, 0),
(3158, 'Pokhara', 2, 665, 0),
(3159, 'Freetown', 2, 665, 0),
(3160, 'Colombo', 2, 665, 0),
(3161, 'Dehiwala', 2, 665, 0),
(3162, 'Moratuwa', 2, 665, 0),
(3163, 'Sri Jayawardenepura Kotte', 2, 665, 0),
(3164, 'Negombo', 2, 665, 0),
(3165, 'South Hill', 2, 666, 0),
(3166, 'The Valley', 2, 666, 0),
(3167, 'Oranjestad', 2, 666, 0),
(3168, 'Douglas', 2, 666, 0),
(3169, 'Gibraltar', 2, 666, 0),
(3170, 'Tamuning', 2, 666, 0),
(3171, 'Agaa', 2, 666, 0),
(3172, 'Flying Fish Cove', 2, 666, 0),
(3173, 'Monte-Carlo', 2, 666, 0),
(3174, 'Monaco-Ville', 2, 666, 0),
(3175, 'Yangor', 2, 666, 0),
(3176, 'Yaren', 2, 666, 0),
(3177, 'Alofi', 2, 666, 0),
(3178, 'Kingston', 2, 666, 0),
(3179, 'Adamstown', 2, 666, 0),
(3180, 'Singapore', 2, 666, 0),
(3181, 'Nouma', 2, 666, 0),
(3182, 'Citt del Vaticano', 2, 666, 0),
(3183, 'Conakry', 2, 667, 0),
(3184, 'Basse-Terre', 2, 668, 0),
(3185, 'Les Abymes', 2, 669, 0),
(3186, 'Banjul', 2, 670, 0),
(3187, 'Serekunda', 2, 671, 0),
(3188, 'Bissau', 2, 672, 0),
(3189, 'Malabo', 2, 673, 0),
(3190, 'Athenai', 2, 674, 0),
(3191, 'Pireus', 2, 674, 0),
(3192, 'Peristerion', 2, 674, 0),
(3193, 'Kallithea', 2, 674, 0),
(3194, 'Thessaloniki', 2, 675, 0),
(3195, 'Herakleion', 2, 676, 0),
(3196, 'Larisa', 2, 677, 0),
(3197, 'Patras', 2, 678, 0),
(3198, 'Roseau', 2, 679, 0),
(3199, 'Saint Georges', 2, 679, 0),
(3200, 'Kingstown', 2, 679, 0),
(3201, 'Nuuk', 2, 680, 0),
(3202, 'Ciudad de Guatemala', 2, 681, 0),
(3203, 'Mixco', 2, 681, 0),
(3204, 'Villa Nueva', 2, 681, 0),
(3205, 'Quetzaltenango', 2, 682, 0),
(3206, 'Cayenne', 2, 683, 0),
(3207, 'South Hill', 2, 684, 0),
(3208, 'The Valley', 2, 684, 0),
(3209, 'Oranjestad', 2, 684, 0),
(3210, 'Douglas', 2, 684, 0),
(3211, 'Gibraltar', 2, 684, 0),
(3212, 'Tamuning', 2, 684, 0),
(3213, 'Agaa', 2, 684, 0),
(3214, 'Flying Fish Cove', 2, 684, 0),
(3215, 'Monte-Carlo', 2, 684, 0),
(3216, 'Monaco-Ville', 2, 684, 0),
(3217, 'Yangor', 2, 684, 0),
(3218, 'Yaren', 2, 684, 0),
(3219, 'Alofi', 2, 684, 0),
(3220, 'Kingston', 2, 684, 0),
(3221, 'Adamstown', 2, 684, 0),
(3222, 'Singapore', 2, 684, 0),
(3223, 'Nouma', 2, 684, 0),
(3224, 'Citt del Vaticano', 2, 684, 0),
(3225, 'Georgetown', 2, 685, 0),
(3226, 'Victoria', 2, 686, 0),
(3227, 'Kowloon and New Kowloon', 2, 687, 0),
(3228, 'La Ceiba', 2, 688, 0),
(3229, 'San Pedro Sula', 2, 689, 0),
(3230, 'Tegucigalpa', 2, 690, 0),
(3231, 'Zagreb', 2, 691, 0),
(3232, 'Osijek', 2, 692, 0),
(3233, 'Rijeka', 2, 693, 0),
(3234, 'Split', 2, 694, 0),
(3235, 'Le-Cap-Hatien', 2, 695, 0),
(3236, 'Garoua', 2, 695, 0),
(3237, 'Port-au-Prince', 2, 696, 0),
(3238, 'Carrefour', 2, 696, 0),
(3239, 'Delmas', 2, 696, 0),
(3240, 'Bafoussam', 2, 696, 0),
(3241, 'Pcs', 2, 697, 0),
(3242, 'Kecskemt', 2, 698, 0),
(3243, 'Miskolc', 2, 699, 0),
(3244, 'Budapest', 2, 700, 0),
(3245, 'Szeged', 2, 701, 0),
(3246, 'Szkesfehrvr', 2, 702, 0),
(3247, 'Gyr', 2, 703, 0),
(3248, 'Debrecen', 2, 704, 0),
(3249, 'Nyiregyhza', 2, 705, 0),
(3250, 'Banda Aceh', 2, 706, 0),
(3251, 'Lhokseumawe', 2, 706, 0),
(3252, 'Denpasar', 2, 707, 0),
(3253, 'Bengkulu', 2, 708, 0),
(3254, 'Semarang', 2, 709, 0),
(3255, 'Surakarta', 2, 709, 0),
(3256, 'Pekalongan', 2, 709, 0),
(3257, 'Tegal', 2, 709, 0),
(3258, 'Cilacap', 2, 709, 0),
(3259, 'Purwokerto', 2, 709, 0),
(3260, 'Magelang', 2, 709, 0),
(3261, 'Pemalang', 2, 709, 0),
(3262, 'Klaten', 2, 709, 0),
(3263, 'Salatiga', 2, 709, 0),
(3264, 'Kudus', 2, 709, 0),
(3265, 'Surabaya', 2, 710, 0),
(3266, 'Malang', 2, 710, 0),
(3267, 'Kediri', 2, 710, 0),
(3268, 'Jember', 2, 710, 0),
(3269, 'Madiun', 2, 710, 0),
(3270, 'Pasuruan', 2, 710, 0),
(3271, 'Waru', 2, 710, 0),
(3272, 'Blitar', 2, 710, 0),
(3273, 'Probolinggo', 2, 710, 0),
(3274, 'Taman', 2, 710, 0),
(3275, 'Mojokerto', 2, 710, 0),
(3276, 'Jombang', 2, 710, 0),
(3277, 'Banyuwangi', 2, 710, 0),
(3278, 'Jakarta', 2, 711, 0),
(3279, 'Jambi', 2, 712, 0),
(3280, 'Pontianak', 2, 713, 0),
(3281, 'Banjarmasin', 2, 714, 0),
(3282, 'Palangka Raya', 2, 715, 0),
(3283, 'Samarinda', 2, 716, 0),
(3284, 'Balikpapan', 2, 716, 0),
(3285, 'Bandar Lampung', 2, 717, 0),
(3286, 'Ambon', 2, 718, 0),
(3287, 'Mataram', 2, 719, 0),
(3288, 'Kupang', 2, 720, 0),
(3289, 'Pekan Baru', 2, 721, 0),
(3290, 'Batam', 2, 721, 0),
(3291, 'Tanjung Pinang', 2, 721, 0),
(3292, 'Ujung Pandang', 2, 722, 0),
(3293, 'Palu', 2, 723, 0),
(3294, 'Kendari', 2, 724, 0),
(3295, 'Manado', 2, 725, 0),
(3296, 'Gorontalo', 2, 725, 0),
(3297, 'Padang', 2, 726, 0),
(3298, 'Palembang', 2, 727, 0),
(3299, 'Pangkal Pinang', 2, 727, 0),
(3300, 'Medan', 2, 728, 0),
(3301, 'Pematang Siantar', 2, 728, 0),
(3302, 'Tebing Tinggi', 2, 728, 0),
(3303, 'Percut Sei Tuan', 2, 728, 0),
(3304, 'Binjai', 2, 728, 0),
(3305, 'Sunggal', 2, 728, 0),
(3306, 'Padang Sidempuan', 2, 728, 0),
(3307, 'Jaya Pura', 2, 729, 0),
(3308, 'Bandung', 2, 730, 0),
(3309, 'Tangerang', 2, 730, 0),
(3310, 'Bekasi', 2, 730, 0),
(3311, 'Depok', 2, 730, 0),
(3312, 'Cimahi', 2, 730, 0),
(3313, 'Bogor', 2, 730, 0),
(3314, 'Ciputat', 2, 730, 0),
(3315, 'Pondokgede', 2, 730, 0),
(3316, 'Cirebon', 2, 730, 0),
(3317, 'Cimanggis', 2, 730, 0),
(3318, 'Ciomas', 2, 730, 0),
(3319, 'Tasikmalaya', 2, 730, 0),
(3320, 'Karawang', 2, 730, 0),
(3321, 'Sukabumi', 2, 730, 0),
(3322, 'Serang', 2, 730, 0),
(3323, 'Cilegon', 2, 730, 0),
(3324, 'Cianjur', 2, 730, 0),
(3325, 'Ciparay', 2, 730, 0),
(3326, 'Citeureup', 2, 730, 0),
(3327, 'Cibinong', 2, 730, 0),
(3328, 'Purwakarta', 2, 730, 0),
(3329, 'Garut', 2, 730, 0),
(3330, 'Majalaya', 2, 730, 0),
(3331, 'Pondok Aren', 2, 730, 0),
(3332, 'Sawangan', 2, 730, 0),
(3333, 'Yogyakarta', 2, 731, 0),
(3334, 'Depok', 2, 731, 0),
(3335, 'Hyderabad', 2, 732, 0),
(3336, 'Vishakhapatnam', 2, 732, 0),
(3337, 'Vijayawada', 2, 732, 0),
(3338, 'Guntur', 2, 732, 0),
(3339, 'Warangal', 2, 732, 0),
(3340, 'Rajahmundry', 2, 732, 0),
(3341, 'Nellore', 2, 732, 0),
(3342, 'Kakinada', 2, 732, 0),
(3343, 'Nizamabad', 2, 732, 0),
(3344, 'Kurnool', 2, 732, 0),
(3345, 'Ramagundam', 2, 732, 0),
(3346, 'Eluru', 2, 732, 0),
(3347, 'Kukatpalle', 2, 732, 0),
(3348, 'Anantapur', 2, 732, 0),
(3349, 'Tirupati', 2, 732, 0),
(3350, 'Secunderabad', 2, 732, 0),
(3351, 'Vizianagaram', 2, 732, 0),
(3352, 'Machilipatnam (Masulipatam)', 2, 732, 0),
(3353, 'Lalbahadur Nagar', 2, 732, 0),
(3354, 'Karimnagar', 2, 732, 0),
(3355, 'Tenali', 2, 732, 0),
(3356, 'Adoni', 2, 732, 0),
(3357, 'Proddatur', 2, 732, 0),
(3358, 'Chittoor', 2, 732, 0),
(3359, 'Khammam', 2, 732, 0),
(3360, 'Malkajgiri', 2, 732, 0),
(3361, 'Cuddapah', 2, 732, 0),
(3362, 'Bhimavaram', 2, 732, 0),
(3363, 'Nandyal', 2, 732, 0),
(3364, 'Mahbubnagar', 2, 732, 0),
(3365, 'Guntakal', 2, 732, 0),
(3366, 'Qutubullapur', 2, 732, 0),
(3367, 'Hindupur', 2, 732, 0),
(3368, 'Gudivada', 2, 732, 0),
(3369, 'Ongole', 2, 732, 0);
INSERT INTO `location` (`location_id`, `name`, `location_type`, `parent_id`, `is_visible`) VALUES
(3370, 'Guwahati (Gauhati)', 2, 733, 0),
(3371, 'Dibrugarh', 2, 733, 0),
(3372, 'Silchar', 2, 733, 0),
(3373, 'Nagaon', 2, 733, 0),
(3374, 'Patna', 2, 734, 0),
(3375, 'Gaya', 2, 734, 0),
(3376, 'Bhagalpur', 2, 734, 0),
(3377, 'Muzaffarpur', 2, 734, 0),
(3378, 'Darbhanga', 2, 734, 0),
(3379, 'Bihar Sharif', 2, 734, 0),
(3380, 'Arrah (Ara)', 2, 734, 0),
(3381, 'Katihar', 2, 734, 0),
(3382, 'Munger (Monghyr)', 2, 734, 0),
(3383, 'Chapra', 2, 734, 0),
(3384, 'Sasaram', 2, 734, 0),
(3385, 'Dehri', 2, 734, 0),
(3386, 'Bettiah', 2, 734, 0),
(3387, 'Chandigarh', 2, 735, 0),
(3388, 'Raipur', 2, 736, 0),
(3389, 'Bhilai', 2, 736, 0),
(3390, 'Bilaspur', 2, 736, 0),
(3391, 'Durg', 2, 736, 0),
(3392, 'Raj Nandgaon', 2, 736, 0),
(3393, 'Korba', 2, 736, 0),
(3394, 'Raigarh', 2, 736, 0),
(3395, 'Delhi', 2, 737, 0),
(3396, 'New Delhi', 2, 737, 0),
(3397, 'Delhi Cantonment', 2, 737, 0),
(3398, 'Ahmedabad', 2, 738, 0),
(3399, 'Surat', 2, 738, 0),
(3400, 'Vadodara (Baroda)', 2, 738, 0),
(3401, 'Rajkot', 2, 738, 0),
(3402, 'Bhavnagar', 2, 738, 0),
(3403, 'Jamnagar', 2, 738, 0),
(3404, 'Nadiad', 2, 738, 0),
(3405, 'Bharuch (Broach)', 2, 738, 0),
(3406, 'Junagadh', 2, 738, 0),
(3407, 'Navsari', 2, 738, 0),
(3408, 'Gandhinagar', 2, 738, 0),
(3409, 'Veraval', 2, 738, 0),
(3410, 'Porbandar', 2, 738, 0),
(3411, 'Anand', 2, 738, 0),
(3412, 'Surendranagar', 2, 738, 0),
(3413, 'Gandhidham', 2, 738, 0),
(3414, 'Bhuj', 2, 738, 0),
(3415, 'Godhra', 2, 738, 0),
(3416, 'Patan', 2, 738, 0),
(3417, 'Morvi', 2, 738, 0),
(3418, 'Vejalpur', 2, 738, 0),
(3419, 'Faridabad', 2, 739, 0),
(3420, 'Rohtak', 2, 739, 0),
(3421, 'Panipat', 2, 739, 0),
(3422, 'Karnal', 2, 739, 0),
(3423, 'Hisar (Hissar)', 2, 739, 0),
(3424, 'Yamuna Nagar', 2, 739, 0),
(3425, 'Sonipat (Sonepat)', 2, 739, 0),
(3426, 'Gurgaon', 2, 739, 0),
(3427, 'Sirsa', 2, 739, 0),
(3428, 'Ambala', 2, 739, 0),
(3429, 'Bhiwani', 2, 739, 0),
(3430, 'Ambala Sadar', 2, 739, 0),
(3431, 'Srinagar', 2, 740, 0),
(3432, 'Jammu', 2, 740, 0),
(3433, 'Ranchi', 2, 741, 0),
(3434, 'Jamshedpur', 2, 741, 0),
(3435, 'Bokaro Steel City', 2, 741, 0),
(3436, 'Dhanbad', 2, 741, 0),
(3437, 'Purnea (Purnia)', 2, 741, 0),
(3438, 'Mango', 2, 741, 0),
(3439, 'Hazaribag', 2, 741, 0),
(3440, 'Purulia', 2, 741, 0),
(3441, 'Bangalore', 2, 742, 0),
(3442, 'Hubli-Dharwad', 2, 742, 0),
(3443, 'Mysore', 2, 742, 0),
(3444, 'Belgaum', 2, 742, 0),
(3445, 'Gulbarga', 2, 742, 0),
(3446, 'Mangalore', 2, 742, 0),
(3447, 'Davangere', 2, 742, 0),
(3448, 'Bellary', 2, 742, 0),
(3449, 'Bijapur', 2, 742, 0),
(3450, 'Shimoga', 2, 742, 0),
(3451, 'Raichur', 2, 742, 0),
(3452, 'Timkur', 2, 742, 0),
(3453, 'Gadag Betigeri', 2, 742, 0),
(3454, 'Mandya', 2, 742, 0),
(3455, 'Bidar', 2, 742, 0),
(3456, 'Hospet', 2, 742, 0),
(3457, 'Hassan', 2, 742, 0),
(3458, 'Cochin (Kochi)', 2, 743, 0),
(3459, 'Thiruvananthapuram (Trivandrum', 2, 743, 0),
(3460, 'Calicut (Kozhikode)', 2, 743, 0),
(3461, 'Allappuzha (Alleppey)', 2, 743, 0),
(3462, 'Kollam (Quilon)', 2, 743, 0),
(3463, 'Palghat (Palakkad)', 2, 743, 0),
(3464, 'Tellicherry (Thalassery)', 2, 743, 0),
(3465, 'Indore', 2, 744, 0),
(3466, 'Bhopal', 2, 744, 0),
(3467, 'Jabalpur', 2, 744, 0),
(3468, 'Gwalior', 2, 744, 0),
(3469, 'Ujjain', 2, 744, 0),
(3470, 'Sagar', 2, 744, 0),
(3471, 'Ratlam', 2, 744, 0),
(3472, 'Burhanpur', 2, 744, 0),
(3473, 'Dewas', 2, 744, 0),
(3474, 'Murwara (Katni)', 2, 744, 0),
(3475, 'Satna', 2, 744, 0),
(3476, 'Morena', 2, 744, 0),
(3477, 'Khandwa', 2, 744, 0),
(3478, 'Rewa', 2, 744, 0),
(3479, 'Bhind', 2, 744, 0),
(3480, 'Shivapuri', 2, 744, 0),
(3481, 'Guna', 2, 744, 0),
(3482, 'Mandasor', 2, 744, 0),
(3483, 'Damoh', 2, 744, 0),
(3484, 'Chhindwara', 2, 744, 0),
(3485, 'Vidisha', 2, 744, 0),
(3486, 'Mumbai (Bombay)', 2, 745, 0),
(3487, 'Nagpur', 2, 745, 0),
(3488, 'Pune', 2, 745, 0),
(3489, 'Kalyan', 2, 745, 0),
(3490, 'Thane (Thana)', 2, 745, 0),
(3491, 'Nashik (Nasik)', 2, 745, 0),
(3492, 'Solapur (Sholapur)', 2, 745, 0),
(3493, 'Shambajinagar (Aurangabad)', 2, 745, 0),
(3494, 'Pimpri-Chinchwad', 2, 745, 0),
(3495, 'Amravati', 2, 745, 0),
(3496, 'Kolhapur', 2, 745, 0),
(3497, 'Bhiwandi', 2, 745, 0),
(3498, 'Ulhasnagar', 2, 745, 0),
(3499, 'Malegaon', 2, 745, 0),
(3500, 'Akola', 2, 745, 0),
(3501, 'New Bombay', 2, 745, 0),
(3502, 'Dhule (Dhulia)', 2, 745, 0),
(3503, 'Nanded (Nander)', 2, 745, 0),
(3504, 'Jalgaon', 2, 745, 0),
(3505, 'Chandrapur', 2, 745, 0),
(3506, 'Ichalkaranji', 2, 745, 0),
(3507, 'Latur', 2, 745, 0),
(3508, 'Sangli', 2, 745, 0),
(3509, 'Parbhani', 2, 745, 0),
(3510, 'Ahmadnagar', 2, 745, 0),
(3511, 'Mira Bhayandar', 2, 745, 0),
(3512, 'Jalna', 2, 745, 0),
(3513, 'Bhusawal', 2, 745, 0),
(3514, 'Miraj', 2, 745, 0),
(3515, 'Bhir (Bid)', 2, 745, 0),
(3516, 'Gondiya', 2, 745, 0),
(3517, 'Yeotmal (Yavatmal)', 2, 745, 0),
(3518, 'Wardha', 2, 745, 0),
(3519, 'Achalpur', 2, 745, 0),
(3520, 'Satara', 2, 745, 0),
(3521, 'Imphal', 2, 746, 0),
(3522, 'Shillong', 2, 747, 0),
(3523, 'Aizawl', 2, 748, 0),
(3524, 'Bhubaneswar', 2, 749, 0),
(3525, 'Kataka (Cuttack)', 2, 749, 0),
(3526, 'Raurkela', 2, 749, 0),
(3527, 'Brahmapur', 2, 749, 0),
(3528, 'Raurkela Civil Township', 2, 749, 0),
(3529, 'Sambalpur', 2, 749, 0),
(3530, 'Puri', 2, 749, 0),
(3531, 'Pondicherry', 2, 750, 0),
(3532, 'Ludhiana', 2, 751, 0),
(3533, 'Amritsar', 2, 751, 0),
(3534, 'Jalandhar (Jullundur)', 2, 751, 0),
(3535, 'Patiala', 2, 751, 0),
(3536, 'Bhatinda (Bathinda)', 2, 751, 0),
(3537, 'Pathankot', 2, 751, 0),
(3538, 'Hoshiarpur', 2, 751, 0),
(3539, 'Moga', 2, 751, 0),
(3540, 'Abohar', 2, 751, 0),
(3541, 'Lahore', 2, 751, 0),
(3542, 'Faisalabad', 2, 751, 0),
(3543, 'Rawalpindi', 2, 751, 0),
(3544, 'Multan', 2, 751, 0),
(3545, 'Gujranwala', 2, 751, 0),
(3546, 'Sargodha', 2, 751, 0),
(3547, 'Sialkot', 2, 751, 0),
(3548, 'Bahawalpur', 2, 751, 0),
(3549, 'Jhang', 2, 751, 0),
(3550, 'Sheikhupura', 2, 751, 0),
(3551, 'Gujrat', 2, 751, 0),
(3552, 'Kasur', 2, 751, 0),
(3553, 'Rahim Yar Khan', 2, 751, 0),
(3554, 'Sahiwal', 2, 751, 0),
(3555, 'Okara', 2, 751, 0),
(3556, 'Wah', 2, 751, 0),
(3557, 'Dera Ghazi Khan', 2, 751, 0),
(3558, 'Chiniot', 2, 751, 0),
(3559, 'Kamoke', 2, 751, 0),
(3560, 'Mandi Burewala', 2, 751, 0),
(3561, 'Jhelum', 2, 751, 0),
(3562, 'Sadiqabad', 2, 751, 0),
(3563, 'Khanewal', 2, 751, 0),
(3564, 'Hafizabad', 2, 751, 0),
(3565, 'Muzaffargarh', 2, 751, 0),
(3566, 'Khanpur', 2, 751, 0),
(3567, 'Gojra', 2, 751, 0),
(3568, 'Bahawalnagar', 2, 751, 0),
(3569, 'Muridke', 2, 751, 0),
(3570, 'Pak Pattan', 2, 751, 0),
(3571, 'Jaranwala', 2, 751, 0),
(3572, 'Chishtian Mandi', 2, 751, 0),
(3573, 'Daska', 2, 751, 0),
(3574, 'Mandi Bahauddin', 2, 751, 0),
(3575, 'Ahmadpur East', 2, 751, 0),
(3576, 'Kamalia', 2, 751, 0),
(3577, 'Vihari', 2, 751, 0),
(3578, 'Wazirabad', 2, 751, 0),
(3579, 'Jaipur', 2, 752, 0),
(3580, 'Jodhpur', 2, 752, 0),
(3581, 'Kota', 2, 752, 0),
(3582, 'Bikaner', 2, 752, 0),
(3583, 'Ajmer', 2, 752, 0),
(3584, 'Udaipur', 2, 752, 0),
(3585, 'Alwar', 2, 752, 0),
(3586, 'Bhilwara', 2, 752, 0),
(3587, 'Ganganagar', 2, 752, 0),
(3588, 'Bharatpur', 2, 752, 0),
(3589, 'Sikar', 2, 752, 0),
(3590, 'Pali', 2, 752, 0),
(3591, 'Beawar', 2, 752, 0),
(3592, 'Tonk', 2, 752, 0),
(3593, 'Chennai (Madras)', 2, 753, 0),
(3594, 'Madurai', 2, 753, 0),
(3595, 'Coimbatore', 2, 753, 0),
(3596, 'Tiruchirapalli', 2, 753, 0),
(3597, 'Salem', 2, 753, 0),
(3598, 'Tiruppur (Tirupper)', 2, 753, 0),
(3599, 'Ambattur', 2, 753, 0),
(3600, 'Thanjavur', 2, 753, 0),
(3601, 'Tuticorin', 2, 753, 0),
(3602, 'Nagar Coil', 2, 753, 0),
(3603, 'Avadi', 2, 753, 0),
(3604, 'Dindigul', 2, 753, 0),
(3605, 'Vellore', 2, 753, 0),
(3606, 'Tiruvottiyur', 2, 753, 0),
(3607, 'Erode', 2, 753, 0),
(3608, 'Cuddalore', 2, 753, 0),
(3609, 'Kanchipuram', 2, 753, 0),
(3610, 'Kumbakonam', 2, 753, 0),
(3611, 'Tirunelveli', 2, 753, 0),
(3612, 'Alandur', 2, 753, 0),
(3613, 'Neyveli', 2, 753, 0),
(3614, 'Rajapalaiyam', 2, 753, 0),
(3615, 'Pallavaram', 2, 753, 0),
(3616, 'Tiruvannamalai', 2, 753, 0),
(3617, 'Tambaram', 2, 753, 0),
(3618, 'Valparai', 2, 753, 0),
(3619, 'Pudukkottai', 2, 753, 0),
(3620, 'Palayankottai', 2, 753, 0),
(3621, 'Agartala', 2, 754, 0),
(3622, 'Kanpur', 2, 755, 0),
(3623, 'Lucknow', 2, 755, 0),
(3624, 'Varanasi (Benares)', 2, 755, 0),
(3625, 'Agra', 2, 755, 0),
(3626, 'Allahabad', 2, 755, 0),
(3627, 'Meerut', 2, 755, 0),
(3628, 'Bareilly', 2, 755, 0),
(3629, 'Gorakhpur', 2, 755, 0),
(3630, 'Aligarh', 2, 755, 0),
(3631, 'Ghaziabad', 2, 755, 0),
(3632, 'Moradabad', 2, 755, 0),
(3633, 'Saharanpur', 2, 755, 0),
(3634, 'Jhansi', 2, 755, 0),
(3635, 'Rampur', 2, 755, 0),
(3636, 'Muzaffarnagar', 2, 755, 0),
(3637, 'Shahjahanpur', 2, 755, 0),
(3638, 'Mathura', 2, 755, 0),
(3639, 'Firozabad', 2, 755, 0),
(3640, 'Farrukhabad-cum-Fatehgarh', 2, 755, 0),
(3641, 'Mirzapur-cum-Vindhyachal', 2, 755, 0),
(3642, 'Sambhal', 2, 755, 0),
(3643, 'Noida', 2, 755, 0),
(3644, 'Hapur', 2, 755, 0),
(3645, 'Amroha', 2, 755, 0),
(3646, 'Maunath Bhanjan', 2, 755, 0),
(3647, 'Jaunpur', 2, 755, 0),
(3648, 'Bahraich', 2, 755, 0),
(3649, 'Rae Bareli', 2, 755, 0),
(3650, 'Bulandshahr', 2, 755, 0),
(3651, 'Faizabad', 2, 755, 0),
(3652, 'Etawah', 2, 755, 0),
(3653, 'Sitapur', 2, 755, 0),
(3654, 'Fatehpur', 2, 755, 0),
(3655, 'Budaun', 2, 755, 0),
(3656, 'Hathras', 2, 755, 0),
(3657, 'Unnao', 2, 755, 0),
(3658, 'Pilibhit', 2, 755, 0),
(3659, 'Gonda', 2, 755, 0),
(3660, 'Modinagar', 2, 755, 0),
(3661, 'Orai', 2, 755, 0),
(3662, 'Banda', 2, 755, 0),
(3663, 'Meerut Cantonment', 2, 755, 0),
(3664, 'Kanpur Cantonment', 2, 755, 0),
(3665, 'Dehra Dun', 2, 756, 0),
(3666, 'Hardwar (Haridwar)', 2, 756, 0),
(3667, 'Haldwani-cum-Kathgodam', 2, 756, 0),
(3668, 'Calcutta [Kolkata]', 2, 757, 0),
(3669, 'Haora (Howrah)', 2, 757, 0),
(3670, 'Durgapur', 2, 757, 0),
(3671, 'Bhatpara', 2, 757, 0),
(3672, 'Panihati', 2, 757, 0),
(3673, 'Kamarhati', 2, 757, 0),
(3674, 'Asansol', 2, 757, 0),
(3675, 'Barddhaman (Burdwan)', 2, 757, 0),
(3676, 'South Dum Dum', 2, 757, 0),
(3677, 'Barahanagar (Baranagar)', 2, 757, 0),
(3678, 'Siliguri (Shiliguri)', 2, 757, 0),
(3679, 'Bally', 2, 757, 0),
(3680, 'Kharagpur', 2, 757, 0),
(3681, 'Burnpur', 2, 757, 0),
(3682, 'Uluberia', 2, 757, 0),
(3683, 'Hugli-Chinsurah', 2, 757, 0),
(3684, 'Raiganj', 2, 757, 0),
(3685, 'North Dum Dum', 2, 757, 0),
(3686, 'Dabgram', 2, 757, 0),
(3687, 'Ingraj Bazar (English Bazar)', 2, 757, 0),
(3688, 'Serampore', 2, 757, 0),
(3689, 'Barrackpur', 2, 757, 0),
(3690, 'Naihati', 2, 757, 0),
(3691, 'Midnapore (Medinipur)', 2, 757, 0),
(3692, 'Navadwip', 2, 757, 0),
(3693, 'Krishnanagar', 2, 757, 0),
(3694, 'Chandannagar', 2, 757, 0),
(3695, 'Balurghat', 2, 757, 0),
(3696, 'Berhampore (Baharampur)', 2, 757, 0),
(3697, 'Bankura', 2, 757, 0),
(3698, 'Titagarh', 2, 757, 0),
(3699, 'Halisahar', 2, 757, 0),
(3700, 'Santipur', 2, 757, 0),
(3701, 'Kulti-Barakar', 2, 757, 0),
(3702, 'Barasat', 2, 757, 0),
(3703, 'Rishra', 2, 757, 0),
(3704, 'Basirhat', 2, 757, 0),
(3705, 'Uttarpara-Kotrung', 2, 757, 0),
(3706, 'North Barrackpur', 2, 757, 0),
(3707, 'Haldia', 2, 757, 0),
(3708, 'Habra', 2, 757, 0),
(3709, 'Kanchrapara', 2, 757, 0),
(3710, 'Champdani', 2, 757, 0),
(3711, 'Ashoknagar-Kalyangarh', 2, 757, 0),
(3712, 'Bansberia', 2, 757, 0),
(3713, 'Baidyabati', 2, 757, 0),
(3714, 'Dublin', 2, 758, 0),
(3715, 'Cork', 2, 759, 0),
(3716, 'Ardebil', 2, 760, 0),
(3717, 'Bushehr', 2, 761, 0),
(3718, 'Shahr-e Kord', 2, 762, 0),
(3719, 'Tabriz', 2, 763, 0),
(3720, 'Maragheh', 2, 763, 0),
(3721, 'Marand', 2, 763, 0),
(3722, 'Esfahan', 2, 764, 0),
(3723, 'Kashan', 2, 764, 0),
(3724, 'Najafabad', 2, 764, 0),
(3725, 'Khomeynishahr', 2, 764, 0),
(3726, 'Qomsheh', 2, 764, 0),
(3727, 'Shiraz', 2, 765, 0),
(3728, 'Marv Dasht', 2, 765, 0),
(3729, 'Jahrom', 2, 765, 0),
(3730, 'Rasht', 2, 766, 0),
(3731, 'Bandar-e Anzali', 2, 766, 0),
(3732, 'Gorgan', 2, 767, 0),
(3733, 'Hamadan', 2, 768, 0),
(3734, 'Malayer', 2, 768, 0),
(3735, 'Bandar-e-Abbas', 2, 769, 0),
(3736, 'Ilam', 2, 770, 0),
(3737, 'Kerman', 2, 771, 0),
(3738, 'Sirjan', 2, 771, 0),
(3739, 'Rafsanjan', 2, 771, 0),
(3740, 'Kermanshah', 2, 772, 0),
(3741, 'Mashhad', 2, 773, 0),
(3742, 'Sabzevar', 2, 773, 0),
(3743, 'Neyshabur', 2, 773, 0),
(3744, 'Bojnurd', 2, 773, 0),
(3745, 'Birjand', 2, 773, 0),
(3746, 'Torbat-e Heydariyeh', 2, 773, 0),
(3747, 'Ahvaz', 2, 774, 0),
(3748, 'Abadan', 2, 774, 0),
(3749, 'Dezful', 2, 774, 0),
(3750, 'Masjed-e-Soleyman', 2, 774, 0),
(3751, 'Andimeshk', 2, 774, 0),
(3752, 'Khorramshahr', 2, 774, 0),
(3753, 'Sanandaj', 2, 775, 0),
(3754, 'Saqqez', 2, 775, 0),
(3755, 'Khorramabad', 2, 776, 0),
(3756, 'Borujerd', 2, 776, 0),
(3757, 'Arak', 2, 777, 0),
(3758, 'Sari', 2, 778, 0),
(3759, 'Amol', 2, 778, 0),
(3760, 'Babol', 2, 778, 0),
(3761, 'Qaemshahr', 2, 778, 0),
(3762, 'Gonbad-e Qabus', 2, 778, 0),
(3763, 'Qazvin', 2, 779, 0),
(3764, 'Qom', 2, 780, 0),
(3765, 'Saveh', 2, 780, 0),
(3766, 'Shahrud', 2, 781, 0),
(3767, 'Semnan', 2, 781, 0),
(3768, 'Zahedan', 2, 782, 0),
(3769, 'Zabol', 2, 782, 0),
(3770, 'Teheran', 2, 783, 0),
(3771, 'Karaj', 2, 783, 0),
(3772, 'Eslamshahr', 2, 783, 0),
(3773, 'Qarchak', 2, 783, 0),
(3774, 'Qods', 2, 783, 0),
(3775, 'Varamin', 2, 783, 0),
(3776, 'Urmia', 2, 784, 0),
(3777, 'Khoy', 2, 784, 0),
(3778, 'Bukan', 2, 784, 0),
(3779, 'Mahabad', 2, 784, 0),
(3780, 'Miandoab', 2, 784, 0),
(3781, 'Yazd', 2, 785, 0),
(3782, 'Zanjan', 2, 786, 0),
(3783, 'al-Ramadi', 2, 787, 0),
(3784, 'al-Najaf', 2, 788, 0),
(3785, 'al-Diwaniya', 2, 789, 0),
(3786, 'al-Sulaymaniya', 2, 790, 0),
(3787, 'Kirkuk', 2, 791, 0),
(3788, 'al-Hilla', 2, 792, 0),
(3789, 'Baghdad', 2, 793, 0),
(3790, 'Basra', 2, 794, 0),
(3791, 'al-Nasiriya', 2, 795, 0),
(3792, 'Baquba', 2, 796, 0),
(3793, 'Irbil', 2, 797, 0),
(3794, 'Karbala', 2, 798, 0),
(3795, 'al-Amara', 2, 799, 0),
(3796, 'Mosul', 2, 800, 0),
(3797, 'al-Kut', 2, 801, 0),
(3798, 'Reykjavk', 2, 802, 0),
(3799, 'Beerseba', 2, 803, 0),
(3800, 'Ashdod', 2, 803, 0),
(3801, 'Ashqelon', 2, 803, 0),
(3802, 'Rishon Le Ziyyon', 2, 804, 0),
(3803, 'Petah Tiqwa', 2, 804, 0),
(3804, 'Netanya', 2, 804, 0),
(3805, 'Rehovot', 2, 804, 0),
(3806, 'Haifa', 2, 805, 0),
(3807, 'Jerusalem', 2, 806, 0),
(3808, 'Tel Aviv-Jaffa', 2, 807, 0),
(3809, 'Holon', 2, 807, 0),
(3810, 'Bat Yam', 2, 807, 0),
(3811, 'Bene Beraq', 2, 807, 0),
(3812, 'Ramat Gan', 2, 807, 0),
(3813, 'Pescara', 2, 808, 0),
(3814, 'Bari', 2, 809, 0),
(3815, 'Taranto', 2, 809, 0),
(3816, 'Foggia', 2, 809, 0),
(3817, 'Lecce', 2, 809, 0),
(3818, 'Andria', 2, 809, 0),
(3819, 'Brindisi', 2, 809, 0),
(3820, 'Barletta', 2, 809, 0),
(3821, 'Reggio di Calabria', 2, 810, 0),
(3822, 'Catanzaro', 2, 810, 0),
(3823, 'Napoli', 2, 811, 0),
(3824, 'Salerno', 2, 811, 0),
(3825, 'Torre del Greco', 2, 811, 0),
(3826, 'Giugliano in Campania', 2, 811, 0),
(3827, 'Bologna', 2, 812, 0),
(3828, 'Modena', 2, 812, 0),
(3829, 'Parma', 2, 812, 0),
(3830, 'Reggio nell Emilia', 2, 812, 0),
(3831, 'Ravenna', 2, 812, 0),
(3832, 'Ferrara', 2, 812, 0),
(3833, 'Rimini', 2, 812, 0),
(3834, 'Forl', 2, 812, 0),
(3835, 'Piacenza', 2, 812, 0),
(3836, 'Cesena', 2, 812, 0),
(3837, 'Trieste', 2, 813, 0),
(3838, 'Udine', 2, 813, 0),
(3839, 'Roma', 2, 814, 0),
(3840, 'Latina', 2, 814, 0),
(3841, 'Genova', 2, 815, 0),
(3842, 'La Spezia', 2, 815, 0),
(3843, 'Milano', 2, 816, 0),
(3844, 'Brescia', 2, 816, 0),
(3845, 'Monza', 2, 816, 0),
(3846, 'Bergamo', 2, 816, 0),
(3847, 'Ancona', 2, 817, 0),
(3848, 'Pesaro', 2, 817, 0),
(3849, 'Torino', 2, 818, 0),
(3850, 'Novara', 2, 818, 0),
(3851, 'Alessandria', 2, 818, 0),
(3852, 'Cagliari', 2, 819, 0),
(3853, 'Sassari', 2, 819, 0),
(3854, 'Palermo', 2, 820, 0),
(3855, 'Catania', 2, 820, 0),
(3856, 'Messina', 2, 820, 0),
(3857, 'Syrakusa', 2, 820, 0),
(3858, 'Firenze', 2, 821, 0),
(3859, 'Prato', 2, 821, 0),
(3860, 'Livorno', 2, 821, 0),
(3861, 'Pisa', 2, 821, 0),
(3862, 'Arezzo', 2, 821, 0),
(3863, 'Trento', 2, 822, 0),
(3864, 'Bolzano', 2, 822, 0),
(3865, 'Perugia', 2, 823, 0),
(3866, 'Terni', 2, 823, 0),
(3867, 'Venezia', 2, 824, 0),
(3868, 'Verona', 2, 824, 0),
(3869, 'Padova', 2, 824, 0),
(3870, 'Vicenza', 2, 824, 0),
(3871, 'Kingston', 2, 825, 0),
(3872, 'Portmore', 2, 825, 0),
(3873, 'Spanish Town', 2, 826, 0),
(3874, 'al-Zarqa', 2, 827, 0),
(3875, 'al-Rusayfa', 2, 827, 0),
(3876, 'Amman', 2, 828, 0),
(3877, 'Wadi al-Sir', 2, 828, 0),
(3878, 'Irbid', 2, 829, 0),
(3879, 'Nagoya', 2, 830, 0),
(3880, 'Toyohashi', 2, 830, 0),
(3881, 'Toyota', 2, 830, 0),
(3882, 'Okazaki', 2, 830, 0),
(3883, 'Kasugai', 2, 830, 0),
(3884, 'Ichinomiya', 2, 830, 0),
(3885, 'Anjo', 2, 830, 0),
(3886, 'Komaki', 2, 830, 0),
(3887, 'Seto', 2, 830, 0),
(3888, 'Kariya', 2, 830, 0),
(3889, 'Toyokawa', 2, 830, 0),
(3890, 'Handa', 2, 830, 0),
(3891, 'Tokai', 2, 830, 0),
(3892, 'Inazawa', 2, 830, 0),
(3893, 'Konan', 2, 830, 0),
(3894, 'Akita', 2, 831, 0),
(3895, 'Aomori', 2, 832, 0),
(3896, 'Hachinohe', 2, 832, 0),
(3897, 'Hirosaki', 2, 832, 0),
(3898, 'Chiba', 2, 833, 0),
(3899, 'Funabashi', 2, 833, 0),
(3900, 'Matsudo', 2, 833, 0),
(3901, 'Ichikawa', 2, 833, 0),
(3902, 'Kashiwa', 2, 833, 0),
(3903, 'Ichihara', 2, 833, 0),
(3904, 'Sakura', 2, 833, 0),
(3905, 'Yachiyo', 2, 833, 0),
(3906, 'Narashino', 2, 833, 0),
(3907, 'Nagareyama', 2, 833, 0),
(3908, 'Urayasu', 2, 833, 0),
(3909, 'Abiko', 2, 833, 0),
(3910, 'Kisarazu', 2, 833, 0),
(3911, 'Noda', 2, 833, 0),
(3912, 'Kamagaya', 2, 833, 0),
(3913, 'Nishio', 2, 833, 0),
(3914, 'Kimitsu', 2, 833, 0),
(3915, 'Mobara', 2, 833, 0),
(3916, 'Narita', 2, 833, 0),
(3917, 'Matsuyama', 2, 834, 0),
(3918, 'Niihama', 2, 834, 0),
(3919, 'Imabari', 2, 834, 0),
(3920, 'Fukui', 2, 835, 0),
(3921, 'Fukuoka', 2, 836, 0),
(3922, 'Kitakyushu', 2, 836, 0),
(3923, 'Kurume', 2, 836, 0),
(3924, 'Omuta', 2, 836, 0),
(3925, 'Kasuga', 2, 836, 0),
(3926, 'Iwaki', 2, 837, 0),
(3927, 'Koriyama', 2, 837, 0),
(3928, 'Fukushima', 2, 837, 0),
(3929, 'Aizuwakamatsu', 2, 837, 0),
(3930, 'Gifu', 2, 838, 0),
(3931, 'Ogaki', 2, 838, 0),
(3932, 'Kakamigahara', 2, 838, 0),
(3933, 'Tajimi', 2, 838, 0),
(3934, 'Maebashi', 2, 839, 0),
(3935, 'Takasaki', 2, 839, 0),
(3936, 'Ota', 2, 839, 0),
(3937, 'Isesaki', 2, 839, 0),
(3938, 'Kiryu', 2, 839, 0),
(3939, 'Hiroshima', 2, 840, 0),
(3940, 'Fukuyama', 2, 840, 0),
(3941, 'Kure', 2, 840, 0),
(3942, 'Higashihiroshima', 2, 840, 0),
(3943, 'Onomichi', 2, 840, 0),
(3944, 'Sapporo', 2, 841, 0),
(3945, 'Asahikawa', 2, 841, 0),
(3946, 'Hakodate', 2, 841, 0),
(3947, 'Kushiro', 2, 841, 0),
(3948, 'Obihiro', 2, 841, 0),
(3949, 'Tomakomai', 2, 841, 0),
(3950, 'Otaru', 2, 841, 0),
(3951, 'Ebetsu', 2, 841, 0),
(3952, 'Kitami', 2, 841, 0),
(3953, 'Muroran', 2, 841, 0),
(3954, 'Kobe', 2, 842, 0),
(3955, 'Amagasaki', 2, 842, 0),
(3956, 'Himeji', 2, 842, 0),
(3957, 'Nishinomiya', 2, 842, 0),
(3958, 'Akashi', 2, 842, 0),
(3959, 'Kakogawa', 2, 842, 0),
(3960, 'Takarazuka', 2, 842, 0),
(3961, 'Itami', 2, 842, 0),
(3962, 'Kawanishi', 2, 842, 0),
(3963, 'Sanda', 2, 842, 0),
(3964, 'Takasago', 2, 842, 0),
(3965, 'Mito', 2, 843, 0),
(3966, 'Hitachi', 2, 843, 0),
(3967, 'Tsukuba', 2, 843, 0),
(3968, 'Tama', 2, 843, 0),
(3969, 'Tsuchiura', 2, 843, 0),
(3970, 'Kanazawa', 2, 844, 0),
(3971, 'Komatsu', 2, 844, 0),
(3972, 'Morioka', 2, 845, 0),
(3973, 'Takamatsu', 2, 846, 0),
(3974, 'Kagoshima', 2, 847, 0),
(3975, 'Jokohama [Yokohama]', 2, 848, 0),
(3976, 'Kawasaki', 2, 848, 0),
(3977, 'Sagamihara', 2, 848, 0),
(3978, 'Yokosuka', 2, 848, 0),
(3979, 'Fujisawa', 2, 848, 0),
(3980, 'Hiratsuka', 2, 848, 0),
(3981, 'Chigasaki', 2, 848, 0),
(3982, 'Atsugi', 2, 848, 0),
(3983, 'Yamato', 2, 848, 0),
(3984, 'Odawara', 2, 848, 0),
(3985, 'Kamakura', 2, 848, 0),
(3986, 'Hadano', 2, 848, 0),
(3987, 'Zama', 2, 848, 0),
(3988, 'Ebina', 2, 848, 0),
(3989, 'Isehara', 2, 848, 0),
(3990, 'Kochi', 2, 849, 0),
(3991, 'Kumamoto', 2, 850, 0),
(3992, 'Yatsushiro', 2, 850, 0),
(3993, 'Kioto', 2, 851, 0),
(3994, 'Uji', 2, 851, 0),
(3995, 'Maizuru', 2, 851, 0),
(3996, 'Kameoka', 2, 851, 0),
(3997, 'Yokkaichi', 2, 852, 0),
(3998, 'Suzuka', 2, 852, 0),
(3999, 'Tsu', 2, 852, 0),
(4000, 'Matsusaka', 2, 852, 0),
(4001, 'Kuwana', 2, 852, 0),
(4002, 'Ise', 2, 852, 0),
(4003, 'Sendai', 2, 853, 0),
(4004, 'Ishinomaki', 2, 853, 0),
(4005, 'Miyazaki', 2, 854, 0),
(4006, 'Miyakonojo', 2, 854, 0),
(4007, 'Nobeoka', 2, 854, 0),
(4008, 'Nagano', 2, 855, 0),
(4009, 'Matsumoto', 2, 855, 0),
(4010, 'Ueda', 2, 855, 0),
(4011, 'Iida', 2, 855, 0),
(4012, 'Nagasaki', 2, 856, 0),
(4013, 'Sasebo', 2, 856, 0),
(4014, 'Isahaya', 2, 856, 0),
(4015, 'Nara', 2, 857, 0),
(4016, 'Kashihara', 2, 857, 0),
(4017, 'Ikoma', 2, 857, 0),
(4018, 'Yamatokoriyama', 2, 857, 0),
(4019, 'Niigata', 2, 858, 0),
(4020, 'Nagaoka', 2, 858, 0),
(4021, 'Joetsu', 2, 858, 0),
(4022, 'Kashiwazaki', 2, 858, 0),
(4023, 'Oita', 2, 859, 0),
(4024, 'Beppu', 2, 859, 0),
(4025, 'Okayama', 2, 860, 0),
(4026, 'Kurashiki', 2, 860, 0),
(4027, 'Tsuyama', 2, 860, 0),
(4028, 'Naha', 2, 861, 0),
(4029, 'Okinawa', 2, 861, 0),
(4030, 'Urasoe', 2, 861, 0),
(4031, 'Osaka', 2, 862, 0),
(4032, 'Sakai', 2, 862, 0),
(4033, 'Higashiosaka', 2, 862, 0),
(4034, 'Hirakata', 2, 862, 0),
(4035, 'Toyonaka', 2, 862, 0),
(4036, 'Takatsuki', 2, 862, 0),
(4037, 'Suita', 2, 862, 0),
(4038, 'Yao', 2, 862, 0),
(4039, 'Ibaraki', 2, 862, 0),
(4040, 'Neyagawa', 2, 862, 0),
(4041, 'Kishiwada', 2, 862, 0),
(4042, 'Izumi', 2, 862, 0),
(4043, 'Moriguchi', 2, 862, 0),
(4044, 'Kadoma', 2, 862, 0),
(4045, 'Matsubara', 2, 862, 0),
(4046, 'Daito', 2, 862, 0),
(4047, 'Minoo', 2, 862, 0),
(4048, 'Tondabayashi', 2, 862, 0),
(4049, 'Kawachinagano', 2, 862, 0),
(4050, 'Habikino', 2, 862, 0),
(4051, 'Ikeda', 2, 862, 0),
(4052, 'Izumisano', 2, 862, 0),
(4053, 'Saga', 2, 863, 0),
(4054, 'Urawa', 2, 864, 0),
(4055, 'Kawaguchi', 2, 864, 0),
(4056, 'Omiya', 2, 864, 0),
(4057, 'Kawagoe', 2, 864, 0),
(4058, 'Tokorozawa', 2, 864, 0),
(4059, 'Koshigaya', 2, 864, 0),
(4060, 'Soka', 2, 864, 0),
(4061, 'Ageo', 2, 864, 0),
(4062, 'Kasukabe', 2, 864, 0),
(4063, 'Sayama', 2, 864, 0),
(4064, 'Kumagaya', 2, 864, 0),
(4065, 'Niiza', 2, 864, 0),
(4066, 'Iruma', 2, 864, 0),
(4067, 'Misato', 2, 864, 0),
(4068, 'Asaka', 2, 864, 0),
(4069, 'Iwatsuki', 2, 864, 0),
(4070, 'Toda', 2, 864, 0),
(4071, 'Fukaya', 2, 864, 0),
(4072, 'Sakado', 2, 864, 0),
(4073, 'Fujimi', 2, 864, 0),
(4074, 'Higashimatsuyama', 2, 864, 0),
(4075, 'Otsu', 2, 865, 0),
(4076, 'Kusatsu', 2, 865, 0),
(4077, 'Hikone', 2, 865, 0),
(4078, 'Matsue', 2, 866, 0),
(4079, 'Hamamatsu', 2, 867, 0),
(4080, 'Shizuoka', 2, 867, 0),
(4081, 'Shimizu', 2, 867, 0),
(4082, 'Fuji', 2, 867, 0),
(4083, 'Numazu', 2, 867, 0),
(4084, 'Fujieda', 2, 867, 0),
(4085, 'Fujinomiya', 2, 867, 0),
(4086, 'Yaizu', 2, 867, 0),
(4087, 'Mishima', 2, 867, 0),
(4088, 'Utsunomiya', 2, 868, 0),
(4089, 'Ashikaga', 2, 868, 0),
(4090, 'Oyama', 2, 868, 0),
(4091, 'Kanuma', 2, 868, 0),
(4092, 'Tokushima', 2, 869, 0),
(4093, 'Tokyo', 2, 870, 0),
(4094, 'Hachioji', 2, 870, 0),
(4095, 'Machida', 2, 870, 0),
(4096, 'Fuchu', 2, 870, 0),
(4097, 'Chofu', 2, 870, 0),
(4098, 'Kodaira', 2, 870, 0),
(4099, 'Mitaka', 2, 870, 0),
(4100, 'Hino', 2, 870, 0),
(4101, 'Tachikawa', 2, 870, 0),
(4102, 'Hitachinaka', 2, 870, 0),
(4103, 'Ome', 2, 870, 0),
(4104, 'Higashimurayama', 2, 870, 0),
(4105, 'Musashino', 2, 870, 0),
(4106, 'Higashikurume', 2, 870, 0),
(4107, 'Koganei', 2, 870, 0),
(4108, 'Kokubunji', 2, 870, 0),
(4109, 'Akishima', 2, 870, 0),
(4110, 'Hoya', 2, 870, 0),
(4111, 'Tottori', 2, 871, 0),
(4112, 'Yonago', 2, 871, 0),
(4113, 'Toyama', 2, 872, 0),
(4114, 'Takaoka', 2, 872, 0),
(4115, 'Wakayama', 2, 873, 0),
(4116, 'Yamagata', 2, 874, 0),
(4117, 'Sakata', 2, 874, 0),
(4118, 'Tsuruoka', 2, 874, 0),
(4119, 'Yonezawa', 2, 874, 0),
(4120, 'Shimonoseki', 2, 875, 0),
(4121, 'Ube', 2, 875, 0),
(4122, 'Yamaguchi', 2, 875, 0),
(4123, 'Hofu', 2, 875, 0),
(4124, 'Tokuyama', 2, 875, 0),
(4125, 'Iwakuni', 2, 875, 0),
(4126, 'Kofu', 2, 876, 0),
(4127, 'Taldyqorghan', 2, 877, 0),
(4128, 'Almaty', 2, 878, 0),
(4129, 'Aqtbe', 2, 879, 0),
(4130, 'Astana', 2, 880, 0),
(4131, 'Atyrau', 2, 881, 0),
(4132, 'skemen', 2, 882, 0),
(4133, 'Semey', 2, 882, 0),
(4134, 'Aqtau', 2, 883, 0),
(4135, 'Petropavl', 2, 884, 0),
(4136, 'Kkshetau', 2, 884, 0),
(4137, 'Pavlodar', 2, 885, 0),
(4138, 'Ekibastuz', 2, 885, 0),
(4139, 'Qaraghandy', 2, 886, 0),
(4140, 'Temirtau', 2, 886, 0),
(4141, 'Zhezqazghan', 2, 886, 0),
(4142, 'Qostanay', 2, 887, 0),
(4143, 'Rudnyy', 2, 887, 0),
(4144, 'Qyzylorda', 2, 888, 0),
(4145, 'Shymkent', 2, 889, 0),
(4146, 'Taraz', 2, 890, 0),
(4147, 'Oral', 2, 891, 0),
(4148, 'Suva', 2, 892, 0),
(4149, 'Nyeri', 2, 892, 0),
(4150, 'Kathmandu', 2, 892, 0),
(4151, 'Lalitapur', 2, 892, 0),
(4152, 'Birgunj', 2, 892, 0),
(4153, 'San Lorenzo', 2, 892, 0),
(4154, 'Lambar', 2, 892, 0),
(4155, 'Fernando de la Mora', 2, 892, 0),
(4156, 'Kabwe', 2, 892, 0),
(4157, 'Kandy', 2, 892, 0),
(4158, 'Kampala', 2, 892, 0),
(4159, 'Mombasa', 2, 893, 0),
(4160, 'Machakos', 2, 894, 0),
(4161, 'Meru', 2, 894, 0),
(4162, 'Biratnagar', 2, 894, 0),
(4163, 'Nairobi', 2, 895, 0),
(4164, 'Kisumu', 2, 896, 0),
(4165, 'Nakuru', 2, 897, 0),
(4166, 'Eldoret', 2, 897, 0),
(4167, 'Bishkek', 2, 898, 0),
(4168, 'Osh', 2, 899, 0),
(4169, 'Battambang', 2, 900, 0),
(4170, 'Phnom Penh', 2, 901, 0),
(4171, 'Siem Reap', 2, 902, 0),
(4172, 'Bikenibeu', 2, 903, 0),
(4173, 'Bairiki', 2, 903, 0),
(4174, 'Basseterre', 2, 904, 0),
(4175, 'Cheju', 2, 905, 0),
(4176, 'Chonju', 2, 906, 0),
(4177, 'Iksan', 2, 906, 0),
(4178, 'Kunsan', 2, 906, 0),
(4179, 'Chong-up', 2, 906, 0),
(4180, 'Kimje', 2, 906, 0),
(4181, 'Namwon', 2, 906, 0),
(4182, 'Sunchon', 2, 907, 0),
(4183, 'Mokpo', 2, 907, 0),
(4184, 'Yosu', 2, 907, 0),
(4185, 'Kwang-yang', 2, 907, 0),
(4186, 'Naju', 2, 907, 0),
(4187, 'Chongju', 2, 908, 0),
(4188, 'Chungju', 2, 908, 0),
(4189, 'Chechon', 2, 908, 0),
(4190, 'Chonan', 2, 909, 0),
(4191, 'Asan', 2, 909, 0),
(4192, 'Nonsan', 2, 909, 0),
(4193, 'Sosan', 2, 909, 0),
(4194, 'Kongju', 2, 909, 0),
(4195, 'Poryong', 2, 909, 0),
(4196, 'Inchon', 2, 910, 0),
(4197, 'Wonju', 2, 911, 0),
(4198, 'Chunchon', 2, 911, 0),
(4199, 'Kangnung', 2, 911, 0),
(4200, 'Tonghae', 2, 911, 0),
(4201, 'Kwangju', 2, 912, 0),
(4202, 'Songnam', 2, 913, 0),
(4203, 'Puchon', 2, 913, 0),
(4204, 'Suwon', 2, 913, 0),
(4205, 'Anyang', 2, 913, 0),
(4206, 'Koyang', 2, 913, 0),
(4207, 'Ansan', 2, 913, 0),
(4208, 'Kwangmyong', 2, 913, 0),
(4209, 'Pyongtaek', 2, 913, 0),
(4210, 'Uijongbu', 2, 913, 0),
(4211, 'Yong-in', 2, 913, 0),
(4212, 'Kunpo', 2, 913, 0),
(4213, 'Namyangju', 2, 913, 0),
(4214, 'Paju', 2, 913, 0),
(4215, 'Ichon', 2, 913, 0),
(4216, 'Kuri', 2, 913, 0),
(4217, 'Shihung', 2, 913, 0),
(4218, 'Hanam', 2, 913, 0),
(4219, 'Uiwang', 2, 913, 0),
(4220, 'Pohang', 2, 914, 0),
(4221, 'Kumi', 2, 914, 0),
(4222, 'Kyongju', 2, 914, 0),
(4223, 'Andong', 2, 914, 0),
(4224, 'Kyongsan', 2, 914, 0),
(4225, 'Kimchon', 2, 914, 0),
(4226, 'Yongju', 2, 914, 0),
(4227, 'Sangju', 2, 914, 0),
(4228, 'Yongchon', 2, 914, 0),
(4229, 'Mun-gyong', 2, 914, 0),
(4230, 'Ulsan', 2, 915, 0),
(4231, 'Chang-won', 2, 915, 0),
(4232, 'Masan', 2, 915, 0),
(4233, 'Chinju', 2, 915, 0),
(4234, 'Kimhae', 2, 915, 0),
(4235, 'Yangsan', 2, 915, 0),
(4236, 'Koje', 2, 915, 0),
(4237, 'Tong-yong', 2, 915, 0),
(4238, 'Chinhae', 2, 915, 0),
(4239, 'Miryang', 2, 915, 0),
(4240, 'Sachon', 2, 915, 0),
(4241, 'Pusan', 2, 916, 0),
(4242, 'Seoul', 2, 917, 0),
(4243, 'Taegu', 2, 918, 0),
(4244, 'Taejon', 2, 919, 0),
(4245, 'Kuwait', 2, 920, 0),
(4246, 'al-Salimiya', 2, 921, 0),
(4247, 'Jalib al-Shuyukh', 2, 921, 0),
(4248, 'Savannakhet', 2, 922, 0),
(4249, 'Vientiane', 2, 923, 0),
(4250, 'Tripoli', 2, 924, 0),
(4251, 'Beirut', 2, 925, 0),
(4252, 'Monrovia', 2, 926, 0),
(4253, 'al-Zawiya', 2, 927, 0),
(4254, 'Bengasi', 2, 928, 0),
(4255, 'Misrata', 2, 929, 0),
(4256, 'Tripoli', 2, 930, 0),
(4257, 'Castries', 2, 931, 0),
(4258, 'Schaan', 2, 932, 0),
(4259, 'Vaduz', 2, 933, 0),
(4260, 'Suva', 2, 934, 0),
(4261, 'Nyeri', 2, 934, 0),
(4262, 'Kathmandu', 2, 934, 0),
(4263, 'Lalitapur', 2, 934, 0),
(4264, 'Birgunj', 2, 934, 0),
(4265, 'San Lorenzo', 2, 934, 0),
(4266, 'Lambar', 2, 934, 0),
(4267, 'Fernando de la Mora', 2, 934, 0),
(4268, 'Kabwe', 2, 934, 0),
(4269, 'Kandy', 2, 934, 0),
(4270, 'Kampala', 2, 934, 0),
(4271, 'Tamale', 2, 935, 0),
(4272, 'Jaffna', 2, 935, 0),
(4273, 'Sekondi-Takoradi', 2, 936, 0),
(4274, 'Pokhara', 2, 936, 0),
(4275, 'Freetown', 2, 936, 0),
(4276, 'Colombo', 2, 936, 0),
(4277, 'Dehiwala', 2, 936, 0),
(4278, 'Moratuwa', 2, 936, 0),
(4279, 'Sri Jayawardenepura Kotte', 2, 936, 0),
(4280, 'Negombo', 2, 936, 0),
(4281, 'Maseru', 2, 937, 0),
(4282, 'Kaunas', 2, 938, 0),
(4283, 'Klaipeda', 2, 939, 0),
(4284, 'Panevezys', 2, 940, 0),
(4285, 'Vilnius', 2, 941, 0),
(4286, 'iauliai', 2, 942, 0),
(4287, 'Luxembourg [Luxemburg/Ltzebu', 2, 943, 0),
(4288, 'Daugavpils', 2, 944, 0),
(4289, 'Liepaja', 2, 945, 0),
(4290, 'Riga', 2, 946, 0),
(4291, 'Macao', 2, 947, 0),
(4292, 'Casablanca', 2, 948, 0),
(4293, 'Mohammedia', 2, 948, 0),
(4294, 'Khouribga', 2, 949, 0),
(4295, 'Settat', 2, 949, 0),
(4296, 'Safi', 2, 950, 0),
(4297, 'El Jadida', 2, 950, 0),
(4298, 'Fs', 2, 951, 0),
(4299, 'Knitra', 2, 952, 0),
(4300, 'Marrakech', 2, 953, 0),
(4301, 'Mekns', 2, 954, 0),
(4302, 'Oujda', 2, 955, 0),
(4303, 'Nador', 2, 955, 0),
(4304, 'Rabat', 2, 956, 0),
(4305, 'Sal', 2, 956, 0),
(4306, 'Tmara', 2, 956, 0),
(4307, 'Agadir', 2, 957, 0),
(4308, 'Beni-Mellal', 2, 958, 0),
(4309, 'Tanger', 2, 959, 0),
(4310, 'Ttouan', 2, 959, 0),
(4311, 'Ksar el Kebir', 2, 959, 0),
(4312, 'El Araich', 2, 959, 0),
(4313, 'Taza', 2, 960, 0),
(4314, 'South Hill', 2, 961, 0),
(4315, 'The Valley', 2, 961, 0),
(4316, 'Oranjestad', 2, 961, 0),
(4317, 'Douglas', 2, 961, 0),
(4318, 'Gibraltar', 2, 961, 0),
(4319, 'Tamuning', 2, 961, 0),
(4320, 'Agaa', 2, 961, 0),
(4321, 'Flying Fish Cove', 2, 961, 0),
(4322, 'Monte-Carlo', 2, 961, 0),
(4323, 'Monaco-Ville', 2, 961, 0),
(4324, 'Yangor', 2, 961, 0),
(4325, 'Yaren', 2, 961, 0),
(4326, 'Alofi', 2, 961, 0),
(4327, 'Kingston', 2, 961, 0),
(4328, 'Adamstown', 2, 961, 0),
(4329, 'Singapore', 2, 961, 0),
(4330, 'Nouma', 2, 961, 0),
(4331, 'Citt del Vaticano', 2, 961, 0),
(4332, 'Balti', 2, 962, 0),
(4333, 'Bender (Tghina)', 2, 963, 0),
(4334, 'Chisinau', 2, 964, 0),
(4335, 'Tiraspol', 2, 965, 0),
(4336, 'Antananarivo', 2, 966, 0),
(4337, 'Antsirab', 2, 966, 0),
(4338, 'Fianarantsoa', 2, 967, 0),
(4339, 'Mahajanga', 2, 968, 0),
(4340, 'Toamasina', 2, 969, 0),
(4341, 'Male', 2, 970, 0),
(4342, 'Aguascalientes', 2, 971, 0),
(4343, 'Tijuana', 2, 972, 0),
(4344, 'Mexicali', 2, 972, 0),
(4345, 'Ensenada', 2, 972, 0),
(4346, 'La Paz', 2, 973, 0),
(4347, 'Los Cabos', 2, 973, 0),
(4348, 'Campeche', 2, 974, 0),
(4349, 'Carmen', 2, 974, 0),
(4350, 'Tuxtla Gutirrez', 2, 975, 0),
(4351, 'Tapachula', 2, 975, 0),
(4352, 'Ocosingo', 2, 975, 0),
(4353, 'San Cristbal de las Casas', 2, 975, 0),
(4354, 'Comitn de Domnguez', 2, 975, 0),
(4355, 'Las Margaritas', 2, 975, 0),
(4356, 'Jurez', 2, 976, 0),
(4357, 'Chihuahua', 2, 976, 0),
(4358, 'Cuauhtmoc', 2, 976, 0),
(4359, 'Delicias', 2, 976, 0),
(4360, 'Hidalgo del Parral', 2, 976, 0),
(4361, 'Saltillo', 2, 977, 0),
(4362, 'Torren', 2, 977, 0),
(4363, 'Monclova', 2, 977, 0),
(4364, 'Piedras Negras', 2, 977, 0),
(4365, 'Acua', 2, 977, 0),
(4366, 'Matamoros', 2, 977, 0),
(4367, 'Colima', 2, 978, 0),
(4368, 'Manzanillo', 2, 978, 0),
(4369, 'Tecomn', 2, 978, 0),
(4370, 'Buenos Aires', 2, 979, 0),
(4371, 'Braslia', 2, 979, 0),
(4372, 'Ciudad de Mxico', 2, 979, 0),
(4373, 'Caracas', 2, 979, 0),
(4374, 'Catia La Mar', 2, 979, 0),
(4375, 'Durango', 2, 980, 0),
(4376, 'Gmez Palacio', 2, 980, 0),
(4377, 'Lerdo', 2, 980, 0),
(4378, 'Len', 2, 981, 0),
(4379, 'Irapuato', 2, 981, 0),
(4380, 'Celaya', 2, 981, 0),
(4381, 'Salamanca', 2, 981, 0),
(4382, 'Pnjamo', 2, 981, 0),
(4383, 'Guanajuato', 2, 981, 0),
(4384, 'Allende', 2, 981, 0),
(4385, 'Silao', 2, 981, 0),
(4386, 'Valle de Santiago', 2, 981, 0),
(4387, 'Dolores Hidalgo', 2, 981, 0),
(4388, 'Acmbaro', 2, 981, 0),
(4389, 'San Francisco del Rincn', 2, 981, 0),
(4390, 'San Luis de la Paz', 2, 981, 0),
(4391, 'San Felipe', 2, 981, 0),
(4392, 'Salvatierra', 2, 981, 0),
(4393, 'Acapulco de Jurez', 2, 982, 0),
(4394, 'Chilpancingo de los Bravo', 2, 982, 0),
(4395, 'Iguala de la Independencia', 2, 982, 0),
(4396, 'Chilapa de Alvarez', 2, 982, 0),
(4397, 'Taxco de Alarcn', 2, 982, 0),
(4398, 'Jos Azueta', 2, 982, 0),
(4399, 'Pachuca de Soto', 2, 983, 0),
(4400, 'Tulancingo de Bravo', 2, 983, 0),
(4401, 'Huejutla de Reyes', 2, 983, 0),
(4402, 'Guadalajara', 2, 984, 0),
(4403, 'Zapopan', 2, 984, 0),
(4404, 'Tlaquepaque', 2, 984, 0),
(4405, 'Tonal', 2, 984, 0),
(4406, 'Puerto Vallarta', 2, 984, 0),
(4407, 'Lagos de Moreno', 2, 984, 0),
(4408, 'Tlajomulco de Ziga', 2, 984, 0),
(4409, 'Tepatitln de Morelos', 2, 984, 0),
(4410, 'Ecatepec de Morelos', 2, 985, 0),
(4411, 'Nezahualcyotl', 2, 985, 0),
(4412, 'Naucalpan de Jurez', 2, 985, 0),
(4413, 'Tlalnepantla de Baz', 2, 985, 0),
(4414, 'Toluca', 2, 985, 0),
(4415, 'Chimalhuacn', 2, 985, 0),
(4416, 'Atizapn de Zaragoza', 2, 985, 0),
(4417, 'Cuautitln Izcalli', 2, 985, 0),
(4418, 'Tultitln', 2, 985, 0),
(4419, 'Valle de Chalco Solidaridad', 2, 985, 0),
(4420, 'Ixtapaluca', 2, 985, 0),
(4421, 'Nicols Romero', 2, 985, 0),
(4422, 'Coacalco de Berriozbal', 2, 985, 0),
(4423, 'Chalco', 2, 985, 0),
(4424, 'La Paz', 2, 985, 0),
(4425, 'Texcoco', 2, 985, 0),
(4426, 'Metepec', 2, 985, 0),
(4427, 'Huixquilucan', 2, 985, 0),
(4428, 'San Felipe del Progreso', 2, 985, 0),
(4429, 'Tecmac', 2, 985, 0),
(4430, 'Zinacantepec', 2, 985, 0),
(4431, 'Ixtlahuaca', 2, 985, 0),
(4432, 'Almoloya de Jurez', 2, 985, 0),
(4433, 'Zumpango', 2, 985, 0),
(4434, 'Lerma', 2, 985, 0),
(4435, 'Tejupilco', 2, 985, 0),
(4436, 'Tultepec', 2, 985, 0),
(4437, 'Morelia', 2, 986, 0),
(4438, 'Uruapan', 2, 986, 0),
(4439, 'Lzaro Crdenas', 2, 986, 0),
(4440, 'Zamora', 2, 986, 0),
(4441, 'Zitcuaro', 2, 986, 0),
(4442, 'Apatzingn', 2, 986, 0),
(4443, 'Hidalgo', 2, 986, 0),
(4444, 'Cuernavaca', 2, 987, 0),
(4445, 'Jiutepec', 2, 987, 0),
(4446, 'Cuautla', 2, 987, 0),
(4447, 'Temixco', 2, 987, 0),
(4448, 'Tepic', 2, 988, 0),
(4449, 'Santiago Ixcuintla', 2, 988, 0),
(4450, 'Monterrey', 2, 989, 0),
(4451, 'Guadalupe', 2, 989, 0),
(4452, 'San Nicols de los Garza', 2, 989, 0),
(4453, 'Apodaca', 2, 989, 0),
(4454, 'General Escobedo', 2, 989, 0),
(4455, 'Santa Catarina', 2, 989, 0),
(4456, 'San Pedro Garza Garca', 2, 989, 0),
(4457, 'Oaxaca de Jurez', 2, 990, 0),
(4458, 'San Juan Bautista Tuxtepec', 2, 990, 0),
(4459, 'Puebla', 2, 991, 0),
(4460, 'Tehuacn', 2, 991, 0),
(4461, 'San Martn Texmelucan', 2, 991, 0),
(4462, 'Atlixco', 2, 991, 0),
(4463, 'San Pedro Cholula', 2, 991, 0),
(4464, 'San Juan del Ro', 2, 992, 0),
(4465, 'Quertaro', 2, 993, 0),
(4466, 'Benito Jurez', 2, 994, 0),
(4467, 'Othn P. Blanco (Chetumal)', 2, 994, 0),
(4468, 'San Luis Potos', 2, 995, 0),
(4469, 'Soledad de Graciano Snchez', 2, 995, 0),
(4470, 'Ciudad Valles', 2, 995, 0),
(4471, 'Culiacn', 2, 996, 0),
(4472, 'Mazatln', 2, 996, 0),
(4473, 'Ahome', 2, 996, 0),
(4474, 'Guasave', 2, 996, 0),
(4475, 'Navolato', 2, 996, 0),
(4476, 'El Fuerte', 2, 996, 0),
(4477, 'Hermosillo', 2, 997, 0),
(4478, 'Cajeme', 2, 997, 0),
(4479, 'Nogales', 2, 997, 0),
(4480, 'San Luis Ro Colorado', 2, 997, 0),
(4481, 'Navojoa', 2, 997, 0),
(4482, 'Guaymas', 2, 997, 0),
(4483, 'Centro (Villahermosa)', 2, 998, 0),
(4484, 'Crdenas', 2, 998, 0),
(4485, 'Comalcalco', 2, 998, 0),
(4486, 'Huimanguillo', 2, 998, 0),
(4487, 'Macuspana', 2, 998, 0),
(4488, 'Cunduacn', 2, 998, 0),
(4489, 'Reynosa', 2, 999, 0),
(4490, 'Matamoros', 2, 999, 0),
(4491, 'Nuevo Laredo', 2, 999, 0),
(4492, 'Tampico', 2, 999, 0),
(4493, 'Victoria', 2, 999, 0),
(4494, 'Ciudad Madero', 2, 999, 0),
(4495, 'Altamira', 2, 999, 0),
(4496, 'El Mante', 2, 999, 0),
(4497, 'Ro Bravo', 2, 999, 0),
(4498, 'Veracruz', 2, 1000, 0),
(4499, 'Xalapa', 2, 1000, 0),
(4500, 'Coatzacoalcos', 2, 1000, 0),
(4501, 'Crdoba', 2, 1000, 0),
(4502, 'Papantla', 2, 1000, 0),
(4503, 'Minatitln', 2, 1000, 0),
(4504, 'Poza Rica de Hidalgo', 2, 1000, 0),
(4505, 'San Andrs Tuxtla', 2, 1000, 0),
(4506, 'Txpam', 2, 1000, 0),
(4507, 'Martnez de la Torre', 2, 1000, 0),
(4508, 'Orizaba', 2, 1000, 0),
(4509, 'Temapache', 2, 1000, 0),
(4510, 'Cosoleacaque', 2, 1000, 0),
(4511, 'Tantoyuca', 2, 1000, 0),
(4512, 'Pnuco', 2, 1000, 0),
(4513, 'Tierra Blanca', 2, 1000, 0),
(4514, 'Boca del Ro', 2, 1001, 0),
(4515, 'Mrida', 2, 1002, 0),
(4516, 'Fresnillo', 2, 1003, 0),
(4517, 'Zacatecas', 2, 1003, 0),
(4518, 'Guadalupe', 2, 1003, 0),
(4519, 'Dalap-Uliga-Darrit', 2, 1004, 0),
(4520, 'Skopje', 2, 1005, 0),
(4521, 'Bamako', 2, 1006, 0),
(4522, 'Valletta', 2, 1007, 0),
(4523, 'Birkirkara', 2, 1008, 0),
(4524, 'Bassein (Pathein)', 2, 1009, 0),
(4525, 'Henzada (Hinthada)', 2, 1009, 0),
(4526, 'Pagakku (Pakokku)', 2, 1010, 0),
(4527, 'Mandalay', 2, 1011, 0),
(4528, 'Meikhtila', 2, 1011, 0),
(4529, 'Myingyan', 2, 1011, 0),
(4530, 'Moulmein (Mawlamyine)', 2, 1012, 0),
(4531, 'Pegu (Bago)', 2, 1013, 0),
(4532, 'Prome (Pyay)', 2, 1013, 0),
(4533, 'Sittwe (Akyab)', 2, 1014, 0),
(4534, 'Rangoon (Yangon)', 2, 1015, 0),
(4535, 'Monywa', 2, 1016, 0),
(4536, 'Taunggyi (Taunggye)', 2, 1017, 0),
(4537, 'Lashio (Lasho)', 2, 1017, 0),
(4538, 'Mergui (Myeik)', 2, 1018, 0),
(4539, 'Tavoy (Dawei)', 2, 1018, 0),
(4540, 'Ulan Bator', 2, 1019, 0),
(4541, 'Garapan', 2, 1020, 0),
(4542, 'Xai-Xai', 2, 1021, 0),
(4543, 'Gaza', 2, 1021, 0),
(4544, 'Maxixe', 2, 1022, 0),
(4545, 'Chimoio', 2, 1023, 0),
(4546, 'Maputo', 2, 1024, 0),
(4547, 'Matola', 2, 1024, 0),
(4548, 'Nampula', 2, 1025, 0),
(4549, 'Naala-Porto', 2, 1025, 0),
(4550, 'Beira', 2, 1026, 0),
(4551, 'Tete', 2, 1027, 0),
(4552, 'Quelimane', 2, 1028, 0),
(4553, 'Mocuba', 2, 1028, 0),
(4554, 'Gurue', 2, 1028, 0),
(4555, 'Noudhibou', 2, 1029, 0),
(4556, 'Nouakchott', 2, 1030, 0),
(4557, 'Plymouth', 2, 1031, 0),
(4558, 'Fort-de-France', 2, 1032, 0),
(4559, 'Beau Bassin-Rose Hill', 2, 1033, 0),
(4560, 'Vacoas-Phoenix', 2, 1033, 0),
(4561, 'Port-Louis', 2, 1034, 0),
(4562, 'Blantyre', 2, 1035, 0),
(4563, 'Lilongwe', 2, 1036, 0),
(4564, 'Johor Baharu', 2, 1037, 0),
(4565, 'Alor Setar', 2, 1038, 0),
(4566, 'Sungai Petani', 2, 1038, 0),
(4567, 'Kota Bharu', 2, 1039, 0),
(4568, 'Seremban', 2, 1040, 0),
(4569, 'Kuantan', 2, 1041, 0),
(4570, 'Ipoh', 2, 1042, 0),
(4571, 'Taiping', 2, 1042, 0),
(4572, 'Pinang', 2, 1043, 0),
(4573, 'Sandakan', 2, 1044, 0),
(4574, 'Kuching', 2, 1045, 0),
(4575, 'Sibu', 2, 1045, 0),
(4576, 'Petaling Jaya', 2, 1046, 0),
(4577, 'Kelang', 2, 1046, 0),
(4578, 'Selayang Baru', 2, 1046, 0),
(4579, 'Shah Alam', 2, 1046, 0),
(4580, 'Kuala Terengganu', 2, 1047, 0),
(4581, 'Kuala Lumpur', 2, 1048, 0),
(4582, 'Mamoutzou', 2, 1049, 0),
(4583, 'Windhoek', 2, 1050, 0),
(4584, 'South Hill', 2, 1051, 0),
(4585, 'The Valley', 2, 1051, 0),
(4586, 'Oranjestad', 2, 1051, 0),
(4587, 'Douglas', 2, 1051, 0),
(4588, 'Gibraltar', 2, 1051, 0),
(4589, 'Tamuning', 2, 1051, 0),
(4590, 'Agaa', 2, 1051, 0),
(4591, 'Flying Fish Cove', 2, 1051, 0),
(4592, 'Monte-Carlo', 2, 1051, 0),
(4593, 'Monaco-Ville', 2, 1051, 0),
(4594, 'Yangor', 2, 1051, 0),
(4595, 'Yaren', 2, 1051, 0),
(4596, 'Alofi', 2, 1051, 0),
(4597, 'Kingston', 2, 1051, 0),
(4598, 'Adamstown', 2, 1051, 0),
(4599, 'Singapore', 2, 1051, 0),
(4600, 'Nouma', 2, 1051, 0),
(4601, 'Citt del Vaticano', 2, 1051, 0),
(4602, 'Maradi', 2, 1052, 0),
(4603, 'Niamey', 2, 1053, 0),
(4604, 'Zinder', 2, 1054, 0),
(4605, 'South Hill', 2, 1055, 0),
(4606, 'The Valley', 2, 1055, 0),
(4607, 'Oranjestad', 2, 1055, 0),
(4608, 'Douglas', 2, 1055, 0),
(4609, 'Gibraltar', 2, 1055, 0),
(4610, 'Tamuning', 2, 1055, 0),
(4611, 'Agaa', 2, 1055, 0),
(4612, 'Flying Fish Cove', 2, 1055, 0),
(4613, 'Monte-Carlo', 2, 1055, 0),
(4614, 'Monaco-Ville', 2, 1055, 0),
(4615, 'Yangor', 2, 1055, 0),
(4616, 'Yaren', 2, 1055, 0),
(4617, 'Alofi', 2, 1055, 0),
(4618, 'Kingston', 2, 1055, 0),
(4619, 'Adamstown', 2, 1055, 0),
(4620, 'Singapore', 2, 1055, 0),
(4621, 'Nouma', 2, 1055, 0),
(4622, 'Citt del Vaticano', 2, 1055, 0),
(4623, 'Onitsha', 2, 1056, 0),
(4624, 'Enugu', 2, 1056, 0),
(4625, 'Awka', 2, 1056, 0),
(4626, 'Kumo', 2, 1057, 0),
(4627, 'Deba Habe', 2, 1057, 0),
(4628, 'Gombe', 2, 1057, 0),
(4629, 'Makurdi', 2, 1058, 0),
(4630, 'Maiduguri', 2, 1059, 0),
(4631, 'Calabar', 2, 1060, 0),
(4632, 'Ugep', 2, 1060, 0),
(4633, 'Benin City', 2, 1061, 0),
(4634, 'Sapele', 2, 1061, 0),
(4635, 'Warri', 2, 1061, 0),
(4636, 'Abuja', 2, 1062, 0),
(4637, 'Aba', 2, 1063, 0),
(4638, 'Zaria', 2, 1064, 0),
(4639, 'Kaduna', 2, 1064, 0),
(4640, 'Kano', 2, 1065, 0),
(4641, 'Katsina', 2, 1066, 0),
(4642, 'Ilorin', 2, 1067, 0),
(4643, 'Offa', 2, 1067, 0),
(4644, 'Lagos', 2, 1068, 0),
(4645, 'Mushin', 2, 1068, 0),
(4646, 'Ikorodu', 2, 1068, 0),
(4647, 'Shomolu', 2, 1068, 0),
(4648, 'Agege', 2, 1068, 0),
(4649, 'Epe', 2, 1068, 0),
(4650, 'Minna', 2, 1069, 0),
(4651, 'Bida', 2, 1069, 0),
(4652, 'Abeokuta', 2, 1070, 0),
(4653, 'Ijebu-Ode', 2, 1070, 0),
(4654, 'Shagamu', 2, 1070, 0),
(4655, 'Ado-Ekiti', 2, 1071, 0),
(4656, 'Ikerre', 2, 1071, 0),
(4657, 'Ilawe-Ekiti', 2, 1071, 0),
(4658, 'Owo', 2, 1071, 0),
(4659, 'Ondo', 2, 1071, 0),
(4660, 'Akure', 2, 1071, 0),
(4661, 'Oka-Akoko', 2, 1071, 0),
(4662, 'Ikare', 2, 1071, 0),
(4663, 'Ise-Ekiti', 2, 1071, 0),
(4664, 'Ibadan', 2, 1072, 0),
(4665, 'Ogbomosho', 2, 1072, 0),
(4666, 'Oshogbo', 2, 1072, 0),
(4667, 'Ilesha', 2, 1072, 0),
(4668, 'Iwo', 2, 1072, 0),
(4669, 'Ede', 2, 1072, 0),
(4670, 'Ife', 2, 1072, 0),
(4671, 'Ila', 2, 1072, 0),
(4672, 'Oyo', 2, 1072, 0),
(4673, 'Iseyin', 2, 1072, 0),
(4674, 'Ilobu', 2, 1072, 0),
(4675, 'Ikirun', 2, 1072, 0),
(4676, 'Shaki', 2, 1072, 0),
(4677, 'Effon-Alaiye', 2, 1072, 0),
(4678, 'Ikire', 2, 1072, 0),
(4679, 'Inisa', 2, 1072, 0),
(4680, 'Igboho', 2, 1072, 0),
(4681, 'Ejigbo', 2, 1072, 0),
(4682, 'Jos', 2, 1073, 0),
(4683, 'Lafia', 2, 1073, 0),
(4684, 'Port Harcourt', 2, 1074, 0),
(4685, 'Sokoto', 2, 1075, 0),
(4686, 'Gusau', 2, 1075, 0),
(4687, 'Chinandega', 2, 1076, 0),
(4688, 'Len', 2, 1077, 0),
(4689, 'Managua', 2, 1078, 0),
(4690, 'Masaya', 2, 1079, 0),
(4691, 'South Hill', 2, 1080, 0),
(4692, 'The Valley', 2, 1080, 0),
(4693, 'Oranjestad', 2, 1080, 0),
(4694, 'Douglas', 2, 1080, 0),
(4695, 'Gibraltar', 2, 1080, 0),
(4696, 'Tamuning', 2, 1080, 0),
(4697, 'Agaa', 2, 1080, 0),
(4698, 'Flying Fish Cove', 2, 1080, 0),
(4699, 'Monte-Carlo', 2, 1080, 0),
(4700, 'Monaco-Ville', 2, 1080, 0),
(4701, 'Yangor', 2, 1080, 0),
(4702, 'Yaren', 2, 1080, 0),
(4703, 'Alofi', 2, 1080, 0),
(4704, 'Kingston', 2, 1080, 0),
(4705, 'Adamstown', 2, 1080, 0),
(4706, 'Singapore', 2, 1080, 0),
(4707, 'Nouma', 2, 1080, 0),
(4708, 'Citt del Vaticano', 2, 1080, 0),
(4709, 'Emmen', 2, 1081, 0),
(4710, 'Almere', 2, 1082, 0),
(4711, 'Apeldoorn', 2, 1083, 0),
(4712, 'Nijmegen', 2, 1083, 0),
(4713, 'Arnhem', 2, 1083, 0),
(4714, 'Ede', 2, 1083, 0),
(4715, 'Groningen', 2, 1084, 0),
(4716, 'Maastricht', 2, 1085, 0),
(4717, 'Heerlen', 2, 1085, 0),
(4718, 'Eindhoven', 2, 1086, 0),
(4719, 'Tilburg', 2, 1086, 0),
(4720, 'Breda', 2, 1086, 0),
(4721, 's-Hertogenbosch', 2, 1086, 0),
(4722, 'Amsterdam', 2, 1087, 0),
(4723, 'Haarlem', 2, 1087, 0),
(4724, 'Zaanstad', 2, 1087, 0),
(4725, 'Haarlemmermeer', 2, 1087, 0),
(4726, 'Alkmaar', 2, 1087, 0),
(4727, 'Enschede', 2, 1088, 0),
(4728, 'Zwolle', 2, 1088, 0),
(4729, 'Utrecht', 2, 1089, 0),
(4730, 'Amersfoort', 2, 1089, 0),
(4731, 'Rotterdam', 2, 1090, 0),
(4732, 'Haag', 2, 1090, 0),
(4733, 'Dordrecht', 2, 1090, 0),
(4734, 'Leiden', 2, 1090, 0),
(4735, 'Zoetermeer', 2, 1090, 0),
(4736, 'Delft', 2, 1090, 0),
(4737, 'Brum', 2, 1091, 0),
(4738, 'Bergen', 2, 1092, 0),
(4739, 'Oslo', 2, 1093, 0),
(4740, 'Stavanger', 2, 1094, 0),
(4741, 'Trondheim', 2, 1095, 0),
(4742, 'Suva', 2, 1096, 0),
(4743, 'Nyeri', 2, 1096, 0),
(4744, 'Kathmandu', 2, 1096, 0),
(4745, 'Lalitapur', 2, 1096, 0),
(4746, 'Birgunj', 2, 1096, 0),
(4747, 'San Lorenzo', 2, 1096, 0),
(4748, 'Lambar', 2, 1096, 0),
(4749, 'Fernando de la Mora', 2, 1096, 0),
(4750, 'Kabwe', 2, 1096, 0),
(4751, 'Kandy', 2, 1096, 0),
(4752, 'Kampala', 2, 1096, 0),
(4753, 'Machakos', 2, 1097, 0),
(4754, 'Meru', 2, 1097, 0),
(4755, 'Biratnagar', 2, 1097, 0),
(4756, 'Sekondi-Takoradi', 2, 1098, 0),
(4757, 'Pokhara', 2, 1098, 0),
(4758, 'Freetown', 2, 1098, 0),
(4759, 'Colombo', 2, 1098, 0),
(4760, 'Dehiwala', 2, 1098, 0),
(4761, 'Moratuwa', 2, 1098, 0),
(4762, 'Sri Jayawardenepura Kotte', 2, 1098, 0),
(4763, 'Negombo', 2, 1098, 0),
(4764, 'South Hill', 2, 1099, 0),
(4765, 'The Valley', 2, 1099, 0),
(4766, 'Oranjestad', 2, 1099, 0),
(4767, 'Douglas', 2, 1099, 0),
(4768, 'Gibraltar', 2, 1099, 0),
(4769, 'Tamuning', 2, 1099, 0),
(4770, 'Agaa', 2, 1099, 0),
(4771, 'Flying Fish Cove', 2, 1099, 0),
(4772, 'Monte-Carlo', 2, 1099, 0),
(4773, 'Monaco-Ville', 2, 1099, 0),
(4774, 'Yangor', 2, 1099, 0),
(4775, 'Yaren', 2, 1099, 0),
(4776, 'Alofi', 2, 1099, 0),
(4777, 'Kingston', 2, 1099, 0),
(4778, 'Adamstown', 2, 1099, 0),
(4779, 'Singapore', 2, 1099, 0),
(4780, 'Nouma', 2, 1099, 0),
(4781, 'Citt del Vaticano', 2, 1099, 0),
(4782, 'Auckland', 2, 1100, 0),
(4783, 'Manukau', 2, 1100, 0),
(4784, 'North Shore', 2, 1100, 0),
(4785, 'Waitakere', 2, 1100, 0),
(4786, 'Christchurch', 2, 1101, 0),
(4787, 'Dunedin', 2, 1102, 0),
(4788, 'Hamilton', 2, 1103, 0),
(4789, 'Hamilton', 2, 1103, 0),
(4790, 'Wellington', 2, 1104, 0),
(4791, 'Lower Hutt', 2, 1104, 0),
(4792, 'Suhar', 2, 1105, 0),
(4793, 'al-Sib', 2, 1106, 0),
(4794, 'Bawshar', 2, 1106, 0),
(4795, 'Masqat', 2, 1106, 0),
(4796, 'Salala', 2, 1107, 0),
(4797, 'Quetta', 2, 1108, 0),
(4798, 'Khuzdar', 2, 1108, 0),
(4799, 'Islamabad', 2, 1109, 0),
(4800, 'Peshawar', 2, 1110, 0),
(4801, 'Mardan', 2, 1110, 0),
(4802, 'Mingora', 2, 1110, 0),
(4803, 'Kohat', 2, 1110, 0),
(4804, 'Abottabad', 2, 1110, 0),
(4805, 'Dera Ismail Khan', 2, 1110, 0),
(4806, 'Nowshera', 2, 1110, 0),
(4807, 'Ludhiana', 2, 1111, 0),
(4808, 'Amritsar', 2, 1111, 0),
(4809, 'Jalandhar (Jullundur)', 2, 1111, 0),
(4810, 'Patiala', 2, 1111, 0),
(4811, 'Bhatinda (Bathinda)', 2, 1111, 0),
(4812, 'Pathankot', 2, 1111, 0),
(4813, 'Hoshiarpur', 2, 1111, 0),
(4814, 'Moga', 2, 1111, 0),
(4815, 'Abohar', 2, 1111, 0),
(4816, 'Lahore', 2, 1111, 0),
(4817, 'Faisalabad', 2, 1111, 0),
(4818, 'Rawalpindi', 2, 1111, 0),
(4819, 'Multan', 2, 1111, 0),
(4820, 'Gujranwala', 2, 1111, 0),
(4821, 'Sargodha', 2, 1111, 0),
(4822, 'Sialkot', 2, 1111, 0),
(4823, 'Bahawalpur', 2, 1111, 0),
(4824, 'Jhang', 2, 1111, 0),
(4825, 'Sheikhupura', 2, 1111, 0),
(4826, 'Gujrat', 2, 1111, 0),
(4827, 'Kasur', 2, 1111, 0),
(4828, 'Rahim Yar Khan', 2, 1111, 0),
(4829, 'Sahiwal', 2, 1111, 0),
(4830, 'Okara', 2, 1111, 0),
(4831, 'Wah', 2, 1111, 0),
(4832, 'Dera Ghazi Khan', 2, 1111, 0),
(4833, 'Chiniot', 2, 1111, 0),
(4834, 'Kamoke', 2, 1111, 0),
(4835, 'Mandi Burewala', 2, 1111, 0),
(4836, 'Jhelum', 2, 1111, 0),
(4837, 'Sadiqabad', 2, 1111, 0),
(4838, 'Khanewal', 2, 1111, 0),
(4839, 'Hafizabad', 2, 1111, 0),
(4840, 'Muzaffargarh', 2, 1111, 0),
(4841, 'Khanpur', 2, 1111, 0),
(4842, 'Gojra', 2, 1111, 0),
(4843, 'Bahawalnagar', 2, 1111, 0),
(4844, 'Muridke', 2, 1111, 0),
(4845, 'Pak Pattan', 2, 1111, 0),
(4846, 'Jaranwala', 2, 1111, 0),
(4847, 'Chishtian Mandi', 2, 1111, 0),
(4848, 'Daska', 2, 1111, 0),
(4849, 'Mandi Bahauddin', 2, 1111, 0),
(4850, 'Ahmadpur East', 2, 1111, 0),
(4851, 'Kamalia', 2, 1111, 0),
(4852, 'Vihari', 2, 1111, 0),
(4853, 'Wazirabad', 2, 1111, 0),
(4854, 'Mirpur Khas', 2, 1112, 0),
(4855, 'Nawabshah', 2, 1112, 0),
(4856, 'Jacobabad', 2, 1112, 0),
(4857, 'Shikarpur', 2, 1112, 0),
(4858, 'Tando Adam', 2, 1112, 0),
(4859, 'Khairpur', 2, 1112, 0),
(4860, 'Dadu', 2, 1112, 0),
(4861, 'Karachi', 2, 1113, 0),
(4862, 'Hyderabad', 2, 1113, 0),
(4863, 'Sukkur', 2, 1113, 0),
(4864, 'Larkana', 2, 1113, 0),
(4865, 'Ciudad de Panam', 2, 1114, 0),
(4866, 'San Miguelito', 2, 1115, 0),
(4867, 'South Hill', 2, 1116, 0),
(4868, 'The Valley', 2, 1116, 0),
(4869, 'Oranjestad', 2, 1116, 0),
(4870, 'Douglas', 2, 1116, 0),
(4871, 'Gibraltar', 2, 1116, 0),
(4872, 'Tamuning', 2, 1116, 0),
(4873, 'Agaa', 2, 1116, 0),
(4874, 'Flying Fish Cove', 2, 1116, 0),
(4875, 'Monte-Carlo', 2, 1116, 0),
(4876, 'Monaco-Ville', 2, 1116, 0),
(4877, 'Yangor', 2, 1116, 0),
(4878, 'Yaren', 2, 1116, 0),
(4879, 'Alofi', 2, 1116, 0),
(4880, 'Kingston', 2, 1116, 0),
(4881, 'Adamstown', 2, 1116, 0),
(4882, 'Singapore', 2, 1116, 0),
(4883, 'Nouma', 2, 1116, 0),
(4884, 'Citt del Vaticano', 2, 1116, 0),
(4885, 'Chimbote', 2, 1117, 0),
(4886, 'Arequipa', 2, 1118, 0),
(4887, 'Ayacucho', 2, 1119, 0),
(4888, 'Cajamarca', 2, 1120, 0),
(4889, 'Callao', 2, 1121, 0),
(4890, 'Ventanilla', 2, 1121, 0),
(4891, 'Cusco', 2, 1122, 0),
(4892, 'Hunuco', 2, 1123, 0),
(4893, 'Ica', 2, 1124, 0),
(4894, 'Chincha Alta', 2, 1124, 0),
(4895, 'Huancayo', 2, 1125, 0),
(4896, 'Nueva San Salvador', 2, 1126, 0),
(4897, 'Trujillo', 2, 1126, 0),
(4898, 'Chiclayo', 2, 1127, 0),
(4899, 'Lima', 2, 1128, 0),
(4900, 'Iquitos', 2, 1129, 0),
(4901, 'Piura', 2, 1130, 0),
(4902, 'Sullana', 2, 1130, 0),
(4903, 'Castilla', 2, 1130, 0),
(4904, 'Juliaca', 2, 1131, 0),
(4905, 'Puno', 2, 1131, 0),
(4906, 'Tacna', 2, 1132, 0),
(4907, 'Pucallpa', 2, 1133, 0),
(4908, 'Sultan Kudarat', 2, 1134, 0),
(4909, 'Legazpi', 2, 1135, 0),
(4910, 'Naga', 2, 1135, 0),
(4911, 'Tabaco', 2, 1135, 0),
(4912, 'Daraga (Locsin)', 2, 1135, 0),
(4913, 'Sorsogon', 2, 1135, 0),
(4914, 'Ligao', 2, 1135, 0),
(4915, 'Tuguegarao', 2, 1136, 0),
(4916, 'Ilagan', 2, 1136, 0),
(4917, 'Santiago', 2, 1136, 0),
(4918, 'Cauayan', 2, 1136, 0),
(4919, 'Baguio', 2, 1137, 0),
(4920, 'Butuan', 2, 1138, 0),
(4921, 'Surigao', 2, 1138, 0),
(4922, 'Bislig', 2, 1138, 0),
(4923, 'Bayugan', 2, 1138, 0),
(4924, 'San Jos del Monte', 2, 1139, 0),
(4925, 'Angeles', 2, 1139, 0),
(4926, 'Tarlac', 2, 1139, 0),
(4927, 'Cabanatuan', 2, 1139, 0),
(4928, 'San Fernando', 2, 1139, 0),
(4929, 'Olongapo', 2, 1139, 0),
(4930, 'Malolos', 2, 1139, 0),
(4931, 'Mabalacat', 2, 1139, 0),
(4932, 'Meycauayan', 2, 1139, 0),
(4933, 'Santa Maria', 2, 1139, 0),
(4934, 'Lubao', 2, 1139, 0),
(4935, 'San Miguel', 2, 1139, 0),
(4936, 'Baliuag', 2, 1139, 0),
(4937, 'Concepcion', 2, 1139, 0),
(4938, 'Hagonoy', 2, 1139, 0),
(4939, 'Mexico', 2, 1139, 0),
(4940, 'San Jose', 2, 1139, 0),
(4941, 'Arayat', 2, 1139, 0),
(4942, 'Marilao', 2, 1139, 0),
(4943, 'Talavera', 2, 1139, 0),
(4944, 'Guagua', 2, 1139, 0),
(4945, 'Capas', 2, 1139, 0),
(4946, 'Iligan', 2, 1140, 0),
(4947, 'Cotabato', 2, 1140, 0),
(4948, 'Marawi', 2, 1140, 0),
(4949, 'Midsayap', 2, 1140, 0),
(4950, 'Kidapawan', 2, 1140, 0),
(4951, 'Cebu', 2, 1141, 0),
(4952, 'Mandaue', 2, 1141, 0),
(4953, 'Lapu-Lapu', 2, 1141, 0),
(4954, 'Talisay', 2, 1141, 0),
(4955, 'Toledo', 2, 1141, 0),
(4956, 'Dumaguete', 2, 1141, 0),
(4957, 'Bayawan (Tulong)', 2, 1141, 0),
(4958, 'Danao', 2, 1141, 0),
(4959, 'Tacloban', 2, 1142, 0),
(4960, 'Ormoc', 2, 1142, 0),
(4961, 'Calbayog', 2, 1142, 0),
(4962, 'Baybay', 2, 1142, 0),
(4963, 'San Carlos', 2, 1143, 0),
(4964, 'Dagupan', 2, 1143, 0),
(4965, 'Malasiqui', 2, 1143, 0),
(4966, 'Urdaneta', 2, 1143, 0),
(4967, 'San Fernando', 2, 1143, 0),
(4968, 'Bayambang', 2, 1143, 0),
(4969, 'Laoag', 2, 1143, 0),
(4970, 'Quezon', 2, 1144, 0),
(4971, 'Manila', 2, 1144, 0),
(4972, 'Kalookan', 2, 1144, 0),
(4973, 'Pasig', 2, 1144, 0),
(4974, 'Valenzuela', 2, 1144, 0),
(4975, 'Las Pias', 2, 1144, 0),
(4976, 'Taguig', 2, 1144, 0),
(4977, 'Paraaque', 2, 1144, 0),
(4978, 'Makati', 2, 1144, 0),
(4979, 'Marikina', 2, 1144, 0),
(4980, 'Muntinlupa', 2, 1144, 0),
(4981, 'Pasay', 2, 1144, 0),
(4982, 'Malabon', 2, 1144, 0),
(4983, 'Mandaluyong', 2, 1144, 0),
(4984, 'Navotas', 2, 1144, 0),
(4985, 'San Juan del Monte', 2, 1144, 0),
(4986, 'Cagayan de Oro', 2, 1145, 0),
(4987, 'Valencia', 2, 1145, 0),
(4988, 'Malaybalay', 2, 1145, 0),
(4989, 'Ozamis', 2, 1145, 0),
(4990, 'Gingoog', 2, 1145, 0),
(4991, 'Davao', 2, 1146, 0),
(4992, 'General Santos', 2, 1146, 0),
(4993, 'Tagum', 2, 1146, 0),
(4994, 'Panabo', 2, 1146, 0),
(4995, 'Koronadal', 2, 1146, 0),
(4996, 'Digos', 2, 1146, 0),
(4997, 'Polomolok', 2, 1146, 0),
(4998, 'Mati', 2, 1146, 0),
(4999, 'Malita', 2, 1146, 0),
(5000, 'Malungon', 2, 1146, 0),
(5001, 'Antipolo', 2, 1147, 0),
(5002, 'Dasmarias', 2, 1147, 0),
(5003, 'Bacoor', 2, 1147, 0),
(5004, 'Calamba', 2, 1147, 0),
(5005, 'Batangas', 2, 1147, 0),
(5006, 'Cainta', 2, 1147, 0),
(5007, 'San Pedro', 2, 1147, 0),
(5008, 'Lipa', 2, 1147, 0),
(5009, 'San Pablo', 2, 1147, 0),
(5010, 'Bian', 2, 1147, 0),
(5011, 'Taytay', 2, 1147, 0),
(5012, 'Lucena', 2, 1147, 0),
(5013, 'Imus', 2, 1147, 0),
(5014, 'Binangonan', 2, 1147, 0),
(5015, 'Santa Rosa', 2, 1147, 0),
(5016, 'Puerto Princesa', 2, 1147, 0),
(5017, 'Silang', 2, 1147, 0),
(5018, 'San Mateo', 2, 1147, 0),
(5019, 'Tanauan', 2, 1147, 0),
(5020, 'Rodriguez (Montalban)', 2, 1147, 0),
(5021, 'Sariaya', 2, 1147, 0),
(5022, 'General Mariano Alvarez', 2, 1147, 0),
(5023, 'San Jose', 2, 1147, 0),
(5024, 'Tanza', 2, 1147, 0),
(5025, 'General Trias', 2, 1147, 0),
(5026, 'Cabuyao', 2, 1147, 0),
(5027, 'Calapan', 2, 1147, 0),
(5028, 'Cavite', 2, 1147, 0),
(5029, 'Nasugbu', 2, 1147, 0);
INSERT INTO `location` (`location_id`, `name`, `location_type`, `parent_id`, `is_visible`) VALUES
(5030, 'Santa Cruz', 2, 1147, 0),
(5031, 'Candelaria', 2, 1147, 0),
(5032, 'Zamboanga', 2, 1148, 0),
(5033, 'Pagadian', 2, 1148, 0),
(5034, 'Dipolog', 2, 1148, 0),
(5035, 'Bacolod', 2, 1149, 0),
(5036, 'Iloilo', 2, 1149, 0),
(5037, 'Kabankalan', 2, 1149, 0),
(5038, 'Cadiz', 2, 1149, 0),
(5039, 'Bago', 2, 1149, 0),
(5040, 'Sagay', 2, 1149, 0),
(5041, 'Roxas', 2, 1149, 0),
(5042, 'San Carlos', 2, 1149, 0),
(5043, 'Silay', 2, 1149, 0),
(5044, 'Koror', 2, 1150, 0),
(5045, 'Port Moresby', 2, 1151, 0),
(5046, 'Wroclaw', 2, 1152, 0),
(5047, 'Walbrzych', 2, 1152, 0),
(5048, 'Legnica', 2, 1152, 0),
(5049, 'Jelenia Gra', 2, 1152, 0),
(5050, 'Bydgoszcz', 2, 1153, 0),
(5051, 'Torun', 2, 1153, 0),
(5052, 'Wloclawek', 2, 1153, 0),
(5053, 'Grudziadz', 2, 1153, 0),
(5054, 'Ldz', 2, 1154, 0),
(5055, 'Lublin', 2, 1155, 0),
(5056, 'Gorzw Wielkopolski', 2, 1156, 0),
(5057, 'Zielona Gra', 2, 1156, 0),
(5058, 'Krakw', 2, 1157, 0),
(5059, 'Tarnw', 2, 1157, 0),
(5060, 'Warszawa', 2, 1158, 0),
(5061, 'Radom', 2, 1158, 0),
(5062, 'Plock', 2, 1158, 0),
(5063, 'Opole', 2, 1159, 0),
(5064, 'Rzeszw', 2, 1160, 0),
(5065, 'Bialystok', 2, 1161, 0),
(5066, 'Gdansk', 2, 1162, 0),
(5067, 'Gdynia', 2, 1162, 0),
(5068, 'Slupsk', 2, 1162, 0),
(5069, 'Katowice', 2, 1163, 0),
(5070, 'Czestochowa', 2, 1163, 0),
(5071, 'Sosnowiec', 2, 1163, 0),
(5072, 'Gliwice', 2, 1163, 0),
(5073, 'Bytom', 2, 1163, 0),
(5074, 'Zabrze', 2, 1163, 0),
(5075, 'Bielsko-Biala', 2, 1163, 0),
(5076, 'Ruda Slaska', 2, 1163, 0),
(5077, 'Rybnik', 2, 1163, 0),
(5078, 'Tychy', 2, 1163, 0),
(5079, 'Dabrowa Grnicza', 2, 1163, 0),
(5080, 'Chorzw', 2, 1163, 0),
(5081, 'Jastrzebie-Zdrj', 2, 1163, 0),
(5082, 'Jaworzno', 2, 1163, 0),
(5083, 'Kielce', 2, 1164, 0),
(5084, 'Olsztyn', 2, 1165, 0),
(5085, 'Elblag', 2, 1165, 0),
(5086, 'Poznan', 2, 1166, 0),
(5087, 'Kalisz', 2, 1166, 0),
(5088, 'Szczecin', 2, 1167, 0),
(5089, 'Koszalin', 2, 1167, 0),
(5090, 'Arecibo', 2, 1168, 0),
(5091, 'Bayamn', 2, 1169, 0),
(5092, 'Caguas', 2, 1170, 0),
(5093, 'Carolina', 2, 1171, 0),
(5094, 'Guaynabo', 2, 1172, 0),
(5095, 'Mayagez', 2, 1173, 0),
(5096, 'Ponce', 2, 1174, 0),
(5097, 'San Juan', 2, 1175, 0),
(5098, 'San Juan', 2, 1175, 0),
(5099, 'Toa Baja', 2, 1176, 0),
(5100, 'Kanggye', 2, 1177, 0),
(5101, 'Hamhung', 2, 1178, 0),
(5102, 'Chongjin', 2, 1179, 0),
(5103, 'Kimchaek', 2, 1179, 0),
(5104, 'Haeju', 2, 1180, 0),
(5105, 'Sariwon', 2, 1181, 0),
(5106, 'Kaesong', 2, 1182, 0),
(5107, 'Wonsan', 2, 1183, 0),
(5108, 'Nampo', 2, 1184, 0),
(5109, 'Phyongsong', 2, 1185, 0),
(5110, 'Sinuiju', 2, 1186, 0),
(5111, 'Pyongyang', 2, 1187, 0),
(5112, 'Hyesan', 2, 1188, 0),
(5113, 'Braga', 2, 1189, 0),
(5114, 'Combra', 2, 1190, 0),
(5115, 'Lisboa', 2, 1191, 0),
(5116, 'Amadora', 2, 1191, 0),
(5117, 'Stockholm', 2, 1191, 0),
(5118, 'Porto', 2, 1192, 0),
(5119, 'Ciudad del Este', 2, 1193, 0),
(5120, 'Asuncin', 2, 1194, 0),
(5121, 'Suva', 2, 1195, 0),
(5122, 'Nyeri', 2, 1195, 0),
(5123, 'Kathmandu', 2, 1195, 0),
(5124, 'Lalitapur', 2, 1195, 0),
(5125, 'Birgunj', 2, 1195, 0),
(5126, 'San Lorenzo', 2, 1195, 0),
(5127, 'Lambar', 2, 1195, 0),
(5128, 'Fernando de la Mora', 2, 1195, 0),
(5129, 'Kabwe', 2, 1195, 0),
(5130, 'Kandy', 2, 1195, 0),
(5131, 'Kampala', 2, 1195, 0),
(5132, 'Xai-Xai', 2, 1196, 0),
(5133, 'Gaza', 2, 1196, 0),
(5134, 'Hebron', 2, 1197, 0),
(5135, 'Khan Yunis', 2, 1198, 0),
(5136, 'Nablus', 2, 1199, 0),
(5137, 'Jabaliya', 2, 1200, 0),
(5138, 'Rafah', 2, 1201, 0),
(5139, 'Faaa', 2, 1202, 0),
(5140, 'Papeete', 2, 1202, 0),
(5141, 'Doha', 2, 1203, 0),
(5142, 'Saint-Denis', 2, 1204, 0),
(5143, 'Arad', 2, 1205, 0),
(5144, 'Pitesti', 2, 1206, 0),
(5145, 'Bacau', 2, 1207, 0),
(5146, 'Oradea', 2, 1208, 0),
(5147, 'Botosani', 2, 1209, 0),
(5148, 'Braila', 2, 1210, 0),
(5149, 'Brasov', 2, 1211, 0),
(5150, 'Bucuresti', 2, 1212, 0),
(5151, 'Buzau', 2, 1213, 0),
(5152, 'Resita', 2, 1214, 0),
(5153, 'Cluj-Napoca', 2, 1215, 0),
(5154, 'Constanta', 2, 1216, 0),
(5155, 'Trgoviste', 2, 1217, 0),
(5156, 'Craiova', 2, 1218, 0),
(5157, 'Galati', 2, 1219, 0),
(5158, 'Trgu Jiu', 2, 1220, 0),
(5159, 'Iasi', 2, 1221, 0),
(5160, 'Baia Mare', 2, 1222, 0),
(5161, 'Drobeta-Turnu Severin', 2, 1223, 0),
(5162, 'Trgu Mures', 2, 1224, 0),
(5163, 'Piatra Neamt', 2, 1225, 0),
(5164, 'Ploiesti', 2, 1226, 0),
(5165, 'Satu Mare', 2, 1227, 0),
(5166, 'Sibiu', 2, 1228, 0),
(5167, 'Suceava', 2, 1229, 0),
(5168, 'Timisoara', 2, 1230, 0),
(5169, 'Tulcea', 2, 1231, 0),
(5170, 'Rmnicu Vlcea', 2, 1232, 0),
(5171, 'Focsani', 2, 1233, 0),
(5172, 'Maikop', 2, 1234, 0),
(5173, 'Barnaul', 2, 1235, 0),
(5174, 'Bijsk', 2, 1235, 0),
(5175, 'Rubtsovsk', 2, 1235, 0),
(5176, 'Blagovetensk', 2, 1236, 0),
(5177, 'Arkangeli', 2, 1237, 0),
(5178, 'Severodvinsk', 2, 1237, 0),
(5179, 'Astrahan', 2, 1238, 0),
(5180, 'Ufa', 2, 1239, 0),
(5181, 'Sterlitamak', 2, 1239, 0),
(5182, 'Salavat', 2, 1239, 0),
(5183, 'Neftekamsk', 2, 1239, 0),
(5184, 'Oktjabrski', 2, 1239, 0),
(5185, 'Belgorod', 2, 1240, 0),
(5186, 'Staryi Oskol', 2, 1240, 0),
(5187, 'Brjansk', 2, 1241, 0),
(5188, 'Ulan-Ude', 2, 1242, 0),
(5189, 'Mahatkala', 2, 1243, 0),
(5190, 'Derbent', 2, 1243, 0),
(5191, 'Habarovsk', 2, 1244, 0),
(5192, 'Komsomolsk-na-Amure', 2, 1244, 0),
(5193, 'Abakan', 2, 1245, 0),
(5194, 'Surgut', 2, 1246, 0),
(5195, 'Niznevartovsk', 2, 1246, 0),
(5196, 'Neftejugansk', 2, 1246, 0),
(5197, 'Irkutsk', 2, 1247, 0),
(5198, 'Bratsk', 2, 1247, 0),
(5199, 'Angarsk', 2, 1247, 0),
(5200, 'Ust-Ilimsk', 2, 1247, 0),
(5201, 'Usolje-Sibirskoje', 2, 1247, 0),
(5202, 'Ivanovo', 2, 1248, 0),
(5203, 'Kinema', 2, 1248, 0),
(5204, 'Jaroslavl', 2, 1249, 0),
(5205, 'Rybinsk', 2, 1249, 0),
(5206, 'Naltik', 2, 1250, 0),
(5207, 'Kaliningrad', 2, 1251, 0),
(5208, 'Elista', 2, 1252, 0),
(5209, 'Kaluga', 2, 1253, 0),
(5210, 'Obninsk', 2, 1253, 0),
(5211, 'Petropavlovsk-Kamtatski', 2, 1254, 0),
(5212, 'Terkessk', 2, 1255, 0),
(5213, 'Petroskoi', 2, 1256, 0),
(5214, 'Novokuznetsk', 2, 1257, 0),
(5215, 'Kemerovo', 2, 1257, 0),
(5216, 'Prokopjevsk', 2, 1257, 0),
(5217, 'Leninsk-Kuznetski', 2, 1257, 0),
(5218, 'Kiseljovsk', 2, 1257, 0),
(5219, 'Mezduretensk', 2, 1257, 0),
(5220, 'Anzero-Sudzensk', 2, 1257, 0),
(5221, 'Kirov', 2, 1258, 0),
(5222, 'Kirovo-Tepetsk', 2, 1258, 0),
(5223, 'Syktyvkar', 2, 1259, 0),
(5224, 'Uhta', 2, 1259, 0),
(5225, 'Vorkuta', 2, 1259, 0),
(5226, 'Kostroma', 2, 1260, 0),
(5227, 'Krasnodar', 2, 1261, 0),
(5228, 'Soti', 2, 1261, 0),
(5229, 'Novorossijsk', 2, 1261, 0),
(5230, 'Armavir', 2, 1261, 0),
(5231, 'Krasnojarsk', 2, 1262, 0),
(5232, 'Norilsk', 2, 1262, 0),
(5233, 'Atinsk', 2, 1262, 0),
(5234, 'Kansk', 2, 1262, 0),
(5235, 'Zeleznogorsk', 2, 1262, 0),
(5236, 'Kurgan', 2, 1263, 0),
(5237, 'Kursk', 2, 1264, 0),
(5238, 'Zeleznogorsk', 2, 1264, 0),
(5239, 'Lipetsk', 2, 1265, 0),
(5240, 'Jelets', 2, 1265, 0),
(5241, 'Magadan', 2, 1266, 0),
(5242, 'Jokar-Ola', 2, 1267, 0),
(5243, 'Saransk', 2, 1268, 0),
(5244, 'Moscow', 2, 1269, 0),
(5245, 'Zelenograd', 2, 1269, 0),
(5246, 'Podolsk', 2, 1270, 0),
(5247, 'Ljubertsy', 2, 1270, 0),
(5248, 'Mytiti', 2, 1270, 0),
(5249, 'Kolomna', 2, 1270, 0),
(5250, 'Elektrostal', 2, 1270, 0),
(5251, 'Himki', 2, 1270, 0),
(5252, 'Balaiha', 2, 1270, 0),
(5253, 'Korolev', 2, 1270, 0),
(5254, 'Serpuhov', 2, 1270, 0),
(5255, 'Odintsovo', 2, 1270, 0),
(5256, 'Orehovo-Zujevo', 2, 1270, 0),
(5257, 'Noginsk', 2, 1270, 0),
(5258, 'Sergijev Posad', 2, 1270, 0),
(5259, 'tolkovo', 2, 1270, 0),
(5260, 'Zeleznodoroznyi', 2, 1270, 0),
(5261, 'Zukovski', 2, 1270, 0),
(5262, 'Krasnogorsk', 2, 1270, 0),
(5263, 'Klin', 2, 1270, 0),
(5264, 'Murmansk', 2, 1271, 0),
(5265, 'Nizni Novgorod', 2, 1272, 0),
(5266, 'Dzerzinsk', 2, 1272, 0),
(5267, 'Arzamas', 2, 1272, 0),
(5268, 'Vladikavkaz', 2, 1273, 0),
(5269, 'Veliki Novgorod', 2, 1274, 0),
(5270, 'Novosibirsk', 2, 1275, 0),
(5271, 'Omsk', 2, 1276, 0),
(5272, 'Orenburg', 2, 1277, 0),
(5273, 'Orsk', 2, 1277, 0),
(5274, 'Novotroitsk', 2, 1277, 0),
(5275, 'Orjol', 2, 1278, 0),
(5276, 'Penza', 2, 1279, 0),
(5277, 'Kuznetsk', 2, 1279, 0),
(5278, 'Perm', 2, 1280, 0),
(5279, 'Berezniki', 2, 1280, 0),
(5280, 'Solikamsk', 2, 1280, 0),
(5281, 'Taikovski', 2, 1280, 0),
(5282, 'St Petersburg', 2, 1281, 0),
(5283, 'Kolpino', 2, 1281, 0),
(5284, 'Pukin', 2, 1281, 0),
(5285, 'Pihkova', 2, 1282, 0),
(5286, 'Velikije Luki', 2, 1282, 0),
(5287, 'Vladivostok', 2, 1283, 0),
(5288, 'Nahodka', 2, 1283, 0),
(5289, 'Ussurijsk', 2, 1283, 0),
(5290, 'Rjazan', 2, 1284, 0),
(5291, 'Rostov-na-Donu', 2, 1285, 0),
(5292, 'Taganrog', 2, 1285, 0),
(5293, 'ahty', 2, 1285, 0),
(5294, 'Novoterkassk', 2, 1285, 0),
(5295, 'Volgodonsk', 2, 1285, 0),
(5296, 'Novoahtinsk', 2, 1285, 0),
(5297, 'Bataisk', 2, 1285, 0),
(5298, 'Jakutsk', 2, 1286, 0),
(5299, 'Juzno-Sahalinsk', 2, 1287, 0),
(5300, 'Samara', 2, 1288, 0),
(5301, 'Toljatti', 2, 1288, 0),
(5302, 'Syzran', 2, 1288, 0),
(5303, 'Novokuibyevsk', 2, 1288, 0),
(5304, 'Saratov', 2, 1289, 0),
(5305, 'Balakovo', 2, 1289, 0),
(5306, 'Engels', 2, 1289, 0),
(5307, 'Balaov', 2, 1289, 0),
(5308, 'Smolensk', 2, 1290, 0),
(5309, 'Stavropol', 2, 1291, 0),
(5310, 'Nevinnomyssk', 2, 1291, 0),
(5311, 'Pjatigorsk', 2, 1291, 0),
(5312, 'Kislovodsk', 2, 1291, 0),
(5313, 'Jessentuki', 2, 1291, 0),
(5314, 'Jekaterinburg', 2, 1292, 0),
(5315, 'Nizni Tagil', 2, 1292, 0),
(5316, 'Kamensk-Uralski', 2, 1292, 0),
(5317, 'Pervouralsk', 2, 1292, 0),
(5318, 'Serov', 2, 1292, 0),
(5319, 'Novouralsk', 2, 1292, 0),
(5320, 'Tambov', 2, 1293, 0),
(5321, 'Miturinsk', 2, 1293, 0),
(5322, 'Kazan', 2, 1294, 0),
(5323, 'Nabereznyje Telny', 2, 1294, 0),
(5324, 'Niznekamsk', 2, 1294, 0),
(5325, 'Almetjevsk', 2, 1294, 0),
(5326, 'Zelenodolsk', 2, 1294, 0),
(5327, 'Bugulma', 2, 1294, 0),
(5328, 'Tjumen', 2, 1295, 0),
(5329, 'Tobolsk', 2, 1295, 0),
(5330, 'Tomsk', 2, 1296, 0),
(5331, 'Seversk', 2, 1296, 0),
(5332, 'Tula', 2, 1297, 0),
(5333, 'Novomoskovsk', 2, 1297, 0),
(5334, 'Tver', 2, 1298, 0),
(5335, 'Kyzyl', 2, 1299, 0),
(5336, 'Teljabinsk', 2, 1300, 0),
(5337, 'Magnitogorsk', 2, 1300, 0),
(5338, 'Zlatoust', 2, 1300, 0),
(5339, 'Miass', 2, 1300, 0),
(5340, 'Grozny', 2, 1301, 0),
(5341, 'Tita', 2, 1302, 0),
(5342, 'Teboksary', 2, 1303, 0),
(5343, 'Novoteboksarsk', 2, 1303, 0),
(5344, 'Izevsk', 2, 1304, 0),
(5345, 'Glazov', 2, 1304, 0),
(5346, 'Sarapul', 2, 1304, 0),
(5347, 'Votkinsk', 2, 1304, 0),
(5348, 'Uljanovsk', 2, 1305, 0),
(5349, 'Dimitrovgrad', 2, 1305, 0),
(5350, 'Vladimir', 2, 1306, 0),
(5351, 'Kovrov', 2, 1306, 0),
(5352, 'Murom', 2, 1306, 0),
(5353, 'Volgograd', 2, 1307, 0),
(5354, 'Volzski', 2, 1307, 0),
(5355, 'Kamyin', 2, 1307, 0),
(5356, 'Terepovets', 2, 1308, 0),
(5357, 'Vologda', 2, 1308, 0),
(5358, 'Voronez', 2, 1309, 0),
(5359, 'Nojabrsk', 2, 1310, 0),
(5360, 'Novyi Urengoi', 2, 1310, 0),
(5361, 'Kigali', 2, 1311, 0),
(5362, 'Araar', 2, 1312, 0),
(5363, 'Burayda', 2, 1313, 0),
(5364, 'Zagazig', 2, 1314, 0),
(5365, 'Bilbays', 2, 1314, 0),
(5366, 'al-Dammam', 2, 1314, 0),
(5367, 'al-Hufuf', 2, 1314, 0),
(5368, 'al-Mubarraz', 2, 1314, 0),
(5369, 'al-Khubar', 2, 1314, 0),
(5370, 'Jubayl', 2, 1314, 0),
(5371, 'Hafar al-Batin', 2, 1314, 0),
(5372, 'al-Tuqba', 2, 1314, 0),
(5373, 'al-Qatif', 2, 1314, 0),
(5374, 'Khamis Mushayt', 2, 1315, 0),
(5375, 'Abha', 2, 1315, 0),
(5376, 'Hail', 2, 1316, 0),
(5377, 'Medina', 2, 1317, 0),
(5378, 'Yanbu', 2, 1317, 0),
(5379, 'Jedda', 2, 1318, 0),
(5380, 'Mekka', 2, 1318, 0),
(5381, 'al-Taif', 2, 1318, 0),
(5382, 'al-Hawiya', 2, 1318, 0),
(5383, 'Najran', 2, 1319, 0),
(5384, 'Unayza', 2, 1320, 0),
(5385, 'al-Kharj', 2, 1321, 0),
(5386, 'Riyadh', 2, 1322, 0),
(5387, 'Tabuk', 2, 1323, 0),
(5388, 'Kusti', 2, 1324, 0),
(5389, 'Port Sudan', 2, 1325, 0),
(5390, 'Wad Madani', 2, 1326, 0),
(5391, 'al-Qadarif', 2, 1327, 0),
(5392, 'Juba', 2, 1328, 0),
(5393, 'Nyala', 2, 1329, 0),
(5394, 'al-Fashir', 2, 1330, 0),
(5395, 'Kassala', 2, 1331, 0),
(5396, 'Omdurman', 2, 1332, 0),
(5397, 'Khartum', 2, 1332, 0),
(5398, 'Sharq al-Nil', 2, 1332, 0),
(5399, 'Obeid', 2, 1333, 0),
(5400, 'Pikine', 2, 1334, 0),
(5401, 'Dakar', 2, 1334, 0),
(5402, 'Rufisque', 2, 1334, 0),
(5403, 'Diourbel', 2, 1335, 0),
(5404, 'Kaolack', 2, 1336, 0),
(5405, 'Saint-Louis', 2, 1337, 0),
(5406, 'This', 2, 1338, 0),
(5407, 'Mbour', 2, 1338, 0),
(5408, 'Ziguinchor', 2, 1339, 0),
(5409, 'South Hill', 2, 1340, 0),
(5410, 'The Valley', 2, 1340, 0),
(5411, 'Oranjestad', 2, 1340, 0),
(5412, 'Douglas', 2, 1340, 0),
(5413, 'Gibraltar', 2, 1340, 0),
(5414, 'Tamuning', 2, 1340, 0),
(5415, 'Agaa', 2, 1340, 0),
(5416, 'Flying Fish Cove', 2, 1340, 0),
(5417, 'Monte-Carlo', 2, 1340, 0),
(5418, 'Monaco-Ville', 2, 1340, 0),
(5419, 'Yangor', 2, 1340, 0),
(5420, 'Yaren', 2, 1340, 0),
(5421, 'Alofi', 2, 1340, 0),
(5422, 'Kingston', 2, 1340, 0),
(5423, 'Adamstown', 2, 1340, 0),
(5424, 'Singapore', 2, 1340, 0),
(5425, 'Nouma', 2, 1340, 0),
(5426, 'Citt del Vaticano', 2, 1340, 0),
(5427, 'Jamestown', 2, 1341, 0),
(5428, 'Longyearbyen', 2, 1342, 0),
(5429, 'Honiara', 2, 1343, 0),
(5430, 'Sekondi-Takoradi', 2, 1344, 0),
(5431, 'Pokhara', 2, 1344, 0),
(5432, 'Freetown', 2, 1344, 0),
(5433, 'Colombo', 2, 1344, 0),
(5434, 'Dehiwala', 2, 1344, 0),
(5435, 'Moratuwa', 2, 1344, 0),
(5436, 'Sri Jayawardenepura Kotte', 2, 1344, 0),
(5437, 'Negombo', 2, 1344, 0),
(5438, 'Nueva San Salvador', 2, 1345, 0),
(5439, 'Trujillo', 2, 1345, 0),
(5440, 'San Miguel', 2, 1346, 0),
(5441, 'San Salvador', 2, 1347, 0),
(5442, 'Mejicanos', 2, 1347, 0),
(5443, 'Soyapango', 2, 1347, 0),
(5444, 'Apopa', 2, 1347, 0),
(5445, 'Santa Ana', 2, 1348, 0),
(5446, 'San Marino', 2, 1349, 0),
(5447, 'Serravalle', 2, 1350, 0),
(5448, 'Mogadishu', 2, 1351, 0),
(5449, 'Kismaayo', 2, 1352, 0),
(5450, 'Hargeysa', 2, 1353, 0),
(5451, 'Saint-Pierre', 2, 1354, 0),
(5452, 'So Tom', 2, 1355, 0),
(5453, 'Paramaribo', 2, 1356, 0),
(5454, 'Bratislava', 2, 1357, 0),
(5455, 'Koice', 2, 1358, 0),
(5456, 'Preov', 2, 1358, 0),
(5457, 'Ljubljana', 2, 1359, 0),
(5458, 'Maribor', 2, 1360, 0),
(5459, 'rebro', 2, 1361, 0),
(5460, 'Linkping', 2, 1362, 0),
(5461, 'Norrkping', 2, 1362, 0),
(5462, 'Gvle', 2, 1363, 0),
(5463, 'Jnkping', 2, 1364, 0),
(5464, 'Lisboa', 2, 1365, 0),
(5465, 'Amadora', 2, 1365, 0),
(5466, 'Stockholm', 2, 1365, 0),
(5467, 'Malm', 2, 1366, 0),
(5468, 'Helsingborg', 2, 1366, 0),
(5469, 'Lund', 2, 1366, 0),
(5470, 'Uppsala', 2, 1367, 0),
(5471, 'Ume', 2, 1368, 0),
(5472, 'Sundsvall', 2, 1369, 0),
(5473, 'Vsters', 2, 1370, 0),
(5474, 'Gothenburg [Gteborg]', 2, 1371, 0),
(5475, 'Bors', 2, 1371, 0),
(5476, 'Mbabane', 2, 1372, 0),
(5477, 'Victoria', 2, 1373, 0),
(5478, 'al-Qamishliya', 2, 1374, 0),
(5479, 'al-Raqqa', 2, 1375, 0),
(5480, 'Aleppo', 2, 1376, 0),
(5481, 'Damascus', 2, 1377, 0),
(5482, 'Jaramana', 2, 1378, 0),
(5483, 'Duma', 2, 1378, 0),
(5484, 'Dayr al-Zawr', 2, 1379, 0),
(5485, 'Hama', 2, 1380, 0),
(5486, 'Hims', 2, 1381, 0),
(5487, 'Idlib', 2, 1382, 0),
(5488, 'Latakia', 2, 1383, 0),
(5489, 'Cockburn Town', 2, 1384, 0),
(5490, 'NDjamna', 2, 1385, 0),
(5491, 'Moundou', 2, 1386, 0),
(5492, 'Lom', 2, 1387, 0),
(5493, 'Bangkok', 2, 1388, 0),
(5494, 'Chiang Mai', 2, 1389, 0),
(5495, 'Khon Kaen', 2, 1390, 0),
(5496, 'Nakhon Pathom', 2, 1391, 0),
(5497, 'Nakhon Ratchasima', 2, 1392, 0),
(5498, 'Nakhon Sawan', 2, 1393, 0),
(5499, 'Nonthaburi', 2, 1394, 0),
(5500, 'Pak Kret', 2, 1394, 0),
(5501, 'Hat Yai', 2, 1395, 0),
(5502, 'Songkhla', 2, 1395, 0),
(5503, 'Ubon Ratchathani', 2, 1396, 0),
(5504, 'Udon Thani', 2, 1397, 0),
(5505, 'Dushanbe', 2, 1398, 0),
(5506, 'Khujand', 2, 1399, 0),
(5507, 'Fakaofo', 2, 1400, 0),
(5508, 'Ashgabat', 2, 1401, 0),
(5509, 'Dashhowuz', 2, 1402, 0),
(5510, 'Chrjew', 2, 1403, 0),
(5511, 'Mary', 2, 1404, 0),
(5512, 'Dili', 2, 1405, 0),
(5513, 'Nukualofa', 2, 1406, 0),
(5514, 'Chaguanas', 2, 1407, 0),
(5515, 'Port-of-Spain', 2, 1408, 0),
(5516, 'Ariana', 2, 1409, 0),
(5517, 'Ettadhamen', 2, 1409, 0),
(5518, 'Biserta', 2, 1410, 0),
(5519, 'Gabs', 2, 1411, 0),
(5520, 'Kairouan', 2, 1412, 0),
(5521, 'Sfax', 2, 1413, 0),
(5522, 'Sousse', 2, 1414, 0),
(5523, 'Tunis', 2, 1415, 0),
(5524, 'Adana', 2, 1416, 0),
(5525, 'Tarsus', 2, 1416, 0),
(5526, 'Ceyhan', 2, 1416, 0),
(5527, 'Adiyaman', 2, 1417, 0),
(5528, 'Afyon', 2, 1418, 0),
(5529, 'Aksaray', 2, 1419, 0),
(5530, 'Ankara', 2, 1420, 0),
(5531, 'Antalya', 2, 1421, 0),
(5532, 'Alanya', 2, 1421, 0),
(5533, 'Aydin', 2, 1422, 0),
(5534, 'Nazilli', 2, 1422, 0),
(5535, 'orum', 2, 1423, 0),
(5536, 'Balikesir', 2, 1424, 0),
(5537, 'Bandirma', 2, 1424, 0),
(5538, 'Batman', 2, 1425, 0),
(5539, 'Bursa', 2, 1426, 0),
(5540, 'Inegl', 2, 1426, 0),
(5541, 'Denizli', 2, 1427, 0),
(5542, 'Diyarbakir', 2, 1428, 0),
(5543, 'Bismil', 2, 1428, 0),
(5544, 'Edirne', 2, 1429, 0),
(5545, 'Elzig', 2, 1430, 0),
(5546, 'Erzincan', 2, 1431, 0),
(5547, 'Erzurum', 2, 1432, 0),
(5548, 'Eskisehir', 2, 1433, 0),
(5549, 'Gaziantep', 2, 1434, 0),
(5550, 'Iskenderun', 2, 1435, 0),
(5551, 'Hatay (Antakya)', 2, 1435, 0),
(5552, 'Mersin (Iel)', 2, 1436, 0),
(5553, 'Isparta', 2, 1437, 0),
(5554, 'Istanbul', 2, 1438, 0),
(5555, 'Sultanbeyli', 2, 1438, 0),
(5556, 'Izmir', 2, 1439, 0),
(5557, 'Kahramanmaras', 2, 1440, 0),
(5558, 'Karabk', 2, 1441, 0),
(5559, 'Karaman', 2, 1442, 0),
(5560, 'Kars', 2, 1443, 0),
(5561, 'Kayseri', 2, 1444, 0),
(5562, 'Ktahya', 2, 1445, 0),
(5563, 'Kilis', 2, 1446, 0),
(5564, 'Kirikkale', 2, 1447, 0),
(5565, 'Gebze', 2, 1448, 0),
(5566, 'Izmit (Kocaeli)', 2, 1448, 0),
(5567, 'Konya', 2, 1449, 0),
(5568, 'Malatya', 2, 1450, 0),
(5569, 'Manisa', 2, 1451, 0),
(5570, 'Kiziltepe', 2, 1452, 0),
(5571, 'Ordu', 2, 1453, 0),
(5572, 'Osmaniye', 2, 1454, 0),
(5573, 'Sakarya (Adapazari)', 2, 1455, 0),
(5574, 'Samsun', 2, 1456, 0),
(5575, 'Sanliurfa', 2, 1457, 0),
(5576, 'Viransehir', 2, 1457, 0),
(5577, 'Siirt', 2, 1458, 0),
(5578, 'Sivas', 2, 1459, 0),
(5579, 'orlu', 2, 1460, 0),
(5580, 'Tekirdag', 2, 1460, 0),
(5581, 'Tokat', 2, 1461, 0),
(5582, 'Trabzon', 2, 1462, 0),
(5583, 'Usak', 2, 1463, 0),
(5584, 'Van', 2, 1464, 0),
(5585, 'Zonguldak', 2, 1465, 0),
(5586, 'Funafuti', 2, 1466, 0),
(5587, 'Taiping', 2, 1467, 0),
(5588, 'Taliao', 2, 1467, 0),
(5589, 'Kueishan', 2, 1467, 0),
(5590, 'Ciudad Losada', 2, 1467, 0),
(5591, 'Changhwa', 2, 1468, 0),
(5592, 'Yuanlin', 2, 1468, 0),
(5593, 'Chiayi', 2, 1469, 0),
(5594, 'Hsinchu', 2, 1470, 0),
(5595, 'Hualien', 2, 1471, 0),
(5596, 'Ilan', 2, 1472, 0),
(5597, 'Kaohsiung', 2, 1473, 0),
(5598, 'Fengshan', 2, 1473, 0),
(5599, 'Kangshan', 2, 1473, 0),
(5600, 'Keelung (Chilung)', 2, 1474, 0),
(5601, 'Miaoli', 2, 1475, 0),
(5602, 'Nantou', 2, 1476, 0),
(5603, 'Tsaotun', 2, 1476, 0),
(5604, 'Pingtung', 2, 1477, 0),
(5605, 'Taichung', 2, 1478, 0),
(5606, 'Tali', 2, 1478, 0),
(5607, 'Fengyuan', 2, 1478, 0),
(5608, 'Tainan', 2, 1479, 0),
(5609, 'Yungkang', 2, 1479, 0),
(5610, 'Taipei', 2, 1480, 0),
(5611, 'Panchiao', 2, 1480, 0),
(5612, 'Chungho', 2, 1480, 0),
(5613, 'Sanchung', 2, 1480, 0),
(5614, 'Hsinchuang', 2, 1480, 0),
(5615, 'Hsintien', 2, 1480, 0),
(5616, 'Yungho', 2, 1480, 0),
(5617, 'Tucheng', 2, 1480, 0),
(5618, 'Luchou', 2, 1480, 0),
(5619, 'Hsichuh', 2, 1480, 0),
(5620, 'Shulin', 2, 1480, 0),
(5621, 'Tanshui', 2, 1480, 0),
(5622, 'Lungtan', 2, 1480, 0),
(5623, 'Taitung', 2, 1481, 0),
(5624, 'Chungli', 2, 1482, 0),
(5625, 'Taoyuan', 2, 1482, 0),
(5626, 'Pingchen', 2, 1482, 0),
(5627, 'Pate', 2, 1482, 0),
(5628, 'Yangmei', 2, 1482, 0),
(5629, 'Touliu', 2, 1483, 0),
(5630, 'Arusha', 2, 1484, 0),
(5631, 'Dar es Salaam', 2, 1485, 0),
(5632, 'Dodoma', 2, 1486, 0),
(5633, 'Moshi', 2, 1487, 0),
(5634, 'Mbeya', 2, 1488, 0),
(5635, 'Morogoro', 2, 1489, 0),
(5636, 'Mwanza', 2, 1490, 0),
(5637, 'Tabora', 2, 1491, 0),
(5638, 'Tanga', 2, 1492, 0),
(5639, 'Zanzibar', 2, 1493, 0),
(5640, 'Suva', 2, 1494, 0),
(5641, 'Nyeri', 2, 1494, 0),
(5642, 'Kathmandu', 2, 1494, 0),
(5643, 'Lalitapur', 2, 1494, 0),
(5644, 'Birgunj', 2, 1494, 0),
(5645, 'San Lorenzo', 2, 1494, 0),
(5646, 'Lambar', 2, 1494, 0),
(5647, 'Fernando de la Mora', 2, 1494, 0),
(5648, 'Kabwe', 2, 1494, 0),
(5649, 'Kandy', 2, 1494, 0),
(5650, 'Kampala', 2, 1494, 0),
(5651, 'Dnipropetrovsk', 2, 1495, 0),
(5652, 'Kryvyi Rig', 2, 1495, 0),
(5653, 'Dniprodzerzynsk', 2, 1495, 0),
(5654, 'Nikopol', 2, 1495, 0),
(5655, 'Pavlograd', 2, 1495, 0),
(5656, 'Donetsk', 2, 1496, 0),
(5657, 'Mariupol', 2, 1496, 0),
(5658, 'Makijivka', 2, 1496, 0),
(5659, 'Gorlivka', 2, 1496, 0),
(5660, 'Kramatorsk', 2, 1496, 0),
(5661, 'Slovjansk', 2, 1496, 0),
(5662, 'Jenakijeve', 2, 1496, 0),
(5663, 'Kostjantynivka', 2, 1496, 0),
(5664, 'Harkova [Harkiv]', 2, 1497, 0),
(5665, 'Herson', 2, 1498, 0),
(5666, 'Hmelnytskyi', 2, 1499, 0),
(5667, 'Kamjanets-Podilskyi', 2, 1499, 0),
(5668, 'Ivano-Frankivsk', 2, 1500, 0),
(5669, 'Kyiv', 2, 1501, 0),
(5670, 'Bila Tserkva', 2, 1501, 0),
(5671, 'Brovary', 2, 1501, 0),
(5672, 'Kirovograd', 2, 1502, 0),
(5673, 'Oleksandrija', 2, 1502, 0),
(5674, 'Sevastopol', 2, 1503, 0),
(5675, 'Simferopol', 2, 1503, 0),
(5676, 'Kert', 2, 1503, 0),
(5677, 'Jevpatorija', 2, 1503, 0),
(5678, 'Lugansk', 2, 1504, 0),
(5679, 'Sjeverodonetsk', 2, 1504, 0),
(5680, 'Altevsk', 2, 1504, 0),
(5681, 'Lysytansk', 2, 1504, 0),
(5682, 'Krasnyi Lut', 2, 1504, 0),
(5683, 'Stahanov', 2, 1504, 0),
(5684, 'Lviv', 2, 1505, 0),
(5685, 'Mykolajiv', 2, 1506, 0),
(5686, 'Odesa', 2, 1507, 0),
(5687, 'Izmajil', 2, 1507, 0),
(5688, 'Pultava [Poltava]', 2, 1508, 0),
(5689, 'Krementuk', 2, 1508, 0),
(5690, 'Rivne', 2, 1509, 0),
(5691, 'Sumy', 2, 1510, 0),
(5692, 'Konotop', 2, 1510, 0),
(5693, 'ostka', 2, 1510, 0),
(5694, 'Uzgorod', 2, 1511, 0),
(5695, 'Mukateve', 2, 1511, 0),
(5696, 'Ternopil', 2, 1512, 0),
(5697, 'Terkasy', 2, 1513, 0),
(5698, 'Uman', 2, 1513, 0),
(5699, 'Ternigiv', 2, 1514, 0),
(5700, 'Ternivtsi', 2, 1515, 0),
(5701, 'Vinnytsja', 2, 1516, 0),
(5702, 'Lutsk', 2, 1517, 0),
(5703, 'Zaporizzja', 2, 1518, 0),
(5704, 'Melitopol', 2, 1518, 0),
(5705, 'Berdjansk', 2, 1518, 0),
(5706, 'Zytomyr', 2, 1519, 0),
(5707, 'Berdytiv', 2, 1519, 0),
(5708, 'Montevideo', 2, 1520, 0),
(5709, 'Birmingham', 2, 1521, 0),
(5710, 'Montgomery', 2, 1521, 0),
(5711, 'Mobile', 2, 1521, 0),
(5712, 'Huntsville', 2, 1521, 0),
(5713, 'Anchorage', 2, 1522, 0),
(5714, 'Phoenix', 2, 1523, 0),
(5715, 'Tucson', 2, 1523, 0),
(5716, 'Mesa', 2, 1523, 0),
(5717, 'Glendale', 2, 1523, 0),
(5718, 'Scottsdale', 2, 1523, 0),
(5719, 'Chandler', 2, 1523, 0),
(5720, 'Tempe', 2, 1523, 0),
(5721, 'Gilbert', 2, 1523, 0),
(5722, 'Peoria', 2, 1523, 0),
(5723, 'Little Rock', 2, 1524, 0),
(5724, 'Los Angeles', 2, 1525, 0),
(5725, 'San Diego', 2, 1525, 0),
(5726, 'San Jose', 2, 1525, 0),
(5727, 'San Francisco', 2, 1525, 0),
(5728, 'Long Beach', 2, 1525, 0),
(5729, 'Fresno', 2, 1525, 0),
(5730, 'Sacramento', 2, 1525, 0),
(5731, 'Oakland', 2, 1525, 0),
(5732, 'Santa Ana', 2, 1525, 0),
(5733, 'Anaheim', 2, 1525, 0),
(5734, 'Riverside', 2, 1525, 0),
(5735, 'Bakersfield', 2, 1525, 0),
(5736, 'Stockton', 2, 1525, 0),
(5737, 'Fremont', 2, 1525, 0),
(5738, 'Glendale', 2, 1525, 0),
(5739, 'Huntington Beach', 2, 1525, 0),
(5740, 'Modesto', 2, 1525, 0),
(5741, 'San Bernardino', 2, 1525, 0),
(5742, 'Chula Vista', 2, 1525, 0),
(5743, 'Oxnard', 2, 1525, 0),
(5744, 'Garden Grove', 2, 1525, 0),
(5745, 'Oceanside', 2, 1525, 0),
(5746, 'Ontario', 2, 1525, 0),
(5747, 'Santa Clarita', 2, 1525, 0),
(5748, 'Salinas', 2, 1525, 0),
(5749, 'Pomona', 2, 1525, 0),
(5750, 'Santa Rosa', 2, 1525, 0),
(5751, 'Irvine', 2, 1525, 0),
(5752, 'Moreno Valley', 2, 1525, 0),
(5753, 'Pasadena', 2, 1525, 0),
(5754, 'Hayward', 2, 1525, 0),
(5755, 'Torrance', 2, 1525, 0),
(5756, 'Escondido', 2, 1525, 0),
(5757, 'Sunnyvale', 2, 1525, 0),
(5758, 'Fontana', 2, 1525, 0),
(5759, 'Orange', 2, 1525, 0),
(5760, 'Rancho Cucamonga', 2, 1525, 0),
(5761, 'East Los Angeles', 2, 1525, 0),
(5762, 'Fullerton', 2, 1525, 0),
(5763, 'Corona', 2, 1525, 0),
(5764, 'Concord', 2, 1525, 0),
(5765, 'Lancaster', 2, 1525, 0),
(5766, 'Thousand Oaks', 2, 1525, 0),
(5767, 'Vallejo', 2, 1525, 0),
(5768, 'Palmdale', 2, 1525, 0),
(5769, 'El Monte', 2, 1525, 0),
(5770, 'Inglewood', 2, 1525, 0),
(5771, 'Simi Valley', 2, 1525, 0),
(5772, 'Costa Mesa', 2, 1525, 0),
(5773, 'Downey', 2, 1525, 0),
(5774, 'West Covina', 2, 1525, 0),
(5775, 'Daly City', 2, 1525, 0),
(5776, 'Citrus Heights', 2, 1525, 0),
(5777, 'Norwalk', 2, 1525, 0),
(5778, 'Berkeley', 2, 1525, 0),
(5779, 'Santa Clara', 2, 1525, 0),
(5780, 'San Buenaventura', 2, 1525, 0),
(5781, 'Burbank', 2, 1525, 0),
(5782, 'Mission Viejo', 2, 1525, 0),
(5783, 'El Cajon', 2, 1525, 0),
(5784, 'Richmond', 2, 1525, 0),
(5785, 'Compton', 2, 1525, 0),
(5786, 'Fairfield', 2, 1525, 0),
(5787, 'Arden-Arcade', 2, 1525, 0),
(5788, 'San Mateo', 2, 1525, 0),
(5789, 'Visalia', 2, 1525, 0),
(5790, 'Santa Monica', 2, 1525, 0),
(5791, 'Carson', 2, 1525, 0),
(5792, 'Denver', 2, 1526, 0),
(5793, 'Colorado Springs', 2, 1526, 0),
(5794, 'Aurora', 2, 1526, 0),
(5795, 'Lakewood', 2, 1526, 0),
(5796, 'Fort Collins', 2, 1526, 0),
(5797, 'Arvada', 2, 1526, 0),
(5798, 'Pueblo', 2, 1526, 0),
(5799, 'Westminster', 2, 1526, 0),
(5800, 'Boulder', 2, 1526, 0),
(5801, 'Bridgeport', 2, 1527, 0),
(5802, 'New Haven', 2, 1527, 0),
(5803, 'Hartford', 2, 1527, 0),
(5804, 'Stamford', 2, 1527, 0),
(5805, 'Waterbury', 2, 1527, 0),
(5806, 'Washington', 2, 1528, 0),
(5807, 'Jacksonville', 2, 1529, 0),
(5808, 'Miami', 2, 1529, 0),
(5809, 'Tampa', 2, 1529, 0),
(5810, 'Saint Petersburg', 2, 1529, 0),
(5811, 'Hialeah', 2, 1529, 0),
(5812, 'Orlando', 2, 1529, 0),
(5813, 'Fort Lauderdale', 2, 1529, 0),
(5814, 'Tallahassee', 2, 1529, 0),
(5815, 'Hollywood', 2, 1529, 0),
(5816, 'Pembroke Pines', 2, 1529, 0),
(5817, 'Coral Springs', 2, 1529, 0),
(5818, 'Cape Coral', 2, 1529, 0),
(5819, 'Clearwater', 2, 1529, 0),
(5820, 'Miami Beach', 2, 1529, 0),
(5821, 'Gainesville', 2, 1529, 0),
(5822, 'Atlanta', 2, 1530, 0),
(5823, 'Augusta-Richmond County', 2, 1530, 0),
(5824, 'Columbus', 2, 1530, 0),
(5825, 'Savannah', 2, 1530, 0),
(5826, 'Macon', 2, 1530, 0),
(5827, 'Athens-Clarke County', 2, 1530, 0),
(5828, 'Honolulu', 2, 1531, 0),
(5829, 'Boise City', 2, 1532, 0),
(5830, 'Chicago', 2, 1533, 0),
(5831, 'Rockford', 2, 1533, 0),
(5832, 'Aurora', 2, 1533, 0),
(5833, 'Naperville', 2, 1533, 0),
(5834, 'Peoria', 2, 1533, 0),
(5835, 'Springfield', 2, 1533, 0),
(5836, 'Joliet', 2, 1533, 0),
(5837, 'Elgin', 2, 1533, 0),
(5838, 'Indianapolis', 2, 1534, 0),
(5839, 'Fort Wayne', 2, 1534, 0),
(5840, 'Evansville', 2, 1534, 0),
(5841, 'South Bend', 2, 1534, 0),
(5842, 'Gary', 2, 1534, 0),
(5843, 'Des Moines', 2, 1535, 0),
(5844, 'Cedar Rapids', 2, 1535, 0),
(5845, 'Davenport', 2, 1535, 0),
(5846, 'Wichita', 2, 1536, 0),
(5847, 'Overland Park', 2, 1536, 0),
(5848, 'Kansas City', 2, 1536, 0),
(5849, 'Topeka', 2, 1536, 0),
(5850, 'Lexington-Fayette', 2, 1537, 0),
(5851, 'Louisville', 2, 1537, 0),
(5852, 'New Orleans', 2, 1538, 0),
(5853, 'Baton Rouge', 2, 1538, 0),
(5854, 'Shreveport', 2, 1538, 0),
(5855, 'Metairie', 2, 1538, 0),
(5856, 'Lafayette', 2, 1538, 0),
(5857, 'Baltimore', 2, 1539, 0),
(5858, 'Boston', 2, 1540, 0),
(5859, 'Worcester', 2, 1540, 0),
(5860, 'Springfield', 2, 1540, 0),
(5861, 'Lowell', 2, 1540, 0),
(5862, 'Cambridge', 2, 1540, 0),
(5863, 'New Bedford', 2, 1540, 0),
(5864, 'Brockton', 2, 1540, 0),
(5865, 'Fall River', 2, 1540, 0),
(5866, 'Detroit', 2, 1541, 0),
(5867, 'Grand Rapids', 2, 1541, 0),
(5868, 'Warren', 2, 1541, 0),
(5869, 'Flint', 2, 1541, 0),
(5870, 'Sterling Heights', 2, 1541, 0),
(5871, 'Lansing', 2, 1541, 0),
(5872, 'Ann Arbor', 2, 1541, 0),
(5873, 'Livonia', 2, 1541, 0),
(5874, 'Minneapolis', 2, 1542, 0),
(5875, 'Saint Paul', 2, 1542, 0),
(5876, 'Jackson', 2, 1543, 0),
(5877, 'Kansas City', 2, 1544, 0),
(5878, 'Saint Louis', 2, 1544, 0),
(5879, 'Springfield', 2, 1544, 0),
(5880, 'Independence', 2, 1544, 0),
(5881, 'Billings', 2, 1545, 0),
(5882, 'Omaha', 2, 1546, 0),
(5883, 'Lincoln', 2, 1546, 0),
(5884, 'Las Vegas', 2, 1547, 0),
(5885, 'Reno', 2, 1547, 0),
(5886, 'Henderson', 2, 1547, 0),
(5887, 'Paradise', 2, 1547, 0),
(5888, 'North Las Vegas', 2, 1547, 0),
(5889, 'Sunrise Manor', 2, 1547, 0),
(5890, 'Manchester', 2, 1548, 0),
(5891, 'Newark', 2, 1549, 0),
(5892, 'Jersey City', 2, 1549, 0),
(5893, 'Paterson', 2, 1549, 0),
(5894, 'Elizabeth', 2, 1549, 0),
(5895, 'Albuquerque', 2, 1550, 0),
(5896, 'New York', 2, 1551, 0),
(5897, 'Buffalo', 2, 1551, 0),
(5898, 'Rochester', 2, 1551, 0),
(5899, 'Yonkers', 2, 1551, 0),
(5900, 'Syracuse', 2, 1551, 0),
(5901, 'Albany', 2, 1551, 0),
(5902, 'Charlotte', 2, 1552, 0),
(5903, 'Raleigh', 2, 1552, 0),
(5904, 'Greensboro', 2, 1552, 0),
(5905, 'Durham', 2, 1552, 0),
(5906, 'Winston-Salem', 2, 1552, 0),
(5907, 'Fayetteville', 2, 1552, 0),
(5908, 'Cary', 2, 1552, 0),
(5909, 'Columbus', 2, 1553, 0),
(5910, 'Cleveland', 2, 1553, 0),
(5911, 'Cincinnati', 2, 1553, 0),
(5912, 'Toledo', 2, 1553, 0),
(5913, 'Akron', 2, 1553, 0),
(5914, 'Dayton', 2, 1553, 0),
(5915, 'Oklahoma City', 2, 1554, 0),
(5916, 'Tulsa', 2, 1554, 0),
(5917, 'Norman', 2, 1554, 0),
(5918, 'Portland', 2, 1555, 0),
(5919, 'Eugene', 2, 1555, 0),
(5920, 'Salem', 2, 1555, 0),
(5921, 'Philadelphia', 2, 1556, 0),
(5922, 'Pittsburgh', 2, 1556, 0),
(5923, 'Allentown', 2, 1556, 0),
(5924, 'Erie', 2, 1556, 0),
(5925, 'Providence', 2, 1557, 0),
(5926, 'Columbia', 2, 1558, 0),
(5927, 'Charleston', 2, 1558, 0),
(5928, 'Sioux Falls', 2, 1559, 0),
(5929, 'Memphis', 2, 1560, 0),
(5930, 'Nashville-Davidson', 2, 1560, 0),
(5931, 'Knoxville', 2, 1560, 0),
(5932, 'Chattanooga', 2, 1560, 0),
(5933, 'Clarksville', 2, 1560, 0),
(5934, 'Houston', 2, 1561, 0),
(5935, 'Dallas', 2, 1561, 0),
(5936, 'San Antonio', 2, 1561, 0),
(5937, 'Austin', 2, 1561, 0),
(5938, 'El Paso', 2, 1561, 0),
(5939, 'Fort Worth', 2, 1561, 0),
(5940, 'Arlington', 2, 1561, 0),
(5941, 'Corpus Christi', 2, 1561, 0),
(5942, 'Plano', 2, 1561, 0),
(5943, 'Garland', 2, 1561, 0),
(5944, 'Lubbock', 2, 1561, 0),
(5945, 'Irving', 2, 1561, 0),
(5946, 'Laredo', 2, 1561, 0),
(5947, 'Amarillo', 2, 1561, 0),
(5948, 'Brownsville', 2, 1561, 0),
(5949, 'Pasadena', 2, 1561, 0),
(5950, 'Grand Prairie', 2, 1561, 0),
(5951, 'Mesquite', 2, 1561, 0),
(5952, 'Abilene', 2, 1561, 0),
(5953, 'Beaumont', 2, 1561, 0),
(5954, 'Waco', 2, 1561, 0),
(5955, 'Carrollton', 2, 1561, 0),
(5956, 'McAllen', 2, 1561, 0),
(5957, 'Wichita Falls', 2, 1561, 0),
(5958, 'Midland', 2, 1561, 0),
(5959, 'Odessa', 2, 1561, 0),
(5960, 'Salt Lake City', 2, 1562, 0),
(5961, 'West Valley City', 2, 1562, 0),
(5962, 'Provo', 2, 1562, 0),
(5963, 'Sandy', 2, 1562, 0),
(5964, 'Virginia Beach', 2, 1563, 0),
(5965, 'Norfolk', 2, 1563, 0),
(5966, 'Chesapeake', 2, 1563, 0),
(5967, 'Richmond', 2, 1563, 0),
(5968, 'Newport News', 2, 1563, 0),
(5969, 'Arlington', 2, 1563, 0),
(5970, 'Hampton', 2, 1563, 0),
(5971, 'Alexandria', 2, 1563, 0),
(5972, 'Portsmouth', 2, 1563, 0),
(5973, 'Roanoke', 2, 1563, 0),
(5974, 'Seattle', 2, 1564, 0),
(5975, 'Spokane', 2, 1564, 0),
(5976, 'Tacoma', 2, 1564, 0),
(5977, 'Vancouver', 2, 1564, 0),
(5978, 'Bellevue', 2, 1564, 0),
(5979, 'Milwaukee', 2, 1565, 0),
(5980, 'Madison', 2, 1565, 0),
(5981, 'Green Bay', 2, 1565, 0),
(5982, 'Kenosha', 2, 1565, 0),
(5983, 'Andijon', 2, 1566, 0),
(5984, 'Buhoro', 2, 1567, 0),
(5985, 'Cizah', 2, 1568, 0),
(5986, 'Kkon', 2, 1569, 0),
(5987, 'Fargona', 2, 1569, 0),
(5988, 'Margilon', 2, 1569, 0),
(5989, 'Nukus', 2, 1570, 0),
(5990, 'rgenc', 2, 1571, 0),
(5991, 'Namangan', 2, 1572, 0),
(5992, 'Navoi', 2, 1573, 0),
(5993, 'Karsi', 2, 1574, 0),
(5994, 'Samarkand', 2, 1575, 0),
(5995, 'Termiz', 2, 1576, 0),
(5996, 'Circik', 2, 1577, 0),
(5997, 'Angren', 2, 1577, 0),
(5998, 'Olmalik', 2, 1577, 0),
(5999, 'Toskent', 2, 1578, 0),
(6000, 'South Hill', 2, 1579, 0),
(6001, 'The Valley', 2, 1579, 0),
(6002, 'Oranjestad', 2, 1579, 0),
(6003, 'Douglas', 2, 1579, 0),
(6004, 'Gibraltar', 2, 1579, 0),
(6005, 'Tamuning', 2, 1579, 0),
(6006, 'Agaa', 2, 1579, 0),
(6007, 'Flying Fish Cove', 2, 1579, 0),
(6008, 'Monte-Carlo', 2, 1579, 0),
(6009, 'Monaco-Ville', 2, 1579, 0),
(6010, 'Yangor', 2, 1579, 0),
(6011, 'Yaren', 2, 1579, 0),
(6012, 'Alofi', 2, 1579, 0),
(6013, 'Kingston', 2, 1579, 0),
(6014, 'Adamstown', 2, 1579, 0),
(6015, 'Singapore', 2, 1579, 0),
(6016, 'Nouma', 2, 1579, 0),
(6017, 'Citt del Vaticano', 2, 1579, 0),
(6018, 'Roseau', 2, 1580, 0),
(6019, 'Saint Georges', 2, 1580, 0),
(6020, 'Kingstown', 2, 1580, 0),
(6021, 'Taiping', 2, 1581, 0),
(6022, 'Taliao', 2, 1581, 0),
(6023, 'Kueishan', 2, 1581, 0),
(6024, 'Ciudad Losada', 2, 1581, 0),
(6025, 'Barcelona', 2, 1582, 0),
(6026, 'Puerto La Cruz', 2, 1582, 0),
(6027, 'El Tigre', 2, 1582, 0),
(6028, 'Pozuelos', 2, 1582, 0),
(6029, 'San Fernando de Apure', 2, 1583, 0),
(6030, 'Maracay', 2, 1584, 0),
(6031, 'Turmero', 2, 1584, 0),
(6032, 'El Limn', 2, 1584, 0),
(6033, 'Barinas', 2, 1585, 0),
(6034, 'Cartagena', 2, 1586, 0),
(6035, 'Ciudad Guayana', 2, 1586, 0),
(6036, 'Ciudad Bolvar', 2, 1586, 0),
(6037, 'Valencia', 2, 1587, 0),
(6038, 'Puerto Cabello', 2, 1587, 0),
(6039, 'Guacara', 2, 1587, 0),
(6040, 'Buenos Aires', 2, 1588, 0),
(6041, 'Braslia', 2, 1588, 0),
(6042, 'Ciudad de Mxico', 2, 1588, 0),
(6043, 'Caracas', 2, 1588, 0),
(6044, 'Catia La Mar', 2, 1588, 0),
(6045, 'Santa Ana de Coro', 2, 1589, 0),
(6046, 'Punto Fijo', 2, 1589, 0),
(6047, 'Calabozo', 2, 1590, 0),
(6048, 'Valle de la Pascua', 2, 1590, 0),
(6049, 'Barquisimeto', 2, 1591, 0),
(6050, 'Mrida', 2, 1592, 0),
(6051, 'Petare', 2, 1593, 0),
(6052, 'Baruta', 2, 1593, 0),
(6053, 'Los Teques', 2, 1593, 0),
(6054, 'Guarenas', 2, 1593, 0),
(6055, 'Guatire', 2, 1593, 0),
(6056, 'Ocumare del Tuy', 2, 1593, 0),
(6057, 'Maturn', 2, 1594, 0),
(6058, 'Acarigua', 2, 1595, 0),
(6059, 'Guanare', 2, 1595, 0),
(6060, 'Araure', 2, 1595, 0),
(6061, 'Sincelejo', 2, 1596, 0),
(6062, 'Cuman', 2, 1596, 0),
(6063, 'Carpano', 2, 1596, 0),
(6064, 'San Cristbal', 2, 1597, 0),
(6065, 'Valera', 2, 1598, 0),
(6066, 'San Felipe', 2, 1599, 0),
(6067, 'Maracabo', 2, 1600, 0),
(6068, 'Cabimas', 2, 1600, 0),
(6069, 'Ciudad Ojeda', 2, 1600, 0),
(6070, 'Road Town', 2, 1601, 0),
(6071, 'Charlotte Amalie', 2, 1602, 0),
(6072, 'Long Xuyen', 2, 1603, 0),
(6073, 'Vung Tau', 2, 1604, 0),
(6074, 'Thai Nguyen', 2, 1605, 0),
(6075, 'Quy Nhon', 2, 1606, 0),
(6076, 'Phan Thit', 2, 1607, 0),
(6077, 'Can Tho', 2, 1608, 0),
(6078, 'Buon Ma Thuot', 2, 1609, 0),
(6079, 'Bin Hoa', 2, 1610, 0),
(6080, 'Haiphong', 2, 1611, 0),
(6081, 'Hanoi', 2, 1612, 0),
(6082, 'Ho Chi Minh City', 2, 1613, 0),
(6083, 'Nha Trang', 2, 1614, 0),
(6084, 'Cam Ranh', 2, 1614, 0),
(6085, 'Rach Gia', 2, 1615, 0),
(6086, 'Da Lat', 2, 1616, 0),
(6087, 'Nam Dinh', 2, 1617, 0),
(6088, 'Vinh', 2, 1618, 0),
(6089, 'Cam Pha', 2, 1619, 0),
(6090, 'Da Nang', 2, 1620, 0),
(6091, 'Hong Gai', 2, 1621, 0),
(6092, 'Hue', 2, 1622, 0),
(6093, 'My Tho', 2, 1623, 0),
(6094, 'Port-Vila', 2, 1624, 0),
(6095, 'Mata-Utu', 2, 1625, 0),
(6096, 'Apia', 2, 1626, 0),
(6097, 'Aden', 2, 1627, 0),
(6098, 'al-Mukalla', 2, 1628, 0),
(6099, 'Hodeida', 2, 1629, 0),
(6100, 'Ibb', 2, 1630, 0),
(6101, 'Sanaa', 2, 1631, 0),
(6102, 'Taizz', 2, 1632, 0),
(6103, 'Beograd', 2, 1633, 0),
(6104, 'Ni', 2, 1633, 0),
(6105, 'Kragujevac', 2, 1633, 0),
(6106, 'Pritina', 2, 1634, 0),
(6107, 'Prizren', 2, 1634, 0),
(6108, 'Podgorica', 2, 1635, 0),
(6109, 'Novi Sad', 2, 1636, 0),
(6110, 'Subotica', 2, 1636, 0),
(6111, 'Port Elizabeth', 2, 1637, 0),
(6112, 'East London', 2, 1637, 0),
(6113, 'Uitenhage', 2, 1637, 0),
(6114, 'Mdantsane', 2, 1637, 0),
(6115, 'Bloemfontein', 2, 1638, 0),
(6116, 'Welkom', 2, 1638, 0),
(6117, 'Botshabelo', 2, 1638, 0),
(6118, 'Soweto', 2, 1639, 0),
(6119, 'Johannesburg', 2, 1639, 0),
(6120, 'Pretoria', 2, 1639, 0),
(6121, 'Vanderbijlpark', 2, 1639, 0),
(6122, 'Kempton Park', 2, 1639, 0),
(6123, 'Alberton', 2, 1639, 0),
(6124, 'Benoni', 2, 1639, 0),
(6125, 'Randburg', 2, 1639, 0),
(6126, 'Vereeniging', 2, 1639, 0),
(6127, 'Wonderboom', 2, 1639, 0),
(6128, 'Roodepoort', 2, 1639, 0),
(6129, 'Boksburg', 2, 1639, 0),
(6130, 'Soshanguve', 2, 1639, 0),
(6131, 'Krugersdorp', 2, 1639, 0),
(6132, 'Brakpan', 2, 1639, 0),
(6133, 'Oberholzer', 2, 1639, 0),
(6134, 'Germiston', 2, 1639, 0),
(6135, 'Springs', 2, 1639, 0),
(6136, 'Westonaria', 2, 1639, 0),
(6137, 'Randfontein', 2, 1639, 0),
(6138, 'Nigel', 2, 1639, 0),
(6139, 'Inanda', 2, 1640, 0),
(6140, 'Durban', 2, 1640, 0),
(6141, 'Pinetown', 2, 1640, 0),
(6142, 'Pietermaritzburg', 2, 1640, 0),
(6143, 'Umlazi', 2, 1640, 0),
(6144, 'Newcastle', 2, 1640, 0),
(6145, 'Chatsworth', 2, 1640, 0),
(6146, 'Ladysmith', 2, 1640, 0),
(6147, 'Witbank', 2, 1641, 0),
(6148, 'Klerksdorp', 2, 1642, 0),
(6149, 'Potchefstroom', 2, 1642, 0),
(6150, 'Rustenburg', 2, 1642, 0),
(6151, 'Kimberley', 2, 1643, 0),
(6152, 'Cape Town', 2, 1644, 0),
(6153, 'Paarl', 2, 1644, 0),
(6154, 'George', 2, 1644, 0),
(6155, 'Suva', 2, 1645, 0),
(6156, 'Nyeri', 2, 1645, 0),
(6157, 'Kathmandu', 2, 1645, 0),
(6158, 'Lalitapur', 2, 1645, 0),
(6159, 'Birgunj', 2, 1645, 0),
(6160, 'San Lorenzo', 2, 1645, 0),
(6161, 'Lambar', 2, 1645, 0),
(6162, 'Fernando de la Mora', 2, 1645, 0),
(6163, 'Kabwe', 2, 1645, 0),
(6164, 'Kandy', 2, 1645, 0),
(6165, 'Kampala', 2, 1645, 0),
(6166, 'Ndola', 2, 1646, 0),
(6167, 'Kitwe', 2, 1646, 0),
(6168, 'Chingola', 2, 1646, 0),
(6169, 'Mufulira', 2, 1646, 0),
(6170, 'Luanshya', 2, 1646, 0),
(6171, 'Lusaka', 2, 1647, 0),
(6172, 'Bulawayo', 2, 1648, 0),
(6173, 'Harare', 2, 1649, 0),
(6174, 'Chitungwiza', 2, 1649, 0),
(6175, 'Mount Darwin', 2, 1649, 0),
(6176, 'Mutare', 2, 1650, 0),
(6177, 'Gweru', 2, 1651, 0);

-- --------------------------------------------------------

--
-- Table structure for table `order_detail`
--

CREATE TABLE IF NOT EXISTS `order_detail` (
`order_id` int(11) NOT NULL,
  `branch_id` int(11) NOT NULL,
  `brand_id` int(11) NOT NULL DEFAULT '5',
  `order_type` int(1) NOT NULL DEFAULT '1' COMMENT '1-Table order, 2- Delivery, 3-Parcel',
  `order_code` varchar(20) DEFAULT NULL,
  `payment_type` int(1) NOT NULL DEFAULT '1' COMMENT '1-Cash,2-Credit Card,3-Debit Card',
  `payment_card_number` varchar(30) DEFAULT NULL,
  `table_detail_id` int(11) DEFAULT NULL,
  `number_of_person` int(5) DEFAULT NULL,
  `waiter_id` int(11) DEFAULT NULL,
  `order_date_time` datetime NOT NULL,
  `sub_total` double(10,2) NOT NULL COMMENT 'with product taxex, excluding of branch specific taxes',
  `total_amount` double(10,2) NOT NULL,
  `round_off_total_amount` double(10,2) NOT NULL,
  `given_amount` double(10,2) NOT NULL,
  `return_amount` double(6,2) NOT NULL,
  `discount_type` int(1) NOT NULL DEFAULT '0' COMMENT '0-none,1-complementary, 2-discount precentage',
  `discount_amount` double(4,2) DEFAULT NULL COMMENT 'percentage of discount',
  `notes` text,
  `created` timestamp NOT NULL DEFAULT CURRENT_TIMESTAMP,
  `updated` datetime DEFAULT NULL,
  `deleted` datetime DEFAULT NULL
) ENGINE=InnoDB AUTO_INCREMENT=130 DEFAULT CHARSET=latin1;

--
-- Dumping data for table `order_detail`
--

INSERT INTO `order_detail` (`order_id`, `branch_id`, `brand_id`, `order_type`, `order_code`, `payment_type`, `payment_card_number`, `table_detail_id`, `number_of_person`, `waiter_id`, `order_date_time`, `sub_total`, `total_amount`, `round_off_total_amount`, `given_amount`, `return_amount`, `discount_type`, `discount_amount`, `notes`, `created`, `updated`, `deleted`) VALUES
(1, 5, 5, 1, NULL, 1, NULL, 24, NULL, 13, '2016-10-17 15:59:15', 0.00, 964.60, 965.00, 0.00, -964.60, 0, 0.00, NULL, '2016-10-17 13:56:36', '2016-10-17 15:59:15', NULL),
(2, 5, 5, 1, NULL, 1, NULL, 29, NULL, 13, '2016-10-17 16:03:24', 0.00, 466.40, 466.00, 0.00, -466.40, 0, 0.00, NULL, '2016-10-17 14:03:24', NULL, NULL),
(3, 5, 5, 3, NULL, 1, NULL, NULL, NULL, NULL, '2016-10-17 16:11:04', 0.00, 130.00, 130.00, 0.00, -130.00, 0, 0.00, NULL, '2016-10-17 14:09:36', '2016-10-17 16:11:04', NULL),
(4, 5, 5, 1, NULL, 1, NULL, 28, NULL, 13, '2016-10-17 16:14:36', 0.00, 996.40, 996.00, 0.00, -996.40, 0, 0.00, NULL, '2016-10-17 14:13:34', '2016-10-17 16:14:36', NULL),
(5, 5, 5, 1, NULL, 1, NULL, 21, NULL, 13, '2016-10-17 16:18:56', 0.00, 519.40, 519.00, 0.00, -519.40, 0, 0.00, NULL, '2016-10-17 14:18:06', '2016-10-17 16:18:56', NULL),
(6, 5, 5, 1, NULL, 1, NULL, 23, NULL, 13, '2016-10-17 16:52:06', 0.00, 731.40, 731.00, 0.00, -731.40, 0, 0.00, NULL, '2016-10-17 14:50:28', '2016-10-17 16:52:06', NULL),
(8, 5, 5, 1, NULL, 1, NULL, 21, NULL, 11, '2016-10-17 16:55:39', 0.00, 429.30, 429.00, 0.00, -429.30, 0, 0.00, NULL, '2016-10-17 14:55:27', '2016-10-17 16:55:39', NULL),
(9, 5, 5, 1, NULL, 1, NULL, 22, NULL, 13, '2016-10-17 16:59:29', 0.00, 1123.60, 1124.00, 0.00, -1123.60, 0, 0.00, NULL, '2016-10-17 14:58:30', '2016-10-17 16:59:29', NULL),
(11, 5, 5, 1, NULL, 1, NULL, 20, NULL, 13, '2016-10-18 11:06:46', 0.00, 95.40, 95.00, 0.00, -95.40, 0, 0.00, NULL, '2016-10-18 09:06:46', NULL, NULL),
(12, 5, 5, 1, NULL, 1, NULL, 20, NULL, 13, '2016-10-18 11:07:20', 0.00, 328.60, 329.00, 0.00, -328.60, 0, 0.00, NULL, '2016-10-18 09:07:20', NULL, NULL),
(13, 5, 5, 1, NULL, 1, NULL, 20, NULL, 13, '2016-10-18 11:07:44', 0.00, 572.40, 572.00, 0.00, -572.40, 0, 0.00, NULL, '2016-10-18 09:07:44', NULL, NULL),
(15, 5, 5, 1, NULL, 1, NULL, 21, NULL, 13, '2016-10-18 11:13:36', 0.00, 47.70, 48.00, 0.00, -47.70, 0, 0.00, NULL, '2016-10-18 09:13:36', NULL, NULL),
(16, 5, 5, 1, NULL, 1, NULL, 21, NULL, 13, '2016-10-18 11:14:03', 0.00, 132.50, 133.00, 0.00, -132.50, 0, 0.00, NULL, '2016-10-18 09:14:03', NULL, NULL),
(17, 5, 5, 1, NULL, 1, NULL, 21, NULL, 13, '2016-10-18 11:17:19', 0.00, 47.70, 48.00, 0.00, -47.70, 0, 0.00, NULL, '2016-10-18 09:17:19', NULL, NULL),
(18, 5, 5, 1, NULL, 1, NULL, 21, NULL, 13, '2016-10-18 11:17:34', 0.00, 132.50, 133.00, 0.00, -132.50, 0, 0.00, NULL, '2016-10-18 09:17:34', NULL, NULL),
(19, 5, 5, 1, NULL, 1, NULL, 21, NULL, 13, '2016-10-18 11:17:44', 0.00, 270.30, 270.00, 0.00, -270.30, 0, 0.00, NULL, '2016-10-18 09:17:44', NULL, NULL),
(20, 5, 5, 1, NULL, 1, NULL, 21, NULL, 13, '2016-10-18 11:18:04', 0.00, 291.50, 292.00, 0.00, -291.50, 0, 0.00, NULL, '2016-10-18 09:18:04', NULL, NULL),
(21, 5, 5, 1, NULL, 1, NULL, 21, NULL, 13, '2016-10-18 11:19:29', 0.00, 339.20, 339.00, 0.00, -339.20, 0, 0.00, NULL, '2016-10-18 09:19:29', NULL, NULL),
(22, 5, 5, 1, NULL, 1, NULL, 21, NULL, 12, '2016-10-18 11:25:19', 0.00, 3593.40, 3593.00, 0.00, -3593.40, 2, 0.00, NULL, '2016-10-18 09:23:11', '2016-10-18 11:25:39', NULL),
(23, 5, 5, 1, NULL, 1, NULL, 20, NULL, 11, '2016-10-18 11:29:02', 0.00, 2226.00, 2226.00, 0.00, -2226.00, 0, 0.00, NULL, '2016-10-18 09:28:31', '2016-10-18 11:29:02', NULL),
(24, 5, 5, 1, NULL, 1, NULL, 21, NULL, 13, '2016-10-18 11:36:01', 0.00, 890.40, 890.00, 0.00, -890.40, 0, 0.00, NULL, '2016-10-18 09:28:47', '2016-10-18 11:36:01', NULL),
(25, 5, 5, 1, NULL, 1, NULL, 22, NULL, 12, '2016-10-18 11:35:48', 0.00, 254.40, 254.00, 0.00, -254.40, 0, 0.00, NULL, '2016-10-18 09:35:48', NULL, NULL),
(26, 5, 5, 1, NULL, 1, NULL, 20, NULL, 9, '2016-10-18 15:28:48', 0.00, 127.20, 127.00, 0.00, -127.00, 0, 0.00, NULL, '2016-10-18 13:28:48', NULL, NULL),
(27, 5, 5, 1, NULL, 1, NULL, 21, NULL, 10, '2016-10-18 20:31:30', 0.00, 19970.40, 19970.00, 0.00, -9999.99, 0, 0.00, NULL, '2016-10-18 18:31:00', '2016-10-18 20:31:30', NULL),
(28, 5, 5, 1, NULL, 1, NULL, 22, NULL, 10, '2016-10-18 20:31:15', 0.00, 127.20, 127.00, 0.00, -127.00, 0, 0.00, NULL, '2016-10-18 18:31:15', NULL, NULL),
(29, 1, 5, 3, NULL, 1, NULL, NULL, NULL, NULL, '2016-10-18 20:37:06', 0.00, 124.80, 125.00, 0.00, -125.00, 0, 0.00, NULL, '2016-10-18 18:37:06', NULL, NULL),
(30, 5, 5, 1, NULL, 1, NULL, 24, NULL, 13, '2016-10-19 10:08:38', 0.00, 159.00, 159.00, 0.00, -159.00, 0, 0.00, NULL, '2016-10-18 18:45:35', '2016-10-19 10:08:38', NULL),
(31, 5, 5, 1, NULL, 1, NULL, 20, NULL, 9, '2016-10-19 10:09:21', 0.00, 228.96, 229.00, 0.00, -229.00, 2, 40.00, NULL, '2016-10-19 08:08:11', '2016-10-19 10:23:37', NULL),
(32, 5, 5, 1, NULL, 1, NULL, 23, NULL, 13, '2016-10-19 10:21:53', 0.00, 630.70, 631.00, 0.00, -631.00, 0, 0.00, NULL, '2016-10-19 08:20:45', '2016-10-19 10:21:53', NULL),
(33, 5, 5, 1, NULL, 1, NULL, 20, NULL, 10, '2016-10-19 11:14:49', 0.00, 254.40, 254.00, 0.00, -254.00, 0, 0.00, NULL, '2016-10-19 09:14:49', NULL, NULL),
(34, 5, 5, 1, NULL, 1, NULL, 22, NULL, 8, '2016-10-19 11:18:00', 0.00, 127.20, 127.00, 0.00, -127.00, 0, 0.00, NULL, '2016-10-19 09:18:00', NULL, NULL),
(35, 5, 5, 1, NULL, 1, NULL, 21, NULL, 9, '2016-10-19 11:23:02', 0.00, 699.60, 700.00, 0.00, -700.00, 0, 0.00, NULL, '2016-10-19 09:23:02', NULL, NULL),
(36, 5, 5, 1, NULL, 1, NULL, 20, NULL, 9, '2016-10-19 12:23:11', 0.00, 2067.00, 2067.00, 0.00, -2067.00, 0, 0.00, NULL, '2016-10-19 10:22:55', '2016-10-19 12:23:11', NULL),
(37, 5, 5, 1, NULL, 1, NULL, 20, NULL, 9, '2016-10-20 09:24:43', 980.00, 1038.80, 1039.00, 0.00, -1039.00, 0, 0.00, NULL, '2016-10-20 07:23:59', '2016-10-20 09:24:43', NULL),
(38, 5, 5, 1, NULL, 1, NULL, 21, NULL, 12, '2016-10-20 09:25:23', 700.00, 742.00, 742.00, 0.00, -742.00, 0, 0.00, NULL, '2016-10-20 07:25:23', NULL, NULL),
(39, 5, 5, 1, NULL, 1, NULL, 20, NULL, 9, '2016-10-20 11:26:40', 1200.00, 1272.00, 1272.00, 0.00, -1272.00, 0, 0.00, NULL, '2016-10-20 09:24:30', '2016-10-20 11:26:40', NULL),
(40, 5, 5, 1, NULL, 1, NULL, 20, NULL, 8, '2016-10-20 14:25:07', 140.00, 148.40, 148.00, 0.00, -148.00, 0, 0.00, NULL, '2016-10-20 12:25:07', NULL, NULL),
(41, 5, 5, 1, NULL, 1, NULL, 29, NULL, 8, '2016-10-20 14:29:49', 280.00, 296.80, 297.00, 0.00, -297.00, 0, 0.00, NULL, '2016-10-20 12:29:49', NULL, NULL),
(42, 5, 5, 1, NULL, 1, NULL, 29, NULL, 8, '2016-10-20 14:32:21', 280.00, 296.80, 297.00, 0.00, -297.00, 0, 0.00, NULL, '2016-10-20 12:32:21', NULL, NULL),
(43, 1, 5, 1, NULL, 1, NULL, 21, NULL, 17, '2016-10-20 20:44:56', 4520.00, 4791.20, 4791.00, 0.00, -4791.00, 0, 0.00, NULL, '2016-10-20 13:38:02', '2016-10-20 20:44:56', NULL),
(44, 1, 5, 1, NULL, 1, NULL, 23, NULL, 16, '2016-10-20 20:44:33', 3875.00, 4107.50, 4108.00, 0.00, -4107.00, 0, 0.00, NULL, '2016-10-20 18:44:15', '2016-10-20 20:44:33', NULL),
(45, 1, 5, 1, NULL, 1, NULL, 22, NULL, 17, '2016-10-20 20:45:19', 1350.00, 1350.00, 1350.00, 0.00, -1350.00, 1, 0.00, NULL, '2016-10-20 18:45:19', '2016-10-20 20:47:37', NULL),
(46, 1, 5, 1, NULL, 1, NULL, 24, NULL, 17, '2016-10-20 20:45:56', 400.00, 424.00, 424.00, 0.00, -424.00, 0, 0.00, NULL, '2016-10-20 18:45:56', NULL, NULL),
(47, 5, 5, 1, NULL, 1, NULL, 23, NULL, 17, '2016-10-21 06:33:19', 775.00, 821.50, 822.00, 0.00, -821.00, 0, 0.00, NULL, '2016-10-21 04:33:19', NULL, NULL),
(48, 5, 5, 1, NULL, 1, NULL, 20, NULL, 8, '2016-10-21 06:38:35', 9125.00, 9672.50, 9673.00, 0.00, -9672.00, 0, 0.00, NULL, '2016-10-21 04:38:12', '2016-10-21 06:38:35', NULL),
(49, 5, 5, 1, NULL, 1, NULL, 29, NULL, 17, '2016-10-21 09:06:13', 1550.00, 1643.00, 1643.00, 0.00, -1643.00, 0, 0.00, NULL, '2016-10-21 07:06:13', NULL, NULL),
(50, 5, 5, 1, NULL, 1, NULL, 29, NULL, 17, '2016-10-21 09:06:25', 3100.00, 3286.00, 3286.00, 0.00, -3286.00, 0, 0.00, NULL, '2016-10-21 07:06:25', NULL, NULL),
(51, 5, 5, 1, NULL, 1, NULL, 21, NULL, 17, '2016-10-21 09:13:26', 1975.00, 2093.50, 2094.00, 0.00, -2093.00, 0, 0.00, NULL, '2016-10-21 07:13:17', '2016-10-21 09:13:26', NULL),
(52, 5, 5, 1, NULL, 1, NULL, 20, NULL, 17, '2016-10-21 09:41:00', 28190.00, 29881.40, 29881.00, 0.00, -9999.99, 0, 0.00, NULL, '2016-10-21 07:39:53', '2016-10-21 09:41:00', NULL),
(53, 5, 5, 1, NULL, 1, NULL, 20, NULL, 17, '2016-10-21 09:44:01', 19200.00, 20352.00, 20352.00, 0.00, -9999.99, 0, 0.00, NULL, '2016-10-21 07:43:17', '2016-10-21 09:44:01', NULL),
(54, 5, 5, 1, NULL, 1, NULL, 20, NULL, 17, '2016-10-21 09:50:26', 600.00, 636.00, 636.00, 0.00, -636.00, 0, 0.00, NULL, '2016-10-21 07:50:26', NULL, NULL),
(55, 5, 5, 1, NULL, 1, NULL, 20, NULL, 17, '2016-10-21 09:52:00', 23295.00, 14815.62, 14816.00, 0.00, -9999.99, 2, 40.00, NULL, '2016-10-21 07:51:16', '2016-10-21 09:52:11', NULL),
(56, 5, 5, 1, NULL, 1, NULL, 20, NULL, 17, '2016-10-21 09:53:10', 17140.00, 17140.00, 17140.00, 0.00, -9999.99, 1, 40.00, NULL, '2016-10-21 07:52:53', '2016-10-21 09:53:13', NULL),
(57, 5, 5, 1, NULL, 1, NULL, 20, NULL, 8, '2016-10-21 09:54:35', 15000.00, 15900.00, 15900.00, 0.00, -9999.99, 0, 0.00, NULL, '2016-10-21 07:54:35', NULL, NULL),
(58, 5, 5, 1, NULL, 1, NULL, 20, NULL, 16, '2016-10-21 09:57:23', 120.00, 127.20, 127.00, 0.00, -127.00, 0, 0.00, NULL, '2016-10-21 07:57:23', NULL, NULL),
(59, 5, 5, 1, NULL, 1, NULL, 20, NULL, 17, '2016-10-21 10:34:34', 370.00, 392.20, 392.00, 0.00, -392.00, 0, 0.00, NULL, '2016-10-21 08:34:18', '2016-10-21 10:34:34', NULL),
(63, 5, 5, 1, NULL, 1, NULL, 20, NULL, 16, '2016-10-21 15:06:18', 2750.00, 2915.00, 2915.00, 0.00, -2915.00, 0, 0.00, NULL, '2016-10-21 13:06:18', NULL, NULL),
(64, 5, 5, 1, NULL, 1, NULL, 21, NULL, 17, '2016-10-21 15:15:19', 350.00, 371.00, 371.00, 0.00, -371.00, 0, 0.00, NULL, '2016-10-21 13:15:19', NULL, NULL),
(65, 5, 5, 1, NULL, 1, NULL, 20, NULL, 17, '2016-10-21 15:15:35', 350.00, 371.00, 371.00, 0.00, -371.00, 0, 0.00, NULL, '2016-10-21 13:15:35', NULL, NULL),
(66, 5, 5, 1, NULL, 1, NULL, 20, NULL, 17, '2016-10-21 15:16:45', 350.00, 371.00, 371.00, 0.00, -371.00, 0, 0.00, NULL, '2016-10-21 13:16:45', NULL, NULL),
(67, 5, 5, 1, NULL, 1, NULL, 20, NULL, 17, '2016-10-21 15:17:00', 700.00, 742.00, 742.00, 0.00, -742.00, 0, 0.00, NULL, '2016-10-21 13:17:00', NULL, NULL),
(68, 5, 5, 1, NULL, 1, NULL, 20, NULL, 17, '2016-10-21 15:17:05', 1450.00, 1537.00, 1537.00, 0.00, -1537.00, 0, 0.00, NULL, '2016-10-21 13:17:05', NULL, NULL),
(69, 5, 5, 1, NULL, 1, NULL, 20, NULL, 17, '2016-10-21 15:21:16', 26900.00, 28514.00, 28514.00, 0.00, -9999.99, 0, 0.00, NULL, '2016-10-21 13:18:11', '2016-10-21 15:21:16', NULL),
(70, 5, 5, 1, NULL, 1, NULL, 21, NULL, 17, '2016-10-21 15:22:03', 1100.00, 1166.00, 1166.00, 0.00, -1166.00, 0, 0.00, NULL, '2016-10-21 13:21:47', '2016-10-21 15:22:03', NULL),
(71, 5, 5, 1, NULL, 1, NULL, 29, NULL, 17, '2016-10-21 15:22:48', 300.00, 318.00, 318.00, 0.00, -318.00, 0, 0.00, NULL, '2016-10-21 13:22:48', NULL, NULL),
(72, 5, 5, 1, NULL, 1, NULL, 29, NULL, 17, '2016-10-21 15:23:03', 600.00, 636.00, 636.00, 0.00, -636.00, 0, 0.00, NULL, '2016-10-21 13:23:03', NULL, NULL),
(73, 5, 5, 1, NULL, 1, NULL, 20, NULL, 16, '2016-10-21 15:41:23', 3300.00, 3498.00, 3498.00, 0.00, -3498.00, 0, 0.00, NULL, '2016-10-21 13:41:23', NULL, NULL),
(75, 5, 5, 1, NULL, 1, NULL, 20, NULL, 17, '2016-10-21 16:53:31', 180.00, 190.80, 191.00, 0.00, -191.00, 0, 0.00, NULL, '2016-10-21 14:53:31', NULL, NULL),
(76, 5, 5, 1, NULL, 1, NULL, 20, NULL, 17, '2016-10-21 16:53:52', 490.00, 519.40, 519.00, 0.00, -519.00, 0, 0.00, NULL, '2016-10-21 14:53:52', NULL, NULL),
(77, 5, 5, 1, NULL, 1, NULL, 20, NULL, 17, '2016-10-21 16:54:00', 730.00, 773.80, 774.00, 0.00, -774.00, 0, 0.00, NULL, '2016-10-21 14:54:00', NULL, NULL),
(78, 5, 5, 1, NULL, 1, NULL, 20, NULL, 17, '2016-10-21 16:55:45', 130.00, 137.80, 138.00, 0.00, -138.00, 0, 0.00, NULL, '2016-10-21 14:55:45', NULL, NULL),
(79, 5, 5, 1, NULL, 1, NULL, 28, NULL, 17, '2016-10-21 19:07:02', 1100.00, 1166.00, 1166.00, 0.00, -1166.00, 0, 0.00, NULL, '2016-10-21 17:06:53', '2016-10-21 19:07:02', NULL),
(80, 5, 5, 1, NULL, 1, NULL, 29, NULL, 17, '2016-10-22 09:05:34', 750.00, 795.00, 795.00, 0.00, -795.00, 0, 0.00, NULL, '2016-10-22 07:05:34', NULL, NULL),
(81, 5, 5, 1, NULL, 1, NULL, 23, 2, 17, '2016-10-22 12:49:30', 185.00, 196.10, 196.00, 0.00, -196.00, 0, 0.00, NULL, '2016-10-22 10:49:30', NULL, NULL),
(83, 5, 5, 1, NULL, 1, NULL, 27, 5, 16, '2016-10-22 15:20:51', 2750.00, 2915.00, 2915.00, 0.00, -2915.00, 0, 0.00, NULL, '2016-10-22 13:20:51', NULL, NULL),
(84, 5, 5, 1, NULL, 1, NULL, 20, 2, 17, '2016-10-22 15:38:11', 360.00, 381.60, 382.00, 0.00, -382.00, 0, 0.00, NULL, '2016-10-22 13:37:25', '2016-10-22 15:38:11', NULL),
(85, 5, 5, 1, NULL, 1, NULL, 21, 2, 17, '2016-10-22 15:39:41', 305.00, 323.30, 323.00, 0.00, -323.00, 0, 0.00, NULL, '2016-10-22 13:37:43', '2016-10-22 15:39:41', NULL),
(86, 5, 5, 1, NULL, 1, NULL, 23, 2, 17, '2016-10-22 15:37:55', 130.00, 137.80, 138.00, 0.00, -138.00, 0, 0.00, NULL, '2016-10-22 13:37:55', NULL, NULL),
(88, 5, 5, 1, NULL, 1, NULL, 27, 2, 17, '2016-10-22 15:43:24', 150.00, 159.00, 159.00, 0.00, -159.00, 0, 0.00, NULL, '2016-10-22 13:43:24', NULL, NULL),
(89, 5, 5, 1, NULL, 1, NULL, 21, 1, 17, '2016-10-22 15:58:55', 285.00, 302.10, 302.00, 0.00, -302.00, 0, 0.00, NULL, '2016-10-22 13:58:44', '2016-10-22 15:58:55', NULL),
(90, 5, 5, 1, NULL, 1, NULL, 26, 2, 17, '2016-10-22 16:00:43', 605.00, 641.30, 641.00, 0.00, -641.00, 0, 0.00, NULL, '2016-10-22 13:59:08', '2016-10-22 16:00:43', NULL),
(92, 5, 5, 1, NULL, 1, NULL, 29, 2, 17, '2016-10-22 16:12:42', 100.00, 106.00, 106.00, 0.00, -106.00, 0, 0.00, NULL, '2016-10-22 14:12:42', NULL, NULL),
(93, 5, 5, 1, NULL, 1, NULL, 29, 2, 17, '2016-10-22 16:12:52', 270.00, 286.20, 286.00, 0.00, -286.00, 0, 0.00, NULL, '2016-10-22 14:12:52', NULL, NULL),
(94, 5, 5, 1, NULL, 1, NULL, 29, 2, 17, '2016-10-22 16:13:00', 465.00, 492.90, 493.00, 0.00, -493.00, 0, 0.00, NULL, '2016-10-22 14:13:00', NULL, NULL),
(95, 5, 5, 1, NULL, 1, NULL, 31, 4, 17, '2016-10-22 16:17:36', 1070.00, 1134.20, 1134.00, 0.00, -1134.00, 0, 0.00, NULL, '2016-10-22 14:15:24', '2016-10-22 16:17:36', NULL),
(96, 5, 5, 1, NULL, 1, NULL, 21, 4, 17, '2016-10-22 16:18:49', 410.00, 434.60, 435.00, 0.00, -435.00, 0, 0.00, NULL, '2016-10-22 14:18:41', '2016-10-22 16:18:49', NULL),
(97, 5, 5, 1, NULL, 1, NULL, 30, 2, 8, '2016-10-22 16:19:28', 240.00, 254.40, 254.00, 0.00, -254.00, 0, 0.00, NULL, '2016-10-22 14:19:28', NULL, NULL),
(98, 5, 5, 1, NULL, 1, NULL, 29, 2, 17, '2016-10-22 16:28:53', 180.00, 190.80, 191.00, 0.00, -191.00, 0, 0.00, NULL, '2016-10-22 14:28:53', NULL, NULL),
(99, 5, 5, 1, NULL, 1, NULL, 22, 2, 8, '2016-10-22 16:29:55', 280.00, 296.80, 297.00, 0.00, -297.00, 0, 0.00, NULL, '2016-10-22 14:29:28', '2016-10-22 16:29:55', NULL),
(100, 5, 5, 1, NULL, 1, NULL, 56, 4, 8, '2016-10-22 16:37:04', 1070.00, 1134.20, 1134.00, 0.00, -1134.00, 0, 0.00, NULL, '2016-10-22 14:35:29', '2016-10-22 16:37:04', NULL),
(101, 5, 5, 1, NULL, 1, NULL, 43, 2, 8, '2016-10-22 16:52:56', 860.00, 911.60, 912.00, 0.00, -912.00, 0, 0.00, NULL, '2016-10-22 14:37:55', '2016-10-22 16:52:56', NULL),
(102, 5, 5, 1, NULL, 1, NULL, 52, 2, 17, '2016-10-22 17:13:04', 480.00, 508.80, 509.00, 0.00, -509.00, 0, 0.00, NULL, '2016-10-22 14:41:37', '2016-10-22 17:13:04', NULL),
(103, 5, 5, 1, NULL, 1, NULL, 51, 2, 17, '2016-10-22 17:13:29', 400.00, 424.00, 424.00, 0.00, -424.00, 0, 0.00, NULL, '2016-10-22 14:42:11', '2016-10-22 17:13:29', NULL),
(104, 5, 5, 1, NULL, 1, NULL, 44, 2, 8, '2016-10-22 16:42:28', 280.00, 296.80, 297.00, 0.00, -297.00, 0, 0.00, NULL, '2016-10-22 14:42:28', NULL, NULL),
(105, 5, 5, 1, NULL, 1, NULL, 42, 2, 8, '2016-10-22 16:48:38', 470.00, 498.20, 498.00, 0.00, -498.00, 0, 0.00, NULL, '2016-10-22 14:48:13', '2016-10-22 16:48:38', NULL),
(106, 5, 5, 1, NULL, 1, NULL, 45, 2, 8, '2016-10-22 16:53:18', 335.00, 355.10, 355.00, 0.00, -355.00, 0, 0.00, NULL, '2016-10-22 14:53:11', '2016-10-22 16:53:18', NULL),
(107, 5, 5, 1, NULL, 1, NULL, 48, 2, 17, '2016-10-22 17:01:23', 400.00, 424.00, 424.00, 0.00, -424.00, 0, 0.00, NULL, '2016-10-22 15:01:16', '2016-10-22 17:01:23', NULL),
(108, 5, 5, 1, NULL, 1, NULL, 49, 6, 8, '2016-10-22 17:02:10', 750.00, 795.00, 795.00, 0.00, -795.00, 0, 0.00, NULL, '2016-10-22 15:01:44', '2016-10-22 17:02:10', NULL),
(109, 5, 5, 1, NULL, 1, NULL, 50, 2, 17, '2016-10-22 17:02:53', 500.00, 530.00, 530.00, 0.00, -530.00, 0, 0.00, NULL, '2016-10-22 15:02:35', '2016-10-22 17:02:53', NULL),
(110, 5, 5, 1, NULL, 1, NULL, 54, 2, 8, '2016-10-22 17:03:45', 1635.00, 1733.10, 1733.00, 0.00, -1733.00, 0, 0.00, NULL, '2016-10-22 15:03:09', '2016-10-22 17:03:45', NULL),
(111, 5, 5, 1, NULL, 1, NULL, 55, 4, 8, '2016-10-22 17:11:53', 510.00, 540.60, 541.00, 0.00, -541.00, 0, 0.00, NULL, '2016-10-22 15:11:53', NULL, NULL),
(112, 5, 5, 1, NULL, 1, NULL, 47, 5, 17, '2016-10-22 17:27:10', 945.00, 1001.70, 1002.00, 0.00, -1002.00, 0, 0.00, NULL, '2016-10-22 15:13:43', '2016-10-22 17:27:10', NULL),
(113, 5, 5, 1, NULL, 1, NULL, 51, 2, 17, '2016-10-22 18:53:08', 165.00, 174.90, 175.00, 0.00, -175.00, 0, 0.00, NULL, '2016-10-22 16:50:37', '2016-10-22 18:53:08', NULL),
(114, 5, 5, 1, NULL, 1, NULL, 54, 2, 17, '2016-10-22 19:01:32', 465.00, 492.90, 493.00, 0.00, -493.00, 0, 0.00, NULL, '2016-10-22 17:00:13', '2016-10-22 19:01:32', NULL),
(115, 5, 5, 1, NULL, 1, NULL, 45, 2, 16, '2016-10-22 19:46:08', 725.00, 768.50, 769.00, 0.00, -768.00, 0, 0.00, NULL, '2016-10-22 17:46:08', NULL, NULL),
(116, 5, 5, 1, NULL, 1, NULL, 43, 2, 16, '2016-10-22 19:47:13', 1350.00, 1431.00, 1431.00, 0.00, -1431.00, 0, 0.00, NULL, '2016-10-22 17:47:02', '2016-10-22 19:47:13', NULL),
(117, 5, 5, 1, NULL, 1, NULL, 42, 10, 8, '2016-10-22 21:00:12', 15850.00, 16801.00, 16801.00, 17000.00, 199.00, 0, 0.00, NULL, '2016-10-22 19:00:06', '2016-10-22 21:00:27', NULL),
(118, 5, 5, 1, NULL, 1, NULL, 51, 10, 17, '2016-10-22 21:03:14', 1050.00, 1113.00, 1113.00, 0.00, -1113.00, 0, 0.00, NULL, '2016-10-22 19:03:14', NULL, NULL),
(119, 5, 5, 1, NULL, 1, NULL, 45, 4, 8, '2016-10-23 16:15:13', 13175.00, 13175.00, 13175.00, 0.00, -9999.99, 0, 0.00, NULL, '2016-10-23 14:14:58', '2016-10-23 16:15:13', NULL),
(120, 5, 5, 1, NULL, 1, NULL, 55, 2, 16, '2016-10-23 16:22:34', 730.00, 773.80, 774.00, 0.00, -774.00, 0, 0.00, NULL, '2016-10-23 14:22:11', '2016-10-23 16:22:34', NULL),
(121, 5, 5, 1, NULL, 1, NULL, 42, 2, 16, '2016-10-23 16:23:15', 460.00, 487.60, 488.00, 0.00, -488.00, 0, 0.00, NULL, '2016-10-23 14:23:09', '2016-10-23 16:23:15', NULL),
(122, 5, 0, 1, '2', 1, '', 46, 8, 17, '2016-10-26 07:52:04', 890.00, 943.40, 943.00, 0.00, -943.00, 0, 0.00, NULL, '2016-10-26 05:50:07', '2016-10-26 07:52:04', NULL),
(123, 5, 0, 1, '3', 1, '', 49, 1, 8, '2016-10-26 07:54:44', 275.00, 291.50, 292.00, 0.00, -291.00, 0, 0.00, NULL, '2016-10-26 05:54:16', '2016-10-26 07:54:44', NULL),
(124, 5, 0, 1, '4', 1, '', 48, 1, 8, '2016-10-26 07:55:32', 180.00, 1049.40, 1049.00, 0.00, -1049.00, 0, 0.00, NULL, '2016-10-26 05:55:21', '2016-10-26 07:55:57', NULL),
(125, 6, 4, 1, '2', 1, '', 32, 5, 18, '2016-10-26 17:41:00', 235.00, 235.00, 235.00, 0.00, -235.00, 0, 0.00, NULL, '2016-10-26 15:40:42', '2016-10-26 17:41:20', NULL),
(126, 6, 4, 1, '3', 1, '', 33, 2, 18, '2016-10-26 17:41:47', 199.00, 199.00, 199.00, 0.00, -199.00, 0, 0.00, NULL, '2016-10-26 15:41:47', NULL, NULL),
(127, 6, 4, 1, '4', 1, '', 34, 6, 18, '2016-10-26 17:42:11', 900.00, 900.00, 900.00, 0.00, -900.00, 0, 0.00, NULL, '2016-10-26 15:42:11', '2016-10-26 17:42:19', NULL),
(128, 6, 4, 1, '5', 1, '', 35, 6, 18, '2016-10-26 17:42:25', 1850.00, 1850.00, 1850.00, 0.00, -1850.00, 0, 0.00, NULL, '2016-10-26 15:42:25', NULL, NULL),
(129, 6, 4, 1, '6', 1, '', 37, 1, 18, '2016-10-26 17:42:42', 1500.00, 1500.00, 1500.00, 0.00, -1500.00, 0, 0.00, NULL, '2016-10-26 15:42:42', NULL, NULL);

-- --------------------------------------------------------

--
-- Table structure for table `order_detail_live`
--

CREATE TABLE IF NOT EXISTS `order_detail_live` (
`order_id_live` int(11) NOT NULL,
  `order_id` int(11) NOT NULL,
  `table_detail_id` int(11) DEFAULT NULL
) ENGINE=InnoDB AUTO_INCREMENT=75 DEFAULT CHARSET=latin1;

--
-- Dumping data for table `order_detail_live`
--

INSERT INTO `order_detail_live` (`order_id_live`, `order_id`, `table_detail_id`) VALUES
(40, 95, 31),
(41, 96, 21),
(42, 97, 30),
(43, 98, 29),
(44, 99, 22),
(66, 121, 42),
(74, 129, 37);

-- --------------------------------------------------------

--
-- Table structure for table `order_discount`
--

CREATE TABLE IF NOT EXISTS `order_discount` (
`order_discount_id` int(11) NOT NULL,
  `order_id` int(11) NOT NULL,
  `discount_percentage` double(3,2) DEFAULT NULL
) ENGINE=InnoDB DEFAULT CHARSET=latin1;

-- --------------------------------------------------------

--
-- Table structure for table `order_items`
--

CREATE TABLE IF NOT EXISTS `order_items` (
`order_item_id` int(11) NOT NULL,
  `order_id` int(11) NOT NULL,
  `product_id` int(11) NOT NULL,
  `quantity` double(10,2) NOT NULL,
  `price` double(10,2) DEFAULT NULL,
  `created` timestamp NOT NULL DEFAULT CURRENT_TIMESTAMP,
  `updated` datetime DEFAULT NULL,
  `deleted` datetime DEFAULT NULL
) ENGINE=InnoDB AUTO_INCREMENT=245 DEFAULT CHARSET=latin1;

--
-- Dumping data for table `order_items`
--

INSERT INTO `order_items` (`order_item_id`, `order_id`, `product_id`, `quantity`, `price`, `created`, `updated`, `deleted`) VALUES
(1, 1, 37, 1.00, 40.00, '2016-10-17 13:56:36', NULL, NULL),
(2, 1, 109, 1.00, 210.00, '2016-10-17 13:57:17', NULL, NULL),
(3, 1, 88, 1.00, 220.00, '2016-10-17 13:58:32', NULL, NULL),
(4, 1, 95, 1.00, 220.00, '2016-10-17 13:58:47', NULL, NULL),
(5, 1, 65, 1.00, 120.00, '2016-10-17 13:58:56', NULL, NULL),
(6, 1, 40, 1.00, 100.00, '2016-10-17 13:59:15', NULL, NULL),
(7, 2, 100, 2.00, 220.00, '2016-10-17 14:03:25', NULL, NULL),
(8, 3, 21, 1.00, 130.00, '2016-10-17 14:09:36', '2016-10-17 16:11:05', NULL),
(9, 4, 93, 2.00, 230.00, '2016-10-17 14:13:34', NULL, NULL),
(10, 4, 152, 1.00, 200.00, '2016-10-17 14:13:49', NULL, NULL),
(11, 4, 148, 1.00, 120.00, '2016-10-17 14:13:58', NULL, NULL),
(12, 4, 160, 1.00, 50.00, '2016-10-17 14:14:14', NULL, NULL),
(13, 4, 22, 1.00, 110.00, '2016-10-17 14:14:36', NULL, NULL),
(14, 5, 88, 1.00, 220.00, '2016-10-17 14:18:07', NULL, NULL),
(15, 5, 15, 1.00, 80.00, '2016-10-17 14:18:27', NULL, NULL),
(16, 5, 47, 1.00, 80.00, '2016-10-17 14:18:47', NULL, NULL),
(17, 5, 22, 1.00, 110.00, '2016-10-17 14:18:57', NULL, NULL),
(18, 6, 107, 2.00, 190.00, '2016-10-17 14:50:28', '2016-10-17 16:51:24', NULL),
(19, 6, 47, 2.00, 80.00, '2016-10-17 14:50:44', '2016-10-17 16:51:50', NULL),
(20, 6, 35, 2.00, 75.00, '2016-10-17 14:52:07', NULL, NULL),
(25, 8, 121, 1.00, 195.00, '2016-10-17 14:55:27', NULL, NULL),
(26, 8, 117, 1.00, 210.00, '2016-10-17 14:55:40', NULL, NULL),
(27, 9, 145, 2.00, 230.00, '2016-10-17 14:58:31', NULL, NULL),
(28, 9, 130, 1.00, 190.00, '2016-10-17 14:58:43', NULL, NULL),
(29, 9, 139, 1.00, 275.00, '2016-10-17 14:59:06', NULL, NULL),
(30, 9, 164, 3.00, 45.00, '2016-10-17 14:59:30', NULL, NULL),
(34, 10, 164, 2.00, 45.00, '2016-10-18 09:06:46', NULL, NULL),
(35, 10, 94, 1.00, 220.00, '2016-10-18 09:07:20', NULL, NULL),
(36, 10, 142, 1.00, 230.00, '2016-10-18 09:07:45', NULL, NULL),
(40, 14, 164, 1.00, 45.00, '2016-10-18 09:17:20', NULL, NULL),
(41, 14, 15, 1.00, 80.00, '2016-10-18 09:17:34', NULL, NULL),
(42, 14, 154, 1.00, 130.00, '2016-10-18 09:17:44', NULL, NULL),
(44, 14, 33, 1.00, 105.00, '2016-10-18 09:19:34', NULL, NULL),
(45, 22, 77, 1.00, 160.00, '2016-10-18 09:23:12', NULL, NULL),
(46, 22, 15, 1.00, 80.00, '2016-10-18 09:23:28', NULL, NULL),
(47, 22, 114, 10.00, 165.00, '2016-10-18 09:23:38', NULL, NULL),
(48, 22, 69, 10.00, 150.00, '2016-10-18 09:25:20', NULL, NULL),
(49, 23, 15, 10.00, 80.00, '2016-10-18 09:28:32', NULL, NULL),
(50, 24, 16, 7.00, 120.00, '2016-10-18 09:28:47', '2016-10-18 11:36:01', NULL),
(51, 23, 154, 10.00, 130.00, '2016-10-18 09:29:02', NULL, NULL),
(53, 25, 16, 2.00, 120.00, '2016-10-18 09:35:48', NULL, NULL),
(54, 26, 17, 1.00, 120.00, '2016-10-18 13:28:49', NULL, NULL),
(55, 27, 17, 23.00, 120.00, '2016-10-18 18:31:01', '2016-10-18 20:31:26', NULL),
(56, 28, 17, 1.00, 120.00, '2016-10-18 18:31:15', NULL, NULL),
(57, 27, 16, 134.00, 120.00, '2016-10-18 18:31:31', NULL, NULL),
(58, 29, 18, 1.00, 120.00, '2016-10-18 18:37:07', NULL, NULL),
(61, 31, 16, 3.00, 120.00, '2016-10-19 08:08:11', '2016-10-19 10:09:21', NULL),
(62, 30, 69, 1.00, 150.00, '2016-10-19 08:08:39', NULL, NULL),
(63, 32, 47, 2.00, 80.00, '2016-10-19 08:20:45', NULL, NULL),
(64, 32, 65, 1.00, 120.00, '2016-10-19 08:20:58', NULL, NULL),
(65, 32, 118, 1.00, 150.00, '2016-10-19 08:21:35', NULL, NULL),
(66, 32, 169, 1.00, 165.00, '2016-10-19 08:21:54', NULL, NULL),
(67, 33, 17, 2.00, 120.00, '2016-10-19 09:14:49', NULL, NULL),
(68, 34, 17, 1.00, 120.00, '2016-10-19 09:18:00', NULL, NULL),
(69, 35, 94, 3.00, 220.00, '2016-10-19 09:23:02', NULL, NULL),
(70, 36, 16, 10.00, 120.00, '2016-10-19 10:22:56', NULL, NULL),
(71, 36, 69, 5.00, 150.00, '2016-10-19 10:23:13', NULL, NULL),
(72, 37, 147, 6.00, 130.00, '2016-10-20 07:23:59', '2016-10-20 09:24:43', NULL),
(73, 37, 43, 2.00, 100.00, '2016-10-20 07:24:11', NULL, NULL),
(74, 38, 38, 5.00, 140.00, '2016-10-20 07:25:24', NULL, NULL),
(75, 39, 39, 5.00, 100.00, '2016-10-20 09:24:30', NULL, NULL),
(76, 39, 38, 5.00, 140.00, '2016-10-20 09:26:41', NULL, NULL),
(77, 40, 38, 1.00, 140.00, '2016-10-20 12:25:08', NULL, NULL),
(78, 7, 38, 2.00, 140.00, '2016-10-20 12:29:50', '2016-10-20 14:32:21', NULL),
(79, 43, 17, 1.00, 120.00, '2016-10-20 13:38:03', NULL, NULL),
(80, 44, 17, 10.00, 120.00, '2016-10-20 18:44:16', NULL, NULL),
(81, 44, 18, 5.00, 120.00, '2016-10-20 18:44:23', NULL, NULL),
(82, 44, 28, 5.00, 155.00, '2016-10-20 18:44:30', NULL, NULL),
(83, 44, 21, 10.00, 130.00, '2016-10-20 18:44:34', NULL, NULL),
(84, 43, 49, 40.00, 110.00, '2016-10-20 18:44:56', NULL, NULL),
(85, 45, 23, 10.00, 135.00, '2016-10-20 18:45:19', NULL, NULL),
(86, 46, 36, 10.00, 40.00, '2016-10-20 18:45:57', NULL, NULL),
(87, 47, 28, 5.00, 155.00, '2016-10-21 04:33:20', NULL, NULL),
(88, 48, 28, 55.00, 155.00, '2016-10-21 04:38:13', NULL, NULL),
(89, 48, 19, 5.00, 120.00, '2016-10-21 04:38:35', NULL, NULL),
(90, 7, 28, 10.00, 155.00, '2016-10-21 07:06:14', NULL, NULL),
(91, 7, 29, 10.00, 155.00, '2016-10-21 07:06:27', NULL, NULL),
(92, 51, 28, 5.00, 155.00, '2016-10-21 07:13:18', NULL, NULL),
(93, 51, 20, 10.00, 120.00, '2016-10-21 07:13:27', NULL, NULL),
(94, 52, 23, 4.00, 135.00, '2016-10-21 07:39:54', NULL, NULL),
(95, 52, 49, 10.00, 110.00, '2016-10-21 07:40:00', NULL, NULL),
(96, 52, 16, 10.00, 120.00, '2016-10-21 07:40:05', NULL, NULL),
(97, 52, 19, 10.00, 120.00, '2016-10-21 07:40:11', NULL, NULL),
(98, 52, 88, 100.00, 220.00, '2016-10-21 07:40:42', NULL, NULL),
(99, 52, 131, 10.00, 215.00, '2016-10-21 07:41:00', NULL, NULL),
(100, 53, 23, 10.00, 135.00, '2016-10-21 07:43:18', NULL, NULL),
(101, 53, 25, 10.00, 140.00, '2016-10-21 07:43:25', NULL, NULL),
(102, 53, 44, 120.00, 100.00, '2016-10-21 07:43:33', NULL, NULL),
(103, 53, 38, 10.00, 140.00, '2016-10-21 07:43:44', NULL, NULL),
(104, 53, 55, 10.00, 150.00, '2016-10-21 07:43:54', NULL, NULL),
(105, 53, 28, 10.00, 155.00, '2016-10-21 07:44:01', NULL, NULL),
(106, 54, 16, 5.00, 120.00, '2016-10-21 07:50:26', NULL, NULL),
(107, 55, 16, 10.00, 120.00, '2016-10-21 07:51:16', NULL, NULL),
(108, 55, 26, 10.00, 140.00, '2016-10-21 07:51:23', NULL, NULL),
(109, 55, 18, 11.00, 120.00, '2016-10-21 07:51:28', '2016-10-21 09:51:47', NULL),
(110, 55, 28, 125.00, 155.00, '2016-10-21 07:52:00', NULL, NULL),
(111, 56, 18, 12.00, 120.00, '2016-10-21 07:52:53', NULL, NULL),
(112, 56, 21, 10.00, 130.00, '2016-10-21 07:53:05', NULL, NULL),
(113, 56, 19, 120.00, 120.00, '2016-10-21 07:53:10', NULL, NULL),
(114, 57, 18, 125.00, 120.00, '2016-10-21 07:54:35', NULL, NULL),
(115, 58, 18, 1.00, 120.00, '2016-10-21 07:57:24', NULL, NULL),
(116, 59, 47, 3.00, 80.00, '2016-10-21 08:34:18', NULL, NULL),
(117, 59, 154, 1.00, 130.00, '2016-10-21 08:34:34', NULL, NULL),
(122, 64, 178, 10.00, 35.00, '2016-10-21 13:15:20', NULL, NULL),
(124, 62, 178, 20.00, 35.00, '2016-10-21 13:16:46', '2016-10-21 15:17:01', NULL),
(125, 62, 180, 10.00, 75.00, '2016-10-21 13:17:14', NULL, NULL),
(126, 69, 181, 10.00, 75.00, '2016-10-21 13:18:13', NULL, NULL),
(127, 69, 61, 100.00, 125.00, '2016-10-21 13:18:55', NULL, NULL),
(128, 69, 19, 110.00, 120.00, '2016-10-21 13:21:17', NULL, NULL),
(129, 70, 187, 25.00, 30.00, '2016-10-21 13:21:48', '2016-10-21 15:22:05', NULL),
(130, 70, 178, 10.00, 35.00, '2016-10-21 13:21:55', NULL, NULL),
(131, 60, 187, 20.00, 30.00, '2016-10-21 13:22:49', '2016-10-21 15:23:04', NULL),
(132, 73, 138, 12.00, 275.00, '2016-10-21 13:41:23', NULL, NULL),
(133, 74, 138, 1.00, 275.00, '2016-10-21 14:10:43', NULL, NULL),
(134, 74, 79, 1.00, 180.00, '2016-10-21 14:53:31', NULL, NULL),
(135, 74, 28, 2.00, 155.00, '2016-10-21 14:53:52', NULL, NULL),
(136, 74, 90, 1.00, 240.00, '2016-10-21 14:54:00', NULL, NULL),
(137, 78, 154, 1.00, 130.00, '2016-10-21 14:55:46', NULL, NULL),
(138, 79, 181, 10.00, 75.00, '2016-10-21 17:06:53', NULL, NULL),
(139, 79, 178, 10.00, 35.00, '2016-10-21 17:07:02', NULL, NULL),
(142, 81, 124, 1.00, 185.00, '2016-10-22 10:49:30', NULL, NULL),
(145, 84, 79, 2.00, 180.00, '2016-10-22 13:37:26', '2016-10-22 15:38:11', NULL),
(146, 85, 151, 1.00, 150.00, '2016-10-22 13:37:44', NULL, NULL),
(147, 86, 154, 1.00, 130.00, '2016-10-22 13:37:55', NULL, NULL),
(149, 85, 28, 1.00, 155.00, '2016-10-22 13:39:41', NULL, NULL),
(150, 82, 118, 1.00, 150.00, '2016-10-22 13:43:24', NULL, NULL),
(151, 89, 154, 1.00, 130.00, '2016-10-22 13:58:44', NULL, NULL),
(152, 89, 29, 1.00, 155.00, '2016-10-22 13:58:55', NULL, NULL),
(153, 90, 108, 2.00, 185.00, '2016-10-22 13:59:08', '2016-10-22 15:59:26', NULL),
(155, 90, 41, 1.00, 105.00, '2016-10-22 13:59:57', NULL, NULL),
(156, 90, 154, 1.00, 130.00, '2016-10-22 14:00:43', NULL, NULL),
(157, 91, 40, 1.00, 100.00, '2016-10-22 14:12:42', NULL, NULL),
(158, 91, 71, 1.00, 170.00, '2016-10-22 14:12:52', NULL, NULL),
(159, 91, 72, 1.00, 195.00, '2016-10-22 14:13:00', NULL, NULL),
(160, 95, 124, 2.00, 185.00, '2016-10-22 14:15:25', '2016-10-22 16:15:36', NULL),
(161, 95, 136, 1.00, 190.00, '2016-10-22 14:16:48', NULL, NULL),
(162, 95, 108, 1.00, 185.00, '2016-10-22 14:17:05', NULL, NULL),
(163, 95, 73, 1.00, 185.00, '2016-10-22 14:17:31', NULL, NULL),
(164, 95, 38, 1.00, 140.00, '2016-10-22 14:17:37', NULL, NULL),
(165, 96, 124, 2.00, 185.00, '2016-10-22 14:18:41', NULL, NULL),
(166, 96, 37, 1.00, 40.00, '2016-10-22 14:18:49', NULL, NULL),
(167, 97, 65, 2.00, 120.00, '2016-10-22 14:19:28', NULL, NULL),
(168, 98, 79, 1.00, 180.00, '2016-10-22 14:28:53', NULL, NULL),
(170, 99, 67, 2.00, 140.00, '2016-10-22 14:29:55', NULL, NULL),
(171, 100, 124, 2.00, 185.00, '2016-10-22 14:35:29', NULL, NULL),
(172, 100, 136, 1.00, 190.00, '2016-10-22 14:36:39', NULL, NULL),
(173, 100, 108, 1.00, 185.00, '2016-10-22 14:36:48', NULL, NULL),
(174, 100, 73, 1.00, 185.00, '2016-10-22 14:36:57', NULL, NULL),
(175, 100, 38, 1.00, 140.00, '2016-10-22 14:37:05', NULL, NULL),
(176, 101, 124, 2.00, 185.00, '2016-10-22 14:37:56', NULL, NULL),
(177, 101, 37, 1.00, 40.00, '2016-10-22 14:38:01', NULL, NULL),
(179, 103, 79, 1.00, 180.00, '2016-10-22 14:42:11', NULL, NULL),
(180, 104, 67, 2.00, 140.00, '2016-10-22 14:42:28', NULL, NULL),
(181, 105, 99, 1.00, 220.00, '2016-10-22 14:48:13', NULL, NULL),
(182, 105, 91, 1.00, 250.00, '2016-10-22 14:48:38', NULL, NULL),
(183, 101, 97, 1.00, 220.00, '2016-10-22 14:52:49', NULL, NULL),
(184, 101, 140, 1.00, 230.00, '2016-10-22 14:52:56', NULL, NULL),
(185, 106, 122, 1.00, 165.00, '2016-10-22 14:53:11', NULL, NULL),
(186, 106, 120, 1.00, 170.00, '2016-10-22 14:53:18', NULL, NULL),
(187, 107, 88, 1.00, 220.00, '2016-10-22 15:01:16', NULL, NULL),
(188, 107, 79, 1.00, 180.00, '2016-10-22 15:01:24', NULL, NULL),
(189, 108, 87, 1.00, 175.00, '2016-10-22 15:01:45', NULL, NULL),
(190, 108, 67, 2.00, 140.00, '2016-10-22 15:01:54', NULL, NULL),
(191, 108, 164, 1.00, 45.00, '2016-10-22 15:02:02', NULL, NULL),
(192, 108, 61, 2.00, 125.00, '2016-10-22 15:02:10', NULL, NULL),
(193, 109, 166, 1.00, 45.00, '2016-10-22 15:02:35', NULL, NULL),
(194, 109, 92, 1.00, 250.00, '2016-10-22 15:02:40', NULL, NULL),
(195, 109, 163, 2.00, 25.00, '2016-10-22 15:02:46', NULL, NULL),
(196, 109, 62, 1.00, 155.00, '2016-10-22 15:02:53', NULL, NULL),
(197, 110, 37, 1.00, 40.00, '2016-10-22 15:03:09', NULL, NULL),
(198, 110, 95, 1.00, 220.00, '2016-10-22 15:03:19', NULL, NULL),
(199, 110, 120, 2.00, 170.00, '2016-10-22 15:03:24', NULL, NULL),
(200, 110, 89, 1.00, 240.00, '2016-10-22 15:03:31', NULL, NULL),
(201, 110, 88, 1.00, 220.00, '2016-10-22 15:03:40', NULL, NULL),
(202, 110, 33, 1.00, 105.00, '2016-10-22 15:03:45', NULL, NULL),
(203, 111, 37, 1.00, 40.00, '2016-10-22 15:11:53', NULL, NULL),
(204, 102, 91, 1.00, 250.00, '2016-10-22 15:12:13', NULL, NULL),
(205, 102, 144, 1.00, 230.00, '2016-10-22 15:13:05', NULL, NULL),
(206, 103, 100, 1.00, 220.00, '2016-10-22 15:13:30', NULL, NULL),
(207, 112, 40, 1.00, 100.00, '2016-10-22 15:13:43', NULL, NULL),
(208, 112, 38, 2.00, 140.00, '2016-10-22 15:13:51', '2016-10-22 17:27:11', NULL),
(209, 112, 80, 1.00, 205.00, '2016-10-22 15:14:06', NULL, NULL),
(211, 112, 121, 1.00, 195.00, '2016-10-22 15:26:43', NULL, NULL),
(212, 112, 68, 1.00, 165.00, '2016-10-22 15:26:51', NULL, NULL),
(213, 113, 37, 1.00, 40.00, '2016-10-22 16:50:37', NULL, NULL),
(215, 113, 53, 1.00, 125.00, '2016-10-22 16:53:08', NULL, NULL),
(216, 114, 93, 1.00, 230.00, '2016-10-22 17:00:13', NULL, NULL),
(217, 114, 55, 1.00, 150.00, '2016-10-22 17:01:16', NULL, NULL),
(218, 114, 182, 1.00, 85.00, '2016-10-22 17:01:32', NULL, NULL),
(219, 115, 150, 2.00, 200.00, '2016-10-22 17:46:08', NULL, NULL),
(220, 116, 138, 2.00, 275.00, '2016-10-22 17:47:02', NULL, NULL),
(221, 116, 150, 4.00, 200.00, '2016-10-22 17:47:06', '2016-10-22 19:47:13', NULL),
(222, 117, 182, 10.00, 85.00, '2016-10-22 19:00:06', NULL, NULL),
(223, 117, 157, 120.00, 125.00, '2016-10-22 19:00:13', NULL, NULL),
(224, 118, 75, 10.00, 105.00, '2016-10-22 19:03:15', NULL, NULL),
(225, 119, 182, 155.00, 85.00, '2016-10-23 14:14:59', '2016-10-23 16:15:13', NULL),
(226, 120, 93, 2.00, 230.00, '2016-10-23 14:22:11', NULL, NULL),
(227, 120, 120, 1.00, 170.00, '2016-10-23 14:22:27', NULL, NULL),
(228, 120, 40, 1.00, 100.00, '2016-10-23 14:22:34', NULL, NULL),
(229, 121, 67, 2.00, 140.00, '2016-10-23 14:23:09', NULL, NULL),
(230, 121, 79, 1.00, 180.00, '2016-10-23 14:23:15', NULL, NULL),
(231, 122, 122, 1.00, 165.00, '2016-10-26 05:50:08', NULL, NULL),
(232, 122, 87, 1.00, 175.00, '2016-10-26 05:50:44', NULL, NULL),
(233, 122, 139, 3.00, 275.00, '2016-10-26 05:51:32', '2016-10-26 07:52:05', NULL),
(234, 123, 87, 1.00, 175.00, '2016-10-26 05:54:16', NULL, NULL),
(235, 123, 85, 1.00, 20.00, '2016-10-26 05:54:33', NULL, NULL),
(236, 123, 176, 1.00, 80.00, '2016-10-26 05:54:44', NULL, NULL),
(237, 124, 184, 10.00, 90.00, '2016-10-26 05:55:22', '2016-10-26 07:55:57', NULL),
(238, 124, 185, 1.00, 90.00, '2016-10-26 05:55:32', NULL, NULL),
(239, 125, 303, 1.00, 150.00, '2016-10-26 15:40:43', '2016-10-26 17:41:20', NULL),
(240, 125, 188, 1.00, 85.00, '2016-10-26 15:41:00', NULL, NULL),
(241, 126, 261, 1.00, 199.00, '2016-10-26 15:41:48', NULL, NULL),
(242, 127, 190, 10.00, 90.00, '2016-10-26 15:42:12', NULL, NULL),
(243, 128, 267, 10.00, 185.00, '2016-10-26 15:42:27', NULL, NULL),
(244, 129, 303, 10.00, 150.00, '2016-10-26 15:42:48', NULL, NULL);

-- --------------------------------------------------------

--
-- Table structure for table `order_items_live`
--

CREATE TABLE IF NOT EXISTS `order_items_live` (
`order_item_live_id` int(11) NOT NULL,
  `order_id` int(11) NOT NULL,
  `product_id` int(11) NOT NULL,
  `quantity` double(10,2) NOT NULL,
  `price` double(10,2) DEFAULT NULL,
  `created` timestamp NOT NULL DEFAULT CURRENT_TIMESTAMP,
  `updated` datetime DEFAULT NULL,
  `deleted` datetime DEFAULT NULL
) ENGINE=InnoDB DEFAULT CHARSET=latin1;

-- --------------------------------------------------------

--
-- Table structure for table `order_tax`
--

CREATE TABLE IF NOT EXISTS `order_tax` (
`order_tax_id` int(11) NOT NULL,
  `order_id` int(11) NOT NULL COMMENT 'ref from order tbl',
  `tax_id` int(11) NOT NULL COMMENT 'ref from tax_main tbl',
  `tax_percent` double(10,2) NOT NULL
) ENGINE=InnoDB AUTO_INCREMENT=293 DEFAULT CHARSET=utf8;

--
-- Dumping data for table `order_tax`
--

INSERT INTO `order_tax` (`order_tax_id`, `order_id`, `tax_id`, `tax_percent`) VALUES
(1, 1, 12, 5.60),
(2, 1, 13, 0.40),
(3, 1, 12, 5.60),
(4, 1, 13, 0.40),
(5, 1, 12, 5.60),
(6, 1, 13, 0.40),
(7, 1, 12, 5.60),
(8, 1, 13, 0.40),
(9, 1, 12, 5.60),
(10, 1, 13, 0.40),
(11, 1, 12, 5.60),
(12, 1, 13, 0.40),
(13, 2, 12, 5.60),
(14, 2, 13, 0.40),
(15, 3, 12, 5.60),
(16, 3, 13, 0.40),
(17, 4, 12, 5.60),
(18, 4, 13, 0.40),
(19, 4, 12, 5.60),
(20, 4, 13, 0.40),
(21, 4, 12, 5.60),
(22, 4, 13, 0.40),
(23, 4, 12, 5.60),
(24, 4, 13, 0.40),
(25, 4, 12, 5.60),
(26, 4, 13, 0.40),
(27, 5, 12, 5.60),
(28, 5, 13, 0.40),
(29, 5, 12, 5.60),
(30, 5, 13, 0.40),
(31, 5, 12, 5.60),
(32, 5, 13, 0.40),
(33, 5, 12, 5.60),
(34, 5, 13, 0.40),
(35, 6, 12, 5.60),
(36, 6, 13, 0.40),
(37, 6, 12, 5.60),
(38, 6, 13, 0.40),
(39, 6, 12, 5.60),
(40, 6, 13, 0.40),
(41, 6, 12, 5.60),
(42, 6, 13, 0.40),
(43, 6, 12, 5.60),
(44, 6, 13, 0.40),
(45, 6, 12, 5.60),
(46, 6, 13, 0.40),
(47, 7, 12, 5.60),
(48, 7, 13, 0.40),
(49, 7, 12, 5.60),
(50, 7, 13, 0.40),
(51, 7, 12, 5.60),
(52, 7, 13, 0.40),
(53, 7, 12, 5.60),
(54, 7, 13, 0.40),
(55, 8, 12, 5.60),
(56, 8, 13, 0.40),
(57, 8, 12, 5.60),
(58, 8, 13, 0.40),
(59, 9, 12, 5.60),
(60, 9, 13, 0.40),
(61, 9, 12, 5.60),
(62, 9, 13, 0.40),
(63, 9, 12, 5.60),
(64, 9, 13, 0.40),
(65, 9, 12, 5.60),
(66, 9, 13, 0.40),
(67, 10, 12, 5.60),
(68, 10, 13, 0.40),
(69, 10, 12, 5.60),
(70, 10, 13, 0.40),
(71, 10, 12, 5.60),
(72, 10, 13, 0.40),
(73, 10, 12, 5.60),
(74, 10, 13, 0.40),
(75, 10, 12, 5.60),
(76, 10, 13, 0.40),
(77, 10, 12, 5.60),
(78, 10, 13, 0.40),
(79, 14, 12, 5.60),
(80, 14, 13, 0.40),
(81, 14, 12, 5.60),
(82, 14, 13, 0.40),
(83, 14, 12, 5.60),
(84, 14, 13, 0.40),
(85, 14, 12, 5.60),
(86, 14, 13, 0.40),
(87, 14, 12, 5.60),
(88, 14, 13, 0.40),
(89, 14, 12, 5.60),
(90, 14, 13, 0.40),
(91, 14, 12, 5.60),
(92, 14, 13, 0.40),
(93, 14, 12, 5.60),
(94, 14, 13, 0.40),
(95, 22, 12, 5.60),
(96, 22, 13, 0.40),
(97, 22, 12, 5.60),
(98, 22, 13, 0.40),
(99, 22, 12, 5.60),
(100, 22, 13, 0.40),
(101, 22, 12, 5.60),
(102, 22, 13, 0.40),
(103, 23, 12, 5.60),
(104, 23, 13, 0.40),
(105, 24, 12, 5.60),
(106, 24, 13, 0.40),
(107, 23, 12, 5.60),
(108, 23, 13, 0.40),
(109, 24, 12, 5.60),
(110, 24, 13, 0.40),
(111, 24, 12, 5.60),
(112, 24, 13, 0.40),
(113, 24, 12, 5.60),
(114, 24, 13, 0.40),
(115, 24, 12, 5.60),
(116, 24, 13, 0.40),
(117, 25, 12, 5.60),
(118, 25, 13, 0.40),
(119, 24, 12, 5.60),
(120, 24, 13, 0.40),
(121, 26, 12, 5.60),
(122, 26, 13, 0.40),
(123, 27, 12, 5.60),
(124, 27, 13, 0.40),
(125, 28, 12, 5.60),
(126, 28, 13, 0.40),
(127, 27, 12, 5.60),
(128, 27, 13, 0.40),
(129, 27, 12, 5.60),
(130, 27, 13, 0.40),
(131, 29, 1, 4.00),
(132, 29, 5, 0.00),
(133, 30, 12, 5.60),
(134, 30, 13, 0.40),
(135, 31, 12, 5.60),
(136, 31, 13, 0.40),
(137, 30, 12, 5.60),
(138, 30, 13, 0.40),
(139, 31, 12, 5.60),
(140, 31, 13, 0.40),
(141, 32, 12, 5.60),
(142, 32, 13, 0.40),
(143, 32, 12, 5.60),
(144, 32, 13, 0.40),
(145, 32, 12, 5.60),
(146, 32, 13, 0.40),
(147, 32, 12, 5.60),
(148, 32, 13, 0.40),
(149, 33, 12, 5.60),
(150, 33, 13, 0.40),
(151, 34, 12, 5.60),
(152, 34, 13, 0.40),
(153, 35, 12, 5.60),
(154, 35, 13, 0.40),
(155, 36, 12, 5.60),
(156, 36, 13, 0.40),
(157, 36, 12, 5.60),
(158, 36, 13, 0.40),
(159, 37, 12, 5.60),
(160, 37, 13, 0.40),
(161, 38, 12, 5.60),
(162, 38, 13, 0.40),
(163, 39, 12, 5.60),
(164, 39, 13, 0.40),
(165, 40, 12, 5.60),
(166, 40, 13, 0.40),
(167, 43, 12, 5.60),
(168, 43, 13, 0.40),
(169, 44, 12, 5.60),
(170, 44, 13, 0.40),
(171, 45, 12, 5.60),
(172, 45, 13, 0.40),
(173, 46, 12, 5.60),
(174, 46, 13, 0.40),
(175, 47, 12, 5.60),
(176, 47, 13, 0.40),
(177, 48, 12, 5.60),
(178, 48, 13, 0.40),
(179, 51, 12, 5.60),
(180, 51, 13, 0.40),
(181, 52, 12, 5.60),
(182, 52, 13, 0.40),
(183, 53, 12, 5.60),
(184, 53, 13, 0.40),
(185, 54, 12, 5.60),
(186, 54, 13, 0.40),
(187, 55, 12, 5.60),
(188, 55, 13, 0.40),
(189, 56, 12, 5.60),
(190, 56, 13, 0.40),
(191, 57, 12, 5.60),
(192, 57, 13, 0.40),
(193, 58, 12, 5.60),
(194, 58, 13, 0.40),
(195, 59, 12, 5.60),
(196, 59, 13, 0.40),
(197, 60, 12, 5.60),
(198, 60, 13, 0.40),
(199, 61, 12, 5.60),
(200, 61, 13, 0.40),
(201, 62, 12, 5.60),
(202, 62, 13, 0.40),
(203, 64, 12, 5.60),
(204, 64, 13, 0.40),
(205, 69, 12, 5.60),
(206, 69, 13, 0.40),
(207, 70, 12, 5.60),
(208, 70, 13, 0.40),
(209, 73, 12, 5.60),
(210, 73, 13, 0.40),
(211, 74, 12, 5.60),
(212, 74, 13, 0.40),
(213, 78, 12, 5.60),
(214, 78, 13, 0.40),
(215, 79, 12, 5.60),
(216, 79, 13, 0.40),
(217, 81, 12, 5.60),
(218, 81, 13, 0.40),
(219, 82, 12, 5.60),
(220, 82, 13, 0.40),
(221, 84, 12, 5.60),
(222, 84, 13, 0.40),
(223, 85, 12, 5.60),
(224, 85, 13, 0.40),
(225, 86, 12, 5.60),
(226, 86, 13, 0.40),
(227, 87, 12, 5.60),
(228, 87, 13, 0.40),
(229, 89, 12, 5.60),
(230, 89, 13, 0.40),
(231, 90, 12, 5.60),
(232, 90, 13, 0.40),
(233, 91, 12, 5.60),
(234, 91, 13, 0.40),
(235, 95, 12, 5.60),
(236, 95, 13, 0.40),
(237, 96, 12, 5.60),
(238, 96, 13, 0.40),
(239, 97, 12, 5.60),
(240, 97, 13, 0.40),
(241, 98, 12, 5.60),
(242, 98, 13, 0.40),
(243, 99, 12, 5.60),
(244, 99, 13, 0.40),
(245, 100, 12, 5.60),
(246, 100, 13, 0.40),
(247, 101, 12, 5.60),
(248, 101, 13, 0.40),
(249, 102, 12, 5.60),
(250, 102, 13, 0.40),
(251, 103, 12, 5.60),
(252, 103, 13, 0.40),
(253, 104, 12, 5.60),
(254, 104, 13, 0.40),
(255, 105, 12, 5.60),
(256, 105, 13, 0.40),
(257, 106, 12, 5.60),
(258, 106, 13, 0.40),
(259, 107, 12, 5.60),
(260, 107, 13, 0.40),
(261, 108, 12, 5.60),
(262, 108, 13, 0.40),
(263, 109, 12, 5.60),
(264, 109, 13, 0.40),
(265, 110, 12, 5.60),
(266, 110, 13, 0.40),
(267, 111, 12, 5.60),
(268, 111, 13, 0.40),
(269, 112, 12, 5.60),
(270, 112, 13, 0.40),
(271, 113, 12, 5.60),
(272, 113, 13, 0.40),
(273, 114, 12, 5.60),
(274, 114, 13, 0.40),
(275, 115, 12, 5.60),
(276, 115, 13, 0.40),
(277, 116, 12, 5.60),
(278, 116, 13, 0.40),
(279, 117, 12, 5.60),
(280, 117, 13, 0.40),
(281, 118, 12, 5.60),
(282, 118, 13, 0.40),
(283, 120, 12, 5.60),
(284, 120, 13, 0.40),
(285, 121, 12, 5.60),
(286, 121, 13, 0.40),
(287, 122, 12, 5.60),
(288, 122, 13, 0.40),
(289, 123, 12, 5.60),
(290, 123, 13, 0.40),
(291, 124, 12, 5.60),
(292, 124, 13, 0.40);

-- --------------------------------------------------------

--
-- Table structure for table `product`
--

CREATE TABLE IF NOT EXISTS `product` (
`product_id` int(11) NOT NULL,
  `product_category_id` int(11) NOT NULL COMMENT 'reference from product_category table',
  `name` varchar(200) NOT NULL,
  `product_code` varchar(20) DEFAULT NULL,
  `unit` int(1) NOT NULL DEFAULT '0' COMMENT '0-none,1-kg,2-gm,3-l,4-ml',
  `image` varchar(255) DEFAULT NULL,
  `description` text,
  `price` double(10,2) NOT NULL,
  `created` timestamp NULL DEFAULT CURRENT_TIMESTAMP,
  `updated` datetime DEFAULT NULL,
  `deleted` datetime DEFAULT NULL
) ENGINE=InnoDB AUTO_INCREMENT=323 DEFAULT CHARSET=latin1;

--
-- Dumping data for table `product`
--

INSERT INTO `product` (`product_id`, `product_category_id`, `name`, `product_code`, `unit`, `image`, `description`, `price`, `created`, `updated`, `deleted`) VALUES
(15, 2, 'FRESH LIME SODA', '1', 4, NULL, 'FRESH LIME SODA', 80.00, '2016-10-04 12:58:24', '2016-10-04 15:08:12', '2016-10-20 11:19:11'),
(16, 9, 'MOSAMBI JUICE', '143', 4, NULL, 'ss', 120.00, '2016-10-04 13:01:59', '2016-10-20 12:27:17', NULL),
(17, 9, 'ORANGE JUICE', '144', 4, NULL, 'ZZ', 120.00, '2016-10-04 13:02:36', '2016-10-20 13:20:11', NULL),
(18, 9, 'PINEAPPLE JUICE', '142', 4, NULL, 'ss', 120.00, '2016-10-04 13:03:16', '2016-10-20 12:27:36', NULL),
(19, 9, 'APPLE JUICE', '2000', 4, NULL, 'Product is not available', 120.00, '2016-10-04 13:03:56', '2016-10-20 12:28:15', NULL),
(20, 9, 'GANGA JAMNA JUICE', '146', 4, NULL, 'ss', 120.00, '2016-10-04 13:04:30', '2016-10-20 12:28:32', NULL),
(21, 2, 'RASAM', '76', 4, NULL, 'ss', 130.00, '2016-10-04 13:05:21', '2016-10-20 12:29:04', NULL),
(22, 2, 'TOMATO SOUP', '28', 4, NULL, 'xx', 110.00, '2016-10-04 13:07:45', '2016-10-20 12:29:25', NULL),
(23, 2, 'COLD COFFEE', '103', 4, NULL, 'vv', 135.00, '2016-10-05 05:57:37', '2016-10-20 12:29:46', NULL),
(24, 2, 'COLD COFFEE WITH ICE CREAM', '102', 4, NULL, 'ss', 160.00, '2016-10-05 05:58:24', '2016-10-20 12:30:09', NULL),
(25, 2, 'CHOCOLATE MILK SHAKE', '123', 4, NULL, 'xxx', 140.00, '2016-10-05 05:59:44', '2016-10-20 12:30:39', NULL),
(26, 2, 'VANILLA MILK SHAKE', '122', 4, NULL, 'xx', 140.00, '2016-10-05 06:00:44', '2016-10-20 12:31:41', NULL),
(27, 2, 'STRAWBERRY MILK SHAKE', '140', 4, NULL, 'xx', 140.00, '2016-10-05 06:01:18', '2016-10-20 12:32:43', NULL),
(28, 2, 'PINACOLADA', '155', 4, NULL, 'xx', 155.00, '2016-10-05 06:02:04', '2016-10-20 12:34:40', NULL),
(29, 2, 'CARRIBEAN FRUIT PUNCH', '156', 4, NULL, 'xx', 155.00, '2016-10-05 06:03:07', '2016-10-20 12:35:13', NULL),
(30, 2, 'BLUE SEA SURFER', '157', 4, NULL, 'xx', 155.00, '2016-10-05 06:07:42', '2016-10-20 12:35:41', NULL),
(31, 2, 'LEMON LICHY FIZZ', '158', 4, NULL, 'xx', 155.00, '2016-10-05 06:08:40', '2016-10-20 12:36:03', NULL),
(32, 2, 'NEERMOR 2F CHHAS', '47', 4, NULL, 'x', 65.00, '2016-10-05 06:10:22', '2016-10-20 12:36:51', NULL),
(33, 2, 'LASSI', '46', 4, NULL, 'x', 105.00, '2016-10-05 06:14:00', '2016-10-20 12:37:33', NULL),
(34, 2, 'GINGER TEA', '38', 4, NULL, 'xx', 75.00, '2016-10-05 06:16:43', '2016-10-20 12:38:05', NULL),
(35, 2, 'FILTER COFFEE', '37', 4, NULL, 'zz', 75.00, '2016-10-05 06:17:12', '2016-10-20 12:38:33', NULL),
(36, 2, 'AERATED SOFT DRINK', '57', 4, NULL, 'xx', 40.00, '2016-10-05 06:17:43', '2016-10-20 12:39:02', NULL),
(37, 2, 'BOTTLED WATER', '95', 4, NULL, 'vv', 40.00, '2016-10-05 06:18:16', '2016-10-20 12:39:24', NULL),
(38, 10, 'CRISPY CHEESE IDLI', '213', 0, NULL, 'bb', 140.00, '2016-10-05 06:20:49', '2016-10-20 12:40:22', NULL),
(39, 10, 'CHIPS N CHIPS', '67', 0, NULL, 'xx', 100.00, '2016-10-05 06:24:16', '2016-10-20 12:40:45', NULL),
(40, 10, 'MASALA BOONDI', '82', 0, NULL, 'zz', 100.00, '2016-10-05 06:24:50', '2016-10-20 12:41:06', NULL),
(41, 10, 'THAYIR BOONDI', '65', 0, NULL, 'zz', 105.00, '2016-10-05 06:25:22', '2016-10-20 12:41:44', NULL),
(42, 10, 'VEGETABLE UPMA', '6', 0, NULL, 'z', 90.00, '2016-10-05 06:25:51', '2016-10-20 12:42:09', NULL),
(43, 10, 'SEVAI UPMA', '210', 0, NULL, 'm', 100.00, '2016-10-05 06:26:22', '2016-10-20 12:43:48', NULL),
(44, 10, 'TELANGANA ALOO', '212', 0, NULL, 'zz', 100.00, '2016-10-05 06:26:50', '2016-10-20 12:44:10', NULL),
(45, 10, 'ONION THOOL PAKORAS', '211', 0, NULL, 'cc', 100.00, '2016-10-05 06:27:18', '2016-10-20 12:44:28', NULL),
(46, 10, 'FRIED IDLI', '78', 0, NULL, 'xx', 120.00, '2016-10-05 06:27:41', '2016-10-20 12:44:49', NULL),
(47, 3, 'STEAMED IDLI', '3', 0, NULL, 'z', 80.00, '2016-10-05 06:39:28', '2016-10-20 12:45:09', NULL),
(48, 3, 'IDDLI LITTLES', '214', 0, NULL, 'f', 110.00, '2016-10-05 06:40:08', '2016-10-20 12:45:30', NULL),
(49, 3, 'BUTTER IDLI', '45', 0, NULL, 'h', 110.00, '2016-10-05 06:40:43', '2016-10-20 12:45:49', NULL),
(50, 3, 'THAYIR IDLI', '106', 0, NULL, 'k', 115.00, '2016-10-05 06:41:14', '2016-10-20 12:46:08', NULL),
(51, 3, 'RASAM IDLI', '119', 0, NULL, 'm', 135.00, '2016-10-05 06:41:41', '2016-10-20 12:46:30', NULL),
(52, 3, 'IDLI VADA', '63', 0, NULL, 'm', 115.00, '2016-10-05 06:42:06', '2016-10-20 12:47:06', NULL),
(53, 3, 'KANCHIPURAM IDLI', '62', 0, NULL, 'n', 125.00, '2016-10-05 06:42:50', '2016-10-20 12:47:45', NULL),
(54, 3, 'CAPSICORN IDLI', '7000', 0, NULL, 'vv', 150.00, '2016-10-05 06:43:33', '2016-10-20 12:49:35', NULL),
(55, 3, 'MASALA VEGETABLE IDLI', '216', 0, NULL, 'b', 150.00, '2016-10-05 06:44:06', '2016-10-20 12:48:07', NULL),
(56, 3, 'COCKTAIL RICE CAKES', '217', 0, NULL, 'n', 150.00, '2016-10-05 06:44:38', '2016-10-20 12:50:23', NULL),
(57, 3, 'ACHARI RICE CAKES', '218', 0, NULL, 'm', 150.00, '2016-10-05 06:45:06', '2016-10-20 12:50:58', NULL),
(58, 3, 'CHETTINAD RICE CAKES', '219', 0, NULL, 'vv', 150.00, '2016-10-05 06:45:41', '2016-10-20 12:51:25', NULL),
(59, 3, 'NILGIRI RICE CAKES', '220', 0, NULL, 'n', 150.00, '2016-10-05 06:46:10', '2016-10-20 12:51:59', NULL),
(60, 3, 'VAGHAR IDLI', '215', 0, NULL, 'j', 150.00, '2016-10-05 06:46:41', '2016-10-20 12:52:23', NULL),
(61, 4, 'MEDU VADA', '5', 0, NULL, 'll', 125.00, '2016-10-05 06:47:07', '2016-10-20 12:52:57', NULL),
(62, 4, 'RASAM VADA', '107', 0, NULL, 'j', 155.00, '2016-10-05 06:47:28', '2016-10-20 12:53:20', NULL),
(63, 4, 'THAYIR VADA', '21', 0, NULL, 'j', 150.00, '2016-10-05 06:47:53', '2016-10-20 12:53:51', NULL),
(64, 4, 'ONION VADA', '112', 0, NULL, 'g', 150.00, '2016-10-05 06:48:17', '2016-10-20 12:54:22', NULL),
(65, 1, 'GOLDEN CRISP PLAIN', '7', 0, NULL, 'g', 120.00, '2016-10-05 09:44:59', '2016-10-20 12:54:51', NULL),
(66, 1, 'GOLDEN CRISP PLAIN BT', '7.5', 0, NULL, 'K', 145.00, '2016-10-05 09:55:11', '2016-10-20 12:56:07', NULL),
(67, 1, 'GOLDEN CRISP MASALA', '8', 0, NULL, 'H', 140.00, '2016-10-05 09:55:58', '2016-10-20 12:56:38', NULL),
(68, 1, 'GOLDEN CRISP MASALA BT', '8.5', 0, NULL, 'G', 165.00, '2016-10-05 09:56:36', '2016-10-20 12:58:05', NULL),
(69, 1, 'ONION DOSA PLAIN', '113', 0, NULL, 'H', 150.00, '2016-10-05 09:59:42', '2016-10-20 12:58:34', NULL),
(70, 1, 'ONION DOSA PLAIN BT', '113*', 0, NULL, 'B', 175.00, '2016-10-05 10:03:59', '2016-10-20 12:59:19', NULL),
(71, 1, 'ONION MASALA DOSA', '114', 0, NULL, 'B', 170.00, '2016-10-05 10:06:23', '2016-10-20 12:59:50', NULL),
(72, 1, 'ONION MASALA DOSA BT', '114*', 0, NULL, 'B', 195.00, '2016-10-05 10:07:08', '2016-10-20 13:00:18', NULL),
(73, 1, 'SUPER PAPER DOSA PLAIN', '9', 0, NULL, 'M', 185.00, '2016-10-05 10:09:48', '2016-10-20 13:00:52', NULL),
(74, 1, 'SUPER PAPER DOSA PLAIN BT', '9.5', 0, NULL, 'B', 110.00, '2016-10-05 10:10:20', '2016-10-20 13:01:28', NULL),
(75, 1, 'SUPER PAPER MASALA DOSA', '10', 0, NULL, 'B', 105.00, '2016-10-05 10:11:46', '2016-10-20 13:02:25', NULL),
(76, 1, 'SUPER PAPER MASALA DOSA BT', '10.5', 0, NULL, 'N', 130.00, '2016-10-05 10:13:34', '2016-10-20 13:03:00', NULL),
(77, 1, 'MYSORE CHATPATA DOSA PLAIN', '80', 0, NULL, 'X', 160.00, '2016-10-05 10:29:53', '2016-10-20 13:07:37', NULL),
(78, 1, 'MYSORE CHATPATA DOSA PLAIN BT', '80.5', 0, NULL, 'B', 185.00, '2016-10-05 10:31:12', '2016-10-20 13:08:24', NULL),
(79, 1, 'MYSORE CHATPATA MASALA DOSA', '81', 0, NULL, 'X', 180.00, '2016-10-05 10:32:05', '2016-10-20 13:08:56', NULL),
(80, 1, 'MYSORE CHATPATA MASALA DOSA BT', '81.5', 0, NULL, 'XX', 205.00, '2016-10-05 10:33:00', '2016-10-20 13:09:22', NULL),
(81, 1, 'NILGIRI SP DOSA PLAIN', '98', 0, NULL, 'X', 160.00, '2016-10-05 10:34:22', '2016-10-20 13:11:31', NULL),
(82, 1, 'NILGIRI SP DOSA PLAIN BT', '98.5', 0, NULL, 'X', 185.00, '2016-10-05 10:34:52', '2016-10-20 13:10:48', NULL),
(83, 1, 'NILGIRI SP MASALA DOSA', '99', 0, NULL, 'N', 180.00, '2016-10-05 10:35:50', '2016-10-20 13:12:01', NULL),
(84, 1, 'NILGIRI SP MASALA DOSA BT', '99.5', 0, NULL, 'N', 205.00, '2016-10-05 10:36:21', '2016-10-20 13:12:39', NULL),
(85, 1, 'POTATO BHAJI EXTRA', '71', 0, NULL, 'M', 20.00, '2016-10-05 10:37:28', '2016-10-20 13:13:59', NULL),
(86, 1, 'SANKALP 4 FT LONG DOSA', '26', 0, NULL, 'V', 900.00, '2016-10-05 10:38:54', '2016-10-20 13:14:50', NULL),
(87, 1, 'CHEESE DOSA', '87', 0, NULL, 'V', 175.00, '2016-10-05 10:39:59', '2016-10-20 13:15:16', NULL),
(88, 1, 'SPRING DOSA', '100', 0, NULL, 'V', 220.00, '2016-10-05 10:40:25', '2016-10-20 13:16:11', NULL),
(89, 1, 'CHEESY SPRING DOSA', '120', 0, NULL, 'B', 240.00, '2016-10-05 10:41:21', '2016-10-20 13:16:52', NULL),
(90, 1, 'SCHEZWAN DOSA', '185', 0, NULL, 'V', 240.00, '2016-10-05 10:43:18', '2016-10-20 13:17:20', NULL),
(91, 1, 'SP INDIAN BHAJI DOSA', '192', 0, NULL, 'C', 250.00, '2016-10-05 10:43:45', '2016-10-20 13:17:48', NULL),
(92, 1, 'PANEER DOSA', '195', 0, NULL, 'B', 250.00, '2016-10-05 10:44:30', '2016-10-20 13:18:15', NULL),
(93, 1, 'CHEESE CORN DOSA', '184', 0, NULL, 'B', 230.00, '2016-10-05 10:45:27', '2016-10-20 13:18:38', NULL),
(94, 1, 'MILITRY GHEE ROAST DOSA', '229', 0, NULL, 'S', 220.00, '2016-10-05 10:46:46', '2016-10-20 13:19:06', NULL),
(95, 1, 'CHETTINAD SPICY DOSA', '181', 0, NULL, 'ZZ', 220.00, '2016-10-05 10:47:33', '2016-10-20 13:19:35', NULL),
(96, 2, 'FRESH LIME SODA', '66', 4, NULL, 'aa', 80.00, '2016-10-05 10:49:02', '2016-10-20 11:18:47', NULL),
(97, 1, 'CAPSICUM CHILLY GARLIC DOSA', '183', 0, NULL, 'ff', 220.00, '2016-10-05 10:49:46', '2016-10-20 12:26:05', NULL),
(98, 1, 'ACHARI ONION DOSA', '189', 0, NULL, 'X', 220.00, '2016-10-05 10:50:14', '2016-10-20 13:20:40', NULL),
(99, 1, 'KARA MURA DOSA', '182', 0, NULL, 'B', 220.00, '2016-10-05 10:50:42', '2016-10-20 13:21:17', NULL),
(100, 1, 'THREE BARREL DOSA', '170', 0, NULL, 'N', 220.00, '2016-10-05 10:51:14', '2016-10-20 13:21:43', NULL),
(101, 1, 'DOSA PLATTER', '196', 0, NULL, 'B', 275.00, '2016-10-05 10:51:37', '2016-10-20 13:27:01', NULL),
(102, 1, 'KANCHIPURAM ACHARI RAVA ', '193', 0, NULL, 'XX', 200.00, '2016-10-05 10:55:32', '2016-10-20 13:23:17', NULL),
(103, 1, 'KANCHIPURAM ACHARI RAVA BT', '193*', 0, NULL, 'VVV', 225.00, '2016-10-05 10:56:46', '2016-10-20 13:23:56', NULL),
(104, 1, 'SCHEZWAN RAVA DOSA', '187', 0, NULL, 'BB', 245.00, '2016-10-05 10:59:04', '2016-10-20 13:24:53', NULL),
(105, 1, 'SCHEZWAN RAVA DOSA BT', '187*', 0, NULL, 'B', 270.00, '2016-10-05 11:00:45', '2016-10-20 13:25:28', NULL),
(106, 1, 'ONION RAVA PLAIN', '13', 0, NULL, 'V', 165.00, '2016-10-05 11:03:34', '2016-10-20 13:27:52', NULL),
(107, 1, 'ONION RAVA PLAIN BT', '13.5', 0, NULL, 'B', 190.00, '2016-10-05 11:05:34', '2016-10-20 13:28:36', NULL),
(108, 1, 'ONION RAVA MASALA', '14', 0, NULL, 'B', 185.00, '2016-10-05 11:06:37', '2016-10-20 13:29:03', NULL),
(109, 1, 'ONION RAVA MASALA BT', '14.5', 0, NULL, 'N', 210.00, '2016-10-05 11:07:33', '2016-10-20 13:29:31', NULL),
(110, 1, 'UDIPI RAVA PLAIN', '115', 0, NULL, 'X', 165.00, '2016-10-05 11:08:10', '2016-10-20 13:30:07', NULL),
(111, 1, 'UDIPI RAVA  PLAIN BT', '115*', 0, NULL, 'B', 190.00, '2016-10-05 11:08:42', '2016-10-20 13:30:45', NULL),
(112, 1, 'UDIPI RAVA MASALA', '116', 0, NULL, 'X', 185.00, '2016-10-05 11:09:31', '2016-10-20 13:31:15', NULL),
(113, 1, 'UDIPI RAVA MASALA BT', '116*', 0, NULL, 'J', 210.00, '2016-10-05 11:10:08', '2016-10-20 13:31:54', NULL),
(114, 1, 'COCONUT RAVA PLAIN', '117', 0, NULL, 'N', 165.00, '2016-10-05 11:10:40', '2016-10-20 13:32:31', NULL),
(115, 1, 'COCONUT RAVA PLAIN BT', '117*', 0, NULL, 'xx', 190.00, '2016-10-05 11:11:12', '2016-10-20 14:01:10', NULL),
(116, 1, 'COCONUT RAVA MASALA', '118', 0, NULL, 'J', 185.00, '2016-10-05 11:11:47', '2016-10-20 13:33:41', NULL),
(117, 1, 'COCONUT RAVA MASALA BT', '118*', 0, NULL, 'J', 210.00, '2016-10-05 11:12:18', '2016-10-20 13:34:16', NULL),
(118, 1, 'CRISP N CRUNCHY RAVA PLAIN', '11', 0, NULL, 'M', 150.00, '2016-10-05 11:12:58', '2016-10-20 13:34:57', NULL),
(119, 1, 'CRISP N CRUNCHY RAVA PLAIN BT', '11.5', 0, NULL, 'D', 175.00, '2016-10-05 11:13:26', '2016-10-20 13:35:39', NULL),
(120, 1, 'CRISP N CRUNCHY RAVA MASALA', '12', 0, NULL, 'D', 170.00, '2016-10-05 11:14:00', '2016-10-20 13:36:16', NULL),
(121, 1, 'CRISP N CRUNCHY RAVA MASALA BT', '12.5', 0, NULL, 'X', 195.00, '2016-10-05 11:14:39', '2016-10-20 13:36:51', NULL),
(122, 1, 'CAPSICUM RAVA PLAIN', '701', 0, NULL, 'BB', 165.00, '2016-10-05 11:15:21', '2016-10-20 13:37:38', NULL),
(123, 1, 'CAPSICUM RAVA PLAIN BT', '701*', 0, NULL, 'X', 190.00, '2016-10-05 11:15:58', '2016-10-20 13:38:22', NULL),
(124, 1, 'CAPSICUM RAVA MASALA', '702', 0, NULL, 'XX', 185.00, '2016-10-05 11:16:58', '2016-10-20 13:39:05', NULL),
(125, 1, 'CAPSICUM RAVA MASALA BT', '702*', 0, NULL, 'KKK', 205.00, '2016-10-05 11:17:43', '2016-10-20 13:39:39', NULL),
(126, 5, 'DOUBLE ROAST - PLAIN', '16', 0, NULL, 'BBB', 130.00, '2016-10-06 06:29:59', '2016-10-20 13:40:33', NULL),
(127, 5, 'DOUBLE ROAST -PLAIN BT', '16.5', 0, NULL, 'XXX', 155.00, '2016-10-06 06:30:42', '2016-10-20 13:41:11', NULL),
(128, 5, 'DOUBLE ROAST - ONION', '17', 0, NULL, 'm', 190.00, '2016-10-06 06:36:53', '2016-10-20 13:46:15', NULL),
(129, 5, 'DOUBLE ROAST - ONION BT', '17.5', 0, NULL, 'cc', 215.00, '2016-10-06 06:37:49', '2016-10-20 13:46:45', NULL),
(130, 5, 'DOUBLE ROAST - TOMATO', '18', 0, NULL, 'n', 190.00, '2016-10-06 06:38:35', '2016-10-20 13:47:12', NULL),
(131, 5, 'DOUBLE ROAST - TOMATO BT', '18.5', 0, NULL, 'xx', 215.00, '2016-10-06 06:40:59', '2016-10-20 13:47:41', NULL),
(132, 5, 'DOUBLE ROAST - CARROT', '118', 0, NULL, 'DOUBLE ROAST - CARROT', 190.00, '2016-10-06 06:41:27', NULL, '2016-10-20 13:48:33'),
(133, 5, 'DOUBLE ROAST - CARROT BT', '119', 0, NULL, 'DOUBLE ROAST - CARROT BT', 215.00, '2016-10-06 06:41:59', NULL, '2016-10-20 13:48:38'),
(134, 5, 'DOUBLE ROAST - BEET', '120', 0, NULL, 'DOUBLE ROAST - BEET', 190.00, '2016-10-06 06:42:26', NULL, '2016-10-20 13:48:42'),
(135, 5, 'DOUBLE ROAST - BEET BT', '121', 0, NULL, 'DOUBLE ROAST - BEET BT', 215.00, '2016-10-06 06:42:55', NULL, '2016-10-20 13:48:46'),
(136, 5, 'DOUBLE ROAST - MIX VEG', '20', 0, NULL, 'xx', 190.00, '2016-10-06 06:43:24', '2016-10-20 13:49:14', NULL),
(137, 5, 'DOUBLE ROAST - MIX VEG BT', '20.5', 0, NULL, 'bbb', 215.00, '2016-10-06 06:43:49', '2016-10-20 13:49:47', NULL),
(138, 5, 'CHEESE MADHURAI SANDWICH UTHAPPA', '1', 0, NULL, 'n', 275.00, '2016-10-06 06:45:44', '2016-10-20 13:50:15', NULL),
(139, 5, 'CHENNAI PIZZA UTHAPPA', '194', 0, NULL, 'n', 275.00, '2016-10-06 06:46:18', '2016-10-20 13:50:46', NULL),
(140, 5, 'CHEESE CHILLY UTHAPPA', '191', 0, NULL, 'n', 230.00, '2016-10-06 06:46:55', '2016-10-20 13:51:30', NULL),
(141, 5, 'MADHURAI SANDWICH UTHAPPA', '64', 0, NULL, 'xx', 240.00, '2016-10-06 09:29:23', '2016-10-20 13:51:58', NULL),
(142, 5, 'SP TOMATO MASALA UTHAPPA', '35', 0, NULL, 'nnn', 230.00, '2016-10-06 09:30:25', '2016-10-20 13:52:29', NULL),
(143, 5, 'SP TOMATO UTHAPPA', '61', 0, NULL, 'ccc', 220.00, '2016-10-06 09:59:28', '2016-10-20 13:53:01', NULL),
(144, 5, 'PANCHAVARNA UTHAPPA', '172', 0, NULL, 'jjj', 230.00, '2016-10-06 10:00:07', '2016-10-20 13:53:30', NULL),
(145, 5, 'TOMATO CORN UTHAPPA', '197', 0, NULL, 'kk', 230.00, '2016-10-06 10:00:38', '2016-10-20 13:54:10', NULL),
(146, 5, 'KEERAI UTHAPPA', '186', 0, NULL, 'd', 230.00, '2016-10-06 10:01:13', '2016-10-20 13:59:22', NULL),
(147, 12, 'SET DOSA', '15', 0, NULL, 'gg', 130.00, '2016-10-06 10:03:43', '2016-10-20 13:59:53', NULL),
(148, 12, 'MALABARI POROTTA WITH KURMA', '173', 0, NULL, 'ddd', 120.00, '2016-10-06 10:04:25', '2016-10-20 14:00:26', NULL),
(149, 12, 'CHAPATI KURMA', '24', 0, NULL, 'XXX', 90.00, '2016-10-06 10:04:56', '2016-10-20 14:01:51', NULL),
(150, 6, 'CHEESE PULAO', '2', 0, NULL, 'D', 200.00, '2016-10-06 10:05:30', '2016-10-20 14:02:23', NULL),
(151, 6, 'BISIBELA HULIANNA', '19', 0, NULL, 'DD', 150.00, '2016-10-06 10:06:47', '2016-10-20 14:02:52', NULL),
(152, 6, 'KAIKARI BIRYANI', '176', 0, NULL, 'F', 200.00, '2016-10-06 10:10:06', '2016-10-20 14:03:19', NULL),
(153, 6, 'VEGETABLE PULAO', '88', 0, NULL, 'FF', 175.00, '2016-10-06 10:11:51', '2016-10-20 14:03:44', NULL),
(154, 6, 'BAGALA BHATH', '25', 0, NULL, 'D', 130.00, '2016-10-06 10:13:42', '2016-10-20 14:04:18', NULL),
(155, 6, 'STEAMED RICE', '27', 0, NULL, 'HH', 130.00, '2016-10-06 10:14:15', '2016-10-20 14:05:44', NULL),
(156, 6, 'STEAMED RICE RASAM', '27*', 0, NULL, 'DDD', 130.00, '2016-10-06 10:14:16', '2016-10-20 14:06:22', NULL),
(157, 14, 'KESARY', '4', 0, NULL, 'KKK', 125.00, '2016-10-06 10:15:49', '2016-10-20 14:06:51', NULL),
(158, 7, 'POORI (2 pcs.)', '69', 0, NULL, 'JJ', 35.00, '2016-10-06 10:18:40', '2016-10-20 14:08:14', NULL),
(159, 7, 'TAWA CHAPATI', '32', 0, NULL, 'BBB', 20.00, '2016-10-06 10:19:39', '2016-10-20 14:08:47', NULL),
(160, 7, 'MALABARI POROTTA', '333', 0, NULL, 'J', 50.00, '2016-10-06 10:20:16', '2016-10-20 14:10:00', NULL),
(161, 7, 'SET DOSA EXTRA', '232', 0, NULL, 'CCCC', 45.00, '2016-10-06 10:20:41', '2016-10-20 14:11:15', NULL),
(162, 7, 'APPALAM', '32', 0, NULL, 'HHH', 30.00, '2016-10-06 10:21:35', '2016-10-20 14:11:51', NULL),
(163, 7, 'POPPODUM', '34', 0, NULL, 'G', 25.00, '2016-10-06 10:22:01', '2016-10-20 14:12:39', NULL),
(164, 7, 'MASALA PAPAD', '79', 0, NULL, 'FFF', 45.00, '2016-10-06 10:24:47', '2016-10-20 14:13:06', NULL),
(165, 7, 'BUTTER', '70', 0, NULL, 'JJJ', 25.00, '2016-10-06 10:25:10', '2016-10-20 14:14:05', NULL),
(166, 7, 'CHEESE', '110', 0, NULL, 'KKKK', 45.00, '2016-10-06 10:25:35', '2016-10-20 14:14:34', NULL),
(167, 7, 'PACHADI', '238', 0, NULL, 'LLL', 55.00, '2016-10-06 10:26:01', '2016-10-20 14:15:02', NULL),
(168, 7, 'SALAD', '29', 0, NULL, 'OOO', 85.00, '2016-10-06 10:26:22', '2016-10-20 14:15:26', NULL),
(169, 8, 'SIZZLING BROWNIE', '153', 0, NULL, 'KKKK', 165.00, '2016-10-06 10:27:04', '2016-10-20 14:15:54', NULL),
(170, 8, 'NUTTY HOT FUDGE SUNDAE', '223', 0, NULL, 'KKK', 150.00, '2016-10-06 10:27:42', '2016-10-20 14:16:52', NULL),
(171, 8, 'TRI COLOR JAMAICAN SUNDAE', '224', 0, NULL, 'KKK', 150.00, '2016-10-06 10:28:42', '2016-10-20 14:17:30', NULL),
(172, 8, 'SWISS PEAK TALL SUNDAE', '225', 0, NULL, 'GGGG', 150.00, '2016-10-06 10:29:16', '2016-10-20 14:17:58', NULL),
(173, 8, 'CASSATA', '54', 0, NULL, 'KKKK', 80.00, '2016-10-06 10:29:50', '2016-10-20 14:18:29', NULL),
(174, 8, 'VANILLA ICE CREAM', '53', 0, NULL, 'LLL', 80.00, '2016-10-06 10:30:24', '2016-10-20 14:19:29', NULL),
(175, 8, 'VANILLA ICE CREAM', '159', 0, NULL, 'VANILLA ICE CREAM', 80.00, '2016-10-06 10:30:27', NULL, NULL),
(176, 8, 'STRAWBERRY ICE CREAM', '171', 0, NULL, 'FFF', 80.00, '2016-10-06 10:31:25', '2016-10-20 14:20:40', NULL),
(177, 8, 'CHOCOLATE ICE CREAM', '51', 0, NULL, 'GGG', 80.00, '2016-10-06 10:32:35', '2016-10-20 14:21:19', NULL),
(178, 2, 'AERATED DRINKS', '1', 3, NULL, 'AERATED DRINKS', 35.00, '2016-10-21 10:21:02', NULL, NULL),
(179, 2, 'FRESH LIME SODA', '2', 3, NULL, 'FRESH LIME SODA', 65.00, '2016-10-21 10:22:06', NULL, NULL),
(180, 2, 'FRESH FRUIT JUICE', '3', 3, NULL, 'FRESH FRUIT JUICE', 75.00, '2016-10-21 10:22:40', NULL, NULL),
(181, 2, 'COLD COFFEE', '4', 3, NULL, 'COLD COFFEE', 75.00, '2016-10-21 10:23:11', NULL, NULL),
(182, 2, 'COLD COFFEE WITH ICE CREAM', '5', 3, NULL, 'COLD COFFEE WITH ICE CREAM', 85.00, '2016-10-21 10:23:44', NULL, NULL),
(183, 2, 'ASSORTED MILK SHAKE', '6', 3, NULL, 'ASSORTED MILK SHAKE', 85.00, '2016-10-21 10:24:21', NULL, NULL),
(184, 2, 'BLUE LAGOON', '7', 3, NULL, 'BLUE LAGOON', 90.00, '2016-10-21 10:25:07', NULL, NULL),
(185, 2, 'FRUIT PUNCH', '8', 3, NULL, 'FRUIT PUNCH', 90.00, '2016-10-21 10:25:58', NULL, NULL),
(186, 2, 'PINA COLADA', '9', 3, NULL, 'PINA COLADA', 90.00, '2016-10-21 10:26:26', NULL, NULL),
(187, 2, 'BOTTLED WATER', '10', 3, NULL, 'BOTTLED WATER', 30.00, '2016-10-21 10:27:08', NULL, NULL),
(188, 18, 'TOMATO SOUP', '21', 3, NULL, 'TOMATO SOUP', 85.00, '2016-10-21 10:31:04', NULL, NULL),
(189, 18, 'TOMATO SOUP', '21', 3, NULL, 'TOMATO SOUP', 85.00, '2016-10-21 10:46:06', NULL, NULL),
(190, 18, 'CORN N TOMATO SOUP', '22', 3, NULL, 'CORN N TOMATO SOUP', 90.00, '2016-10-21 10:46:46', NULL, NULL),
(191, 18, 'SWEET CORN VEG SOUP', '23', 3, NULL, 'SWEET CORN VEG SOUP', 90.00, '2016-10-21 10:47:33', NULL, NULL),
(192, 18, 'HOT N SOUR SOUP', '24', 3, NULL, 'HOT N SOUR SOUP', 90.00, '2016-10-21 10:48:14', NULL, NULL),
(193, 18, 'MANCHOW SOUP', '25', 3, NULL, 'MANCHOW SOUP', 90.00, '2016-10-21 10:51:08', NULL, NULL),
(194, 18, 'ASIAN MIXED GREEN SOUP', '26', 3, NULL, 'ASIAN MIXED GREEN SOUP', 110.00, '2016-10-21 10:57:11', NULL, NULL),
(195, 18, 'TANGY SOUR N PEPPER SOUP', '27', 3, NULL, 'TANGY SOUR N PEPPER SOUP', 110.00, '2016-10-21 11:11:25', NULL, NULL),
(196, 18, 'BROCCLI AND ALMOND SOUP', '28', 3, NULL, 'BROCCLI AND ALMOND SOUP', 110.00, '2016-10-21 11:14:30', NULL, NULL),
(197, 20, 'PANEER GALANTINE', '41', 4, NULL, 'PANEER GALANTINE', 210.00, '2016-10-21 11:15:36', NULL, NULL),
(198, 20, 'CHEESE BALLS', '42', 4, NULL, 'CHEESE BALLS', 210.00, '2016-10-21 11:16:13', NULL, NULL),
(199, 20, 'VEG FLAKY FINGER', '43', 4, NULL, 'VEG FLAKY FINGER', 190.00, '2016-10-21 11:16:55', NULL, NULL),
(200, 20, 'VEGETABLE CROQUETTES', '44', 4, NULL, 'VEGETABLE CROQUETTES', 190.00, '2016-10-21 11:17:44', NULL, NULL),
(201, 21, 'MIXCIAN HOT POT RICE', '45', 4, NULL, 'MIXCIAN HOT POT RICE', 185.00, '2016-10-21 11:18:39', NULL, NULL),
(202, 21, 'VEG CORNCHILLADAS', '46', 4, NULL, 'VEG CORNCHILLADAS', 210.00, '2016-10-21 11:19:20', NULL, NULL),
(203, 21, 'NACHOS', '47', 4, NULL, 'NACHOS', 175.00, '2016-10-21 11:19:52', NULL, NULL),
(204, 21, 'TACOS', '48', 4, NULL, 'TACOS', 185.00, '2016-10-21 11:20:24', NULL, NULL),
(205, 22, 'MEXICAN GARLLED SIZZLER', '49', 4, NULL, 'MEXICAN GARLLED SIZZLER', 275.00, '2016-10-21 11:21:28', NULL, NULL),
(206, 22, 'PANEER SHASHLIK SIZZLER', '50', 4, NULL, 'PANEER SHASHLIK SIZZLER', 295.00, '2016-10-21 11:23:14', NULL, NULL),
(207, 22, 'SPECIAL TANDOORI SIZZLER', '51', 4, NULL, 'SPECIAL TANDOORI SIZZLER', 290.00, '2016-10-21 11:25:28', NULL, NULL),
(208, 22, 'MIX VEG SIZZLER', '52', 4, NULL, 'MIX VEG SIZZLER', 290.00, '2016-10-21 11:50:08', NULL, NULL),
(209, 22, 'MIX VEG SIZZLER', '52', 4, NULL, 'MIX VEG SIZZLER', 290.00, '2016-10-21 11:50:09', NULL, NULL),
(210, 22, 'ITALIAN SIZZLER', '53', 4, NULL, 'ITALIAN SIZZLER', 275.00, '2016-10-21 11:51:46', NULL, NULL),
(211, 22, 'CHINESE SIZZLER', '54', 4, NULL, 'CHINESE SIZZLER', 290.00, '2016-10-21 11:53:20', NULL, NULL),
(212, 23, 'PANEER TIRANGA DRY', '81', 4, NULL, 'PANEER TIRANGA DRY', 199.00, '2016-10-21 11:53:56', NULL, NULL),
(213, 23, 'PANEER TIKKA DRY', '82', 4, NULL, 'PANEER TIKKA DRY', 195.00, '2016-10-21 11:54:32', NULL, NULL),
(214, 23, 'MALAI PANEER TIKKA', '83', 4, NULL, 'MALAI PANEER TIKKA', 195.00, '2016-10-21 11:56:31', NULL, NULL),
(215, 23, 'LEHSUNI PANEER TIKKA', '84', 4, NULL, 'LEHSUNI PANEER TIKKA', 195.00, '2016-10-21 11:57:06', NULL, NULL),
(216, 23, 'HARIYALI PANEER TIKKA', '85', 4, NULL, 'HARIYALI PANEER TIKKA', 195.00, '2016-10-21 11:57:39', NULL, NULL),
(217, 23, 'ACHARI PANEER TIKKA', '86', 4, NULL, 'ACHARI PANEER TIKKA', 195.00, '2016-10-21 11:59:34', NULL, NULL),
(218, 23, 'GOBHI LEHSUNI', '87', 4, NULL, 'GOBHI LEHSUNI', 175.00, '2016-10-21 12:00:07', NULL, NULL),
(219, 23, 'GOBHI TIKKA', '88', 4, NULL, 'GOBHI TIKKA', 175.00, '2016-10-21 12:00:42', NULL, NULL),
(220, 23, 'ALOO (CHATNEY%2FSHIKARI%2FTANDOORI)', '89', 4, NULL, 'ALOO (CHATNEY%2FSHIKARI%2FTANDOORI)', 175.00, '2016-10-21 12:02:03', NULL, NULL),
(221, 23, 'KHUMBH KEBAB', '90', 4, NULL, 'KHUMBH KEBAB', 199.00, '2016-10-21 12:02:49', NULL, NULL),
(222, 23, 'VEG SEEKH KEBAB', '91', 4, NULL, 'VEG SEEKH KEBAB', 170.00, '2016-10-21 12:46:21', NULL, NULL),
(223, 23, 'VEG CHEESE ROLL', '92', 4, NULL, 'VEG CHEESE ROLL', 185.00, '2016-10-22 06:22:36', NULL, NULL),
(224, 23, 'VEG CHEESE ROLL', '92', 4, NULL, 'VEG CHEESE ROLL', 185.00, '2016-10-22 06:22:38', NULL, NULL),
(225, 23, 'CHEESE PANEER KEBAB', '93', 4, NULL, 'CHEESE PANEER KEBAB', 199.00, '2016-10-22 08:06:41', NULL, NULL),
(226, 23, 'HARA BHARA KABAB', '94', 4, NULL, 'HARA BHARA KABAB', 175.00, '2016-10-22 08:07:27', NULL, NULL),
(227, 24, 'VEG MANCHURIAN (DRY %2F GRAVY)', '101', 4, NULL, 'VEG MANCHURIAN (DRY %2F GRAVY)', 180.00, '2016-10-22 08:10:34', NULL, NULL),
(228, 24, 'CHILLY PANEER (DRY %2F VEG)', '102', 4, NULL, 'CHILLY PANEER (DRY %2F VEG)', 199.00, '2016-10-22 08:12:46', NULL, NULL),
(229, 24, 'CHILLY POTATO', '103', 4, NULL, 'CHILLY POTATO', 165.00, '2016-10-22 08:13:47', NULL, NULL),
(230, 24, 'VEG SPRING ROLL', '104', 4, NULL, 'VEG SPRING ROLL', 175.00, '2016-10-22 08:14:51', NULL, NULL),
(231, 24, 'CRISPY FRIED VEGETABLES', '105', 4, NULL, 'CRISPY FRIED VEGETABLES', 175.00, '2016-10-22 08:15:45', NULL, NULL),
(232, 24, 'CRISPY CORN', '106', 4, NULL, 'CRISPY CORN', 165.00, '2016-10-22 08:27:59', NULL, NULL),
(233, 24, 'AMERICAN CHOPSUEY', '107', 4, NULL, 'AMERICAN CHOPSUEY', 180.00, '2016-10-22 08:28:45', NULL, NULL),
(234, 24, 'VEG HAKKA NOODLES', '108', 4, NULL, 'VEG HAKKA NOODLES', 175.00, '2016-10-22 12:21:43', NULL, NULL),
(235, 24, 'SCHEZWAN NOODLES', '109', 4, NULL, 'SCHEZWAN NOODLES', 180.00, '2016-10-22 12:22:23', NULL, NULL),
(236, 24, 'SCHEZWAN FRIED RICE', '110', 4, NULL, 'SCHEZWAN FRIED RICE', 170.00, '2016-10-22 12:22:54', NULL, NULL),
(237, 24, 'VEG FRIED RICE', '111', 4, NULL, 'VEG FRIED RICE', 160.00, '2016-10-22 12:23:23', NULL, NULL),
(238, 24, 'CRISPY WATER CHESTNUT', '112', 4, NULL, 'CRISPY WATER CHESTNUT', 195.00, '2016-10-22 12:24:36', NULL, NULL),
(239, 25, 'MAKE YOUR OWN PASTA', '55', 4, NULL, 'MAKE YOUR OWN PASTA', 195.00, '2016-10-22 12:25:24', NULL, NULL),
(240, 25, 'SPAGHETTI %26 GRILLED VEG IN TOMATO SAUCE', '56', 4, NULL, 'SPAGHETTI %26 GRILLED VEG IN TOMATO SAUCE', 195.00, '2016-10-22 12:26:27', NULL, NULL),
(241, 25, 'BAKED MACARONI WITH PINEAPPLE', '57', 4, NULL, 'BAKED MACARONI WITH PINEAPPLE', 190.00, '2016-10-22 12:27:07', NULL, NULL),
(242, 25, 'SPAGHETTI CARBONARA (VEG)', '58', 4, NULL, 'SPAGHETTI CARBONARA (VEG)', 195.00, '2016-10-22 12:28:13', NULL, NULL),
(243, 26, 'MIX VEG IN THAI GREEN CURRY', '59', 4, NULL, 'MIX VEG IN THAI GREEN CURRY', 195.00, '2016-10-22 12:29:10', NULL, NULL),
(244, 26, 'MIX VEG IN THAI GREEN CURRY', '59', 4, NULL, 'MIX VEG IN THAI GREEN CURRY', 195.00, '2016-10-22 12:29:11', NULL, NULL),
(245, 26, 'PANEER %26 BABY CORN IN THAI RED CURRY', '60', 4, NULL, 'PANEER %26 BABY CORN IN THAI RED CURRY', 195.00, '2016-10-22 12:29:48', NULL, NULL),
(246, 26, 'THAI CORN BALLS', '61', 4, NULL, 'THAI CORN BALLS', 175.00, '2016-10-22 12:31:07', NULL, NULL),
(247, 26, 'THAI YELLOW RICE', '62', 4, NULL, 'THAI YELLOW RICE', 165.00, '2016-10-22 12:31:33', NULL, NULL),
(248, 27, 'PANEER AFGHANI BHURJI', '121', 4, NULL, 'PANEER AFGHANI BHURJI', 210.00, '2016-10-22 12:32:39', NULL, NULL),
(249, 27, 'PANEER BALTI', '122', 4, NULL, 'PANEER BALTI', 210.00, '2016-10-22 12:33:04', NULL, NULL),
(250, 27, 'PANEER TAWA', '123', 4, NULL, 'PANEER TAWA', 199.00, '2016-10-22 12:33:29', NULL, NULL),
(251, 27, 'PANEER TAWA', '123', 4, NULL, 'PANEER TAWA', 199.00, '2016-10-22 12:33:30', NULL, NULL),
(252, 27, 'PANEER KOLHAPURI', '124', 4, NULL, 'PANEER KOLHAPURI', 190.00, '2016-10-22 12:33:58', NULL, NULL),
(253, 27, 'PANEER MUSALLUM', '125', 4, NULL, 'PANEER MUSALLUM', 190.00, '2016-10-22 12:36:02', NULL, NULL),
(254, 27, 'PANEER KADAI', '126', 4, NULL, 'PANEER KADAI', 190.00, '2016-10-22 12:36:29', NULL, NULL),
(255, 27, 'PANEER KADAI', '126', 4, NULL, 'PANEER KADAI', 190.00, '2016-10-22 12:36:30', NULL, NULL),
(256, 27, 'PANEER HANDI', '127', 4, NULL, 'PANEER HANDI', 190.00, '2016-10-22 12:36:58', NULL, NULL),
(257, 27, 'PANEER CHATPATA', '128', 4, NULL, 'PANEER CHATPATA', 190.00, '2016-10-22 12:37:25', NULL, NULL),
(258, 27, 'PANEER TIKKA MASALA', '129', 4, NULL, 'PANEER TIKKA MASALA', 190.00, '2016-10-22 12:37:55', NULL, NULL),
(259, 27, 'PANEER PALAK', '130', 4, NULL, 'PANEER PALAK', 175.00, '2016-10-22 12:38:43', NULL, NULL),
(260, 28, 'SAFFRON SP VEGETABLE', '131', 4, NULL, 'SAFFRON SP VEGETABLE', 210.00, '2016-10-22 12:39:35', NULL, NULL),
(261, 28, 'KHOYA KAJU', '132', 4, NULL, 'KHOYA KAJU', 199.00, '2016-10-22 12:40:07', NULL, NULL),
(262, 28, 'KAJU MAKHANI', '133', 4, NULL, 'KAJU MAKHANI', 189.00, '2016-10-22 12:40:40', NULL, NULL),
(263, 28, 'NAVRATAN KORMA', '134', 4, NULL, 'NAVRATAN KORMA', 185.00, '2016-10-22 12:41:18', NULL, NULL),
(264, 28, 'VEG TOOFANI', '135', 4, NULL, 'VEG TOOFANI', 185.00, '2016-10-22 12:41:54', NULL, NULL),
(265, 28, 'VEG MAKHANWALA', '136', 4, NULL, 'VEG MAKHANWALA', 185.00, '2016-10-22 12:42:23', NULL, NULL),
(266, 28, 'VEG KADAI', '137', 4, NULL, 'VEG KADAI', 185.00, '2016-10-22 12:42:52', NULL, NULL),
(267, 28, 'VEG JAIPURI', '138', 4, NULL, 'VEG JAIPURI', 185.00, '2016-10-22 12:43:23', NULL, NULL),
(268, 28, 'VEG DIWANI HANDI', '139', 4, NULL, 'VEG DIWANI HANDI', 185.00, '2016-10-22 12:43:58', NULL, NULL),
(269, 29, 'DUM ALOO', '140', 4, NULL, 'DUM ALOO', 170.00, '2016-10-22 12:44:34', NULL, NULL),
(270, 29, 'MALAI KOFTA', '141', 4, NULL, 'MALAI KOFTA', 185.00, '2016-10-22 12:45:03', NULL, NULL),
(271, 29, 'PALAK KOFTA', '142', 4, NULL, 'PALAK KOFTA', 180.00, '2016-10-22 12:45:31', NULL, NULL),
(272, 29, 'SHAHI KOFTA', '143', 4, NULL, 'SHAHI KOFTA', 180.00, '2016-10-22 12:46:07', NULL, NULL),
(273, 30, 'CHANA PESHAWARI', '144', 4, NULL, 'CHANA PESHAWARI', 160.00, '2016-10-22 12:47:09', NULL, NULL),
(274, 30, 'ALOO MUTTER', '145', 4, NULL, 'ALOO MUTTER', 160.00, '2016-10-22 12:47:38', NULL, NULL),
(275, 30, 'ALOO CHATPATA', '146', 4, NULL, 'ALOO CHATPATA', 160.00, '2016-10-22 12:48:17', NULL, NULL),
(276, 30, 'CORN N CAPSICUM MASALA', '147', 4, NULL, 'CORN N CAPSICUM MASALA', 175.00, '2016-10-22 12:48:51', NULL, NULL),
(277, 30, 'CORN METHI MALAI', '148', 4, NULL, 'CORN METHI MALAI', 180.00, '2016-10-22 12:49:27', NULL, NULL),
(278, 31, 'ROTI', '161', 4, NULL, 'ROTI', 20.00, '2016-10-22 12:49:54', NULL, NULL),
(279, 31, 'BUTTER ROTI', '162', 4, NULL, 'BUTTER ROTI', 23.00, '2016-10-22 12:50:23', NULL, NULL),
(280, 31, 'ROTI (MISSI %2F ROOMALI)', '163', 4, NULL, 'ROTI (MISSI %2F ROOMALI)', 45.00, '2016-10-22 12:51:05', NULL, NULL),
(281, 31, 'PARANTHA', '164', 4, NULL, 'PARANTHA', 45.00, '2016-10-22 12:51:42', NULL, NULL),
(282, 31, 'PARANTHA (ROOMALI %2F METHI %2F PUDINA %2F STUFFED)', '165', 4, NULL, 'PARANTHA (ROOMALI %2F METHI %2F PUDINA %2F STUFFED)', 70.00, '2016-10-22 12:52:46', NULL, NULL),
(283, 31, 'KULCHA', '166', 4, NULL, 'KULCHA', 50.00, '2016-10-22 12:53:12', NULL, NULL),
(284, 31, 'KULCHA ONION', '167', 4, NULL, 'KULCHA ONION', 70.00, '2016-10-22 12:53:41', NULL, NULL),
(285, 31, 'KULCHA CHEESE CHILLY GARLIC', '168', 4, NULL, 'KULCHA CHEESE CHILLY GARLIC', 80.00, '2016-10-22 12:54:18', NULL, NULL),
(286, 31, 'NAAN', '169', 4, NULL, 'NAAN', 50.00, '2016-10-22 12:54:53', NULL, NULL),
(287, 31, 'BUTTER NAAN', '170', 4, NULL, 'BUTTER NAAN', 70.00, '2016-10-22 12:55:21', NULL, NULL),
(288, 31, 'NAAN GARLIC', '171', 4, NULL, 'NAAN GARLIC', 75.00, '2016-10-22 12:57:51', NULL, NULL),
(289, 31, 'NAAN CHEESE', '172', 4, NULL, 'NAAN CHEESE', 80.00, '2016-10-22 12:58:21', NULL, NULL),
(290, 31, 'NAAN MASALA CHEESE', '173', 4, NULL, 'NAAN MASALA CHEESE', 90.00, '2016-10-22 12:59:03', NULL, NULL),
(291, 31, 'NAAN CHEESE CHILLY GARLIC', '174', 4, NULL, 'NAAN CHEESE CHILLY GARLIC', 90.00, '2016-10-22 12:59:33', NULL, NULL),
(292, 32, 'BUTTER MILK', '191', 4, NULL, 'BUTTER MILK', 40.00, '2016-10-22 13:00:22', NULL, NULL),
(293, 32, 'LASSI (SWEET %2F SALTED)', '192', 4, NULL, 'LASSI (SWEET %2F SALTED)', 60.00, '2016-10-22 13:00:59', NULL, NULL),
(294, 32, 'VEG RAITA', '193', 4, NULL, 'VEG RAITA', 75.00, '2016-10-22 13:01:24', NULL, NULL),
(295, 32, 'BOONDI RAITA', '194', 4, NULL, 'BOONDI RAITA', 75.00, '2016-10-22 13:01:55', NULL, NULL),
(296, 32, 'PINEAPPLE RAITA', '195', 4, NULL, 'PINEAPPLE RAITA', 85.00, '2016-10-22 13:02:32', NULL, NULL),
(297, 33, 'ROASTED PAPAD', '196', 4, NULL, 'ROASTED PAPAD', 20.00, '2016-10-22 13:06:20', NULL, NULL),
(298, 33, 'ROASTED PAPAD', '196', 4, NULL, 'ROASTED PAPAD', 20.00, '2016-10-22 13:06:22', NULL, NULL),
(299, 33, 'FRY PAPAD', '197', 4, NULL, 'FRY PAPAD', 20.00, '2016-10-22 13:07:07', NULL, NULL),
(300, 33, 'MASALA PAPAD', '198', 4, NULL, 'MASALA PAPAD', 30.00, '2016-10-22 13:07:39', NULL, NULL),
(301, 33, 'GREEN SALAD', '199', 4, NULL, 'GREEN SALAD', 75.00, '2016-10-22 13:08:11', NULL, NULL),
(302, 33, 'FRENCH FRIES', '200', 4, NULL, 'FRENCH FRIES', 85.00, '2016-10-22 13:09:18', NULL, NULL),
(303, 34, 'DAL BUKHARA', '211', 4, NULL, 'DAL BUKHARA', 150.00, '2016-10-22 13:09:56', NULL, NULL),
(304, 34, 'DAL AMRITSARI', '212', 4, NULL, 'DAL AMRITSARI', 140.00, '2016-10-22 13:12:14', NULL, NULL),
(305, 34, 'DAL HARIYALI', '213', 4, NULL, 'DAL HARIYALI', 140.00, '2016-10-22 13:13:57', NULL, NULL),
(306, 34, 'DAL TADKA', '214', 4, NULL, 'DAL TADKA', 135.00, '2016-10-22 13:14:30', NULL, NULL),
(307, 35, 'JEERA RICE', '215', 4, NULL, 'JEERA RICE', 130.00, '2016-10-22 13:15:10', NULL, NULL),
(308, 35, 'PEAS PULAO', '216', 4, NULL, 'PEAS PULAO', 140.00, '2016-10-22 13:17:13', NULL, NULL),
(309, 35, 'BANARASI PULAO', '217', 4, NULL, 'BANARASI PULAO', 150.00, '2016-10-22 13:19:30', NULL, NULL),
(310, 35, 'BANARASI PULAO', '217', 4, NULL, 'BANARASI PULAO', 150.00, '2016-10-22 13:24:16', NULL, NULL),
(311, 35, 'AVADHI DUM BIRYANI', '218', 4, NULL, 'AVADHI DUM BIRYANI', 175.00, '2016-10-22 13:24:55', NULL, NULL),
(312, 35, 'HYDERABADI BIRYANI', '219', 4, NULL, 'HYDERABADI BIRYANI', 175.00, '2016-10-22 13:25:29', NULL, NULL),
(313, 35, 'KASHMIRI PULAO', '220', 4, NULL, 'KASHMIRI PULAO', 160.00, '2016-10-22 13:25:59', NULL, NULL),
(314, 35, 'SAFFRON SPL PULAO', '221', 4, NULL, 'SAFFRON SPL PULAO', 185.00, '2016-10-22 13:26:33', NULL, NULL),
(315, 35, 'STEAMED RICE', '222', 4, NULL, 'STEAMED RICE', 120.00, '2016-10-22 13:27:01', NULL, NULL),
(316, 8, 'STRAWBERRY ICE CREAM', '231', 4, NULL, 'STRAWBERRY ICE CREAM', 75.00, '2016-10-22 13:27:32', NULL, NULL),
(317, 8, 'VANILLA ICE CREAM', '232', 4, NULL, 'VANILLA ICE CREAM', 70.00, '2016-10-22 13:28:08', NULL, NULL),
(318, 8, 'KESAR PISTA ICE CREAM', '233', 4, NULL, 'KESAR PISTA ICE CREAM', 85.00, '2016-10-22 13:28:58', NULL, NULL),
(319, 8, 'CHOCOLATE ICE CREAM', '234', 4, NULL, 'CHOCOLATE ICE CREAM', 85.00, '2016-10-22 13:29:47', NULL, NULL),
(320, 8, 'CHOCOLATE ICE CREAM', '234', 4, NULL, 'CHOCOLATE ICE CREAM', 85.00, '2016-10-22 13:29:48', NULL, NULL),
(321, 8, 'BUTTERSCOTCH ICE CREAM', '235', 4, NULL, 'BUTTERSCOTCH ICE CREAM', 90.00, '2016-10-22 13:30:23', NULL, NULL),
(322, 8, 'SIZZLING BROWNIE WITH ICE CREAM', '236', 4, NULL, 'SIZZLING BROWNIE WITH ICE CREAM', 165.00, '2016-10-22 13:30:58', NULL, NULL);

-- --------------------------------------------------------

--
-- Table structure for table `product_category`
--

CREATE TABLE IF NOT EXISTS `product_category` (
`product_category_id` int(11) NOT NULL,
  `name` varchar(30) NOT NULL,
  `parent` int(11) DEFAULT '0' COMMENT 'reference from self tbl',
  `brand_id` varchar(50) DEFAULT NULL,
  `created` timestamp NOT NULL DEFAULT CURRENT_TIMESTAMP,
  `updated` datetime DEFAULT NULL,
  `deleted` datetime DEFAULT NULL
) ENGINE=InnoDB AUTO_INCREMENT=36 DEFAULT CHARSET=latin1;

--
-- Dumping data for table `product_category`
--

INSERT INTO `product_category` (`product_category_id`, `name`, `parent`, `brand_id`, `created`, `updated`, `deleted`) VALUES
(1, 'DOSA', 1, '5', '2016-10-04 12:20:43', '2016-10-20 14:27:40', NULL),
(2, 'ASSORTED BEVERAGES', 2, '5', '2016-10-04 12:23:22', '2016-10-20 14:31:32', NULL),
(3, 'IDLI', 3, '5', '2016-10-04 12:24:34', '2016-10-20 15:04:10', NULL),
(4, 'VADA', 4, '5', '2016-10-04 12:25:08', '2016-10-20 14:29:44', NULL),
(5, 'UTHAPPAM', 5, '5', '2016-10-04 12:26:05', '2016-10-20 14:29:58', NULL),
(6, 'RICE', 6, '5', '2016-10-04 12:26:55', '2016-10-04 14:27:09', NULL),
(7, 'EXTRA ITEMS', 7, '5', '2016-10-04 12:27:38', '2016-10-04 14:27:52', NULL),
(8, 'ICE CREAM', 8, '5', '2016-10-04 12:46:14', '2016-10-20 14:30:34', NULL),
(9, 'JUICE', 0, '5', '2016-10-04 13:00:39', '2016-10-04 15:00:57', NULL),
(10, 'ALL TIME FAVORITE', 0, '5', '2016-10-05 06:22:56', NULL, '2016-10-06 12:37:45'),
(12, 'ANY TIME MEAL', 0, '5', '2016-10-06 10:02:29', NULL, '2016-10-06 12:37:50'),
(14, 'SWEET', 0, '5', '2016-10-06 10:14:50', NULL, '2016-10-06 12:37:53'),
(16, 'main', 0, '5', '2016-10-06 12:22:27', NULL, '2016-10-07 21:16:07'),
(17, 'Curries', 17, '4', '2016-10-21 06:52:17', '2016-10-21 08:52:51', '2016-10-21 11:56:44'),
(18, 'KHANE SE PEHLE', 0, '4', '2016-10-21 09:58:18', NULL, '2016-10-21 11:59:34'),
(20, 'STARTERS', 20, '4', '2016-10-21 10:00:08', '2016-10-21 12:00:32', NULL),
(21, 'MEXICAN', 21, '4', '2016-10-21 10:00:59', '2016-10-21 12:01:20', NULL),
(22, 'SIZZLERS', 22, '4', '2016-10-21 10:01:35', '2016-10-21 12:01:50', NULL),
(23, 'JALWA-E-TANDOOR', 23, '4', '2016-10-21 10:02:13', '2016-10-21 12:02:28', NULL),
(24, 'CHATPATA CHINESE', 24, '', '2016-10-21 10:03:04', '2016-10-21 12:03:18', NULL),
(25, 'PASTA', 25, '', '2016-10-21 10:03:29', '2016-10-21 12:03:59', NULL),
(26, 'THAI', 26, '4', '2016-10-21 10:04:15', '2016-10-21 12:04:41', NULL),
(27, 'SUBZ-E-PANEER', 27, '', '2016-10-21 10:05:04', '2016-10-21 12:05:17', NULL),
(28, 'TAAZA TARKARIYAN', 28, '4', '2016-10-21 10:05:42', '2016-10-21 12:05:57', NULL),
(29, 'KOFTE KA KHAZANA', 29, '4', '2016-10-21 10:06:15', '2016-10-21 12:06:32', NULL),
(30, 'KHAAS AAP KE LIYE', 30, '4', '2016-10-21 10:07:14', '2016-10-21 12:07:36', NULL),
(31, 'TANDOOR SE', 31, '4', '2016-10-21 10:08:14', '2016-10-21 12:08:33', NULL),
(32, 'DAHI KI JUGALBANDHI', 32, '4', '2016-10-21 10:09:38', '2016-10-21 12:10:38', NULL),
(33, 'SAATHMEIN', 33, '4', '2016-10-21 10:12:28', '2016-10-21 12:17:26', NULL),
(34, 'TADKA MARKE', 34, '4', '2016-10-21 10:17:50', '2016-10-21 12:18:22', NULL),
(35, 'BASMATI KA JAADU', 35, '4', '2016-10-21 10:19:05', '2016-10-21 12:19:22', NULL);

-- --------------------------------------------------------

--
-- Table structure for table `reference_product`
--

CREATE TABLE IF NOT EXISTS `reference_product` (
`reference_product_id` int(11) NOT NULL,
  `product_id` int(11) NOT NULL COMMENT 'reference from product table',
  `ref_id` int(11) NOT NULL COMMENT 'reference from product table',
  `created` timestamp NOT NULL DEFAULT CURRENT_TIMESTAMP ON UPDATE CURRENT_TIMESTAMP,
  `updated` datetime DEFAULT NULL,
  `deleted` datetime DEFAULT NULL
) ENGINE=InnoDB DEFAULT CHARSET=latin1;

-- --------------------------------------------------------

--
-- Table structure for table `reserve_table`
--

CREATE TABLE IF NOT EXISTS `reserve_table` (
`reserve_table_id` int(11) NOT NULL,
  `table_detail_id` int(11) NOT NULL COMMENT 'ref from table_detail',
  `order_id` int(11) DEFAULT NULL COMMENT 'ref from order table',
  `is_available` int(1) NOT NULL COMMENT '0-no, 1-yes',
  `in_time` datetime DEFAULT NULL,
  `out_time` datetime DEFAULT NULL
) ENGINE=InnoDB DEFAULT CHARSET=latin1;

-- --------------------------------------------------------

--
-- Table structure for table `table_detail`
--

CREATE TABLE IF NOT EXISTS `table_detail` (
`table_detail_id` int(11) NOT NULL,
  `branch_id` int(11) NOT NULL,
  `table_number` varchar(30) NOT NULL,
  `max_capacity` int(5) DEFAULT NULL,
  `notes` varchar(255) DEFAULT NULL,
  `created` timestamp NOT NULL DEFAULT CURRENT_TIMESTAMP,
  `updated` datetime DEFAULT NULL,
  `deleted` datetime DEFAULT NULL
) ENGINE=InnoDB AUTO_INCREMENT=57 DEFAULT CHARSET=latin1;

--
-- Dumping data for table `table_detail`
--

INSERT INTO `table_detail` (`table_detail_id`, `branch_id`, `table_number`, `max_capacity`, `notes`, `created`, `updated`, `deleted`) VALUES
(1, 1, '1', 0, '', '2016-09-08 10:46:03', NULL, NULL),
(2, 1, '2', 0, '', '2016-09-08 10:46:11', NULL, NULL),
(3, 1, '3', 0, '', '2016-09-08 10:46:21', NULL, NULL),
(4, 1, '4', 0, NULL, '2016-09-08 11:33:49', NULL, NULL),
(5, 2, '1', 0, NULL, '2016-09-08 11:33:49', NULL, NULL),
(6, 1, '5', 0, NULL, '2016-09-08 11:33:52', NULL, NULL),
(7, 2, '1', 0, NULL, '2016-09-08 11:33:52', NULL, NULL),
(32, 6, '1', NULL, NULL, '2016-10-21 06:51:12', NULL, NULL),
(33, 6, '2', NULL, NULL, '2016-10-21 06:51:13', NULL, NULL),
(34, 6, '3', NULL, NULL, '2016-10-21 06:51:13', NULL, NULL),
(35, 6, '4', NULL, NULL, '2016-10-21 06:51:13', NULL, NULL),
(36, 6, '5', NULL, NULL, '2016-10-21 06:51:13', NULL, NULL),
(37, 6, '6', NULL, NULL, '2016-10-21 06:51:13', NULL, NULL),
(38, 6, '7', NULL, NULL, '2016-10-21 06:51:13', NULL, NULL),
(39, 6, '8', NULL, NULL, '2016-10-21 06:51:13', NULL, NULL),
(40, 6, '9', NULL, NULL, '2016-10-21 06:51:13', NULL, NULL),
(41, 6, '10', NULL, NULL, '2016-10-21 06:51:13', NULL, NULL),
(42, 5, '1', 4, NULL, '2016-10-22 14:31:41', NULL, NULL),
(43, 5, '2', 4, NULL, '2016-10-22 14:31:41', NULL, NULL),
(44, 5, '3', 4, NULL, '2016-10-22 14:31:41', NULL, NULL),
(45, 5, '4', 4, NULL, '2016-10-22 14:31:41', NULL, NULL),
(46, 5, '5', 4, NULL, '2016-10-22 14:31:41', NULL, NULL),
(47, 5, '6', 4, NULL, '2016-10-22 14:31:41', NULL, NULL),
(48, 5, '7', 4, NULL, '2016-10-22 14:31:41', NULL, NULL),
(49, 5, '8', 4, NULL, '2016-10-22 14:31:41', NULL, NULL),
(50, 5, '9', 4, NULL, '2016-10-22 14:31:41', NULL, NULL),
(51, 5, '10', 4, NULL, '2016-10-22 14:31:41', NULL, NULL),
(52, 5, '11', 4, NULL, '2016-10-22 14:31:41', NULL, NULL),
(53, 5, '12', 4, NULL, '2016-10-22 14:31:41', NULL, NULL),
(54, 5, '13', 4, NULL, '2016-10-22 14:31:41', NULL, NULL),
(55, 5, '14', 4, NULL, '2016-10-22 14:31:41', NULL, NULL),
(56, 5, '15', 4, NULL, '2016-10-22 14:31:41', NULL, NULL);

-- --------------------------------------------------------

--
-- Table structure for table `tax_main`
--

CREATE TABLE IF NOT EXISTS `tax_main` (
`tax_id` int(11) NOT NULL,
  `tax_name` varchar(50) DEFAULT NULL,
  `tax_type` int(1) NOT NULL DEFAULT '1' COMMENT '1-product_specific,2-branch specific',
  `created` timestamp NOT NULL DEFAULT CURRENT_TIMESTAMP,
  `updated` datetime DEFAULT NULL,
  `deleted` datetime DEFAULT NULL
) ENGINE=InnoDB AUTO_INCREMENT=14 DEFAULT CHARSET=latin1;

--
-- Dumping data for table `tax_main`
--

INSERT INTO `tax_main` (`tax_id`, `tax_name`, `tax_type`, `created`, `updated`, `deleted`) VALUES
(12, 'Service Tax', 2, '2016-10-12 11:36:27', NULL, NULL),
(13, 'SBC + KKC', 2, '2016-10-12 11:37:29', NULL, NULL);

-- --------------------------------------------------------

--
-- Table structure for table `tax_master`
--

CREATE TABLE IF NOT EXISTS `tax_master` (
`tax_master_id` int(11) NOT NULL,
  `branch_id` int(11) NOT NULL,
  `product_category_id` int(11) NOT NULL,
  `order_type` int(1) NOT NULL DEFAULT '1' COMMENT '1-table_order, 2-home_delivery, 3-parcel',
  `tax_id` int(11) DEFAULT '0',
  `branch_tax_id` int(11) DEFAULT '0',
  `tax_percent` double(4,2) NOT NULL,
  `created` timestamp NOT NULL DEFAULT CURRENT_TIMESTAMP,
  `updated` datetime DEFAULT NULL,
  `deleted` datetime DEFAULT NULL
) ENGINE=InnoDB AUTO_INCREMENT=21 DEFAULT CHARSET=latin1;

--
-- Dumping data for table `tax_master`
--

INSERT INTO `tax_master` (`tax_master_id`, `branch_id`, `product_category_id`, `order_type`, `tax_id`, `branch_tax_id`, `tax_percent`, `created`, `updated`, `deleted`) VALUES
(7, 2, 2, 1, 2, 0, 4.00, '2016-09-24 17:55:23', NULL, '2016-09-30 17:54:04'),
(11, 4, 9, 1, 3, 0, 5.00, '2016-09-24 18:01:00', NULL, '2016-09-30 17:55:16'),
(12, 3, 10, 1, 6, 0, 4.00, '2016-09-24 18:01:36', NULL, '2016-09-30 17:54:48'),
(13, 2, 16, 1, 5, 0, 4.00, '2016-09-27 12:07:47', NULL, '2016-09-30 17:55:13'),
(16, 5, 0, 1, 0, 12, 5.60, '2016-10-12 11:38:19', '2016-10-20 20:49:16', NULL),
(17, 5, 0, 1, 0, 13, 0.40, '2016-10-12 11:39:08', '2016-10-20 20:49:30', NULL),
(18, 6, 0, 1, 0, 12, 5.60, '2016-10-26 17:46:46', NULL, NULL),
(19, 6, 0, 1, 0, 13, 0.40, '2016-10-26 17:49:04', NULL, NULL),
(20, 6, 0, 1, 0, 13, 0.40, '2016-10-26 17:50:46', NULL, '2016-10-26 17:51:03');

-- --------------------------------------------------------

--
-- Table structure for table `waiter`
--

CREATE TABLE IF NOT EXISTS `waiter` (
`waiter_id` int(11) NOT NULL,
  `branch_id` int(11) DEFAULT NULL,
  `firstname` varchar(90) DEFAULT NULL,
  `lastname` varchar(90) DEFAULT NULL,
  `contact` varchar(60) DEFAULT NULL,
  `email` varchar(300) DEFAULT NULL,
  `waiter_code` varchar(90) DEFAULT NULL,
  `location_id` int(11) DEFAULT NULL,
  `address` varchar(300) DEFAULT NULL,
  `pincode` varchar(60) DEFAULT NULL,
  `created` timestamp NULL DEFAULT CURRENT_TIMESTAMP,
  `updated` datetime DEFAULT NULL,
  `deleted` datetime DEFAULT NULL
) ENGINE=InnoDB AUTO_INCREMENT=19 DEFAULT CHARSET=latin1;

--
-- Dumping data for table `waiter`
--

INSERT INTO `waiter` (`waiter_id`, `branch_id`, `firstname`, `lastname`, `contact`, `email`, `waiter_code`, `location_id`, `address`, `pincode`, `created`, `updated`, `deleted`) VALUES
(1, 0, 'l', 'jhg', 'jh', 'h', '1A', 0, 'jh', 'j', '2016-09-03 13:08:40', '2016-09-06 12:23:20', '2016-09-13 11:48:44'),
(3, 0, 'mnnnnn', 'rtrtrtr', 'ddddd', 'h', '1B', 0, 'jh', 'j', '2016-09-05 13:36:42', '2016-09-06 08:00:06', '2016-10-03 20:34:38'),
(4, 0, 'oooooo', 'jhg', 'jh', 'h', '1C', 0, 'jh', 'uy', '2016-09-05 13:38:02', '2016-09-06 08:00:45', '2016-10-03 20:34:43'),
(5, 1, 'gg', 'fg', 'fdgdfg', 'dfgdfg', '11A', 0, 'gdf', 'dgf', '2016-09-06 10:25:36', NULL, '2016-10-03 20:34:30'),
(6, 1, 'jh', 'jhj', 'hj', 'hj', '11B', 0, 'hjh', 'jj', '2016-09-06 10:33:10', NULL, '2016-10-03 20:34:35'),
(7, 1, 'waiter1fname11', 'waiter1lname', '453453443', 'waiter1@gmail.com', 'thh', 1670, 'qrewf', '4234', '2016-09-13 09:13:35', '2016-09-13 12:52:54', '2016-10-04 07:38:43'),
(8, 5, 'DAYASHANAKAR ', 'TIVARI', '27499200', 'sankalpgurukul@gmail.com', '4', 3398, 'Gokul Complex,Gurukul Road', '380052', NULL, '2016-10-20 15:39:07', NULL),
(9, 5, 'SHAMBHU SINGH', 'SINGH', '27499200', 'sankalpgurukul@gmail.com', '2', 3398, 'Gokul Complex,Gurukul Road', '380052', NULL, NULL, '2016-10-20 11:34:22'),
(10, 5, 'MAHENDRA SINGH', 'SINGH', '706946355', 'sankalpgurukul@gmail.com', '3', 3398, 'Gokul Complex,Gurukul Road', '380052', NULL, NULL, '2016-10-20 11:34:13'),
(11, 5, 'ANUP SINGH', 'SINGH', '8469801141', 'sankalpgurukul@gmail.com', '4', 3398, 'Gokul Complex,Gurukul Road', '380052', NULL, NULL, '2016-10-20 11:34:05'),
(12, 5, 'NARAYAN SINGH', 'SINGH', '27499200', 'sankalpgurukul@gmail.com', '5', 3398, 'Gokul Complex,Gurukul Road', '380052', NULL, NULL, '2016-10-20 11:34:19'),
(13, 5, 'NARAYAN', 'RABARI', '27499200', 'sankalpgurukul@gmail.com', '6', 3398, 'Gokul Complex,Gurukul Road', '380052', NULL, NULL, '2016-10-20 11:34:16'),
(14, 5, 'ARJUN SINGH', 'CHETRI', '27499200', 'sankalpgurukul@gmail.com', '7', 3398, 'Gokul Complex,Gurukul Road', '380052', NULL, NULL, '2016-10-20 11:34:08'),
(15, 5, 'JITENDRA SINGH', 'SINGH', '27499200', 'sankalpgurukul@gmail.com', '8', 3398, 'Gokul Complex,Gurukul Road', '380052', NULL, NULL, '2016-10-20 11:34:11'),
(16, 5, 'NAGENDAR', 'SINGH', '9898989898', 'info@sankalponline.com', '1', 3398, '00', '000000', '2016-10-20 09:35:37', '2016-10-20 16:06:13', NULL),
(17, 5, 'JOYDEV', 'DAS', '9898989898', 'info@sankalponline.com', '5', 3398, '11', '000000', '2016-10-20 09:36:33', '2016-10-20 16:05:55', NULL),
(18, 6, 'Captain 1', 'Last', '9898989898', 'a@mail.com', '1', 3398, 'At and post Laloda', '380054', '2016-10-26 17:40:02', NULL, NULL);

-- --------------------------------------------------------

--
-- Table structure for table `waiter_commission`
--

CREATE TABLE IF NOT EXISTS `waiter_commission` (
`waiter_commission_id` int(11) NOT NULL,
  `waiter_id` int(11) NOT NULL,
  `product_category_id` int(11) NOT NULL,
  `order_id` int(11) NOT NULL,
  `commission_date` datetime NOT NULL,
  `commission_amount` double(3,2) DEFAULT NULL,
  `product_qty` double(5,2) DEFAULT NULL,
  `created` timestamp NOT NULL DEFAULT CURRENT_TIMESTAMP,
  `updated` datetime NOT NULL,
  `deleted` datetime NOT NULL
) ENGINE=InnoDB AUTO_INCREMENT=2 DEFAULT CHARSET=latin1;

--
-- Dumping data for table `waiter_commission`
--

INSERT INTO `waiter_commission` (`waiter_commission_id`, `waiter_id`, `product_category_id`, `order_id`, `commission_date`, `commission_amount`, `product_qty`, `created`, `updated`, `deleted`) VALUES
(1, 1, 1, 1, '2016-11-12 00:00:00', 9.99, 2.00, '2016-09-09 09:51:36', '2016-09-09 11:51:53', '0000-00-00 00:00:00');

--
-- Indexes for dumped tables
--

--
-- Indexes for table `branch`
--
ALTER TABLE `branch`
 ADD PRIMARY KEY (`branch_id`);

--
-- Indexes for table `branch_order_code`
--
ALTER TABLE `branch_order_code`
 ADD PRIMARY KEY (`branch_order_code_id`);

--
-- Indexes for table `branch_products`
--
ALTER TABLE `branch_products`
 ADD PRIMARY KEY (`branch_products_id`);

--
-- Indexes for table `brand`
--
ALTER TABLE `brand`
 ADD PRIMARY KEY (`brand_id`);

--
-- Indexes for table `customer`
--
ALTER TABLE `customer`
 ADD PRIMARY KEY (`customer_id`);

--
-- Indexes for table `location`
--
ALTER TABLE `location`
 ADD PRIMARY KEY (`location_id`);

--
-- Indexes for table `order_detail`
--
ALTER TABLE `order_detail`
 ADD PRIMARY KEY (`order_id`);

--
-- Indexes for table `order_detail_live`
--
ALTER TABLE `order_detail_live`
 ADD PRIMARY KEY (`order_id_live`);

--
-- Indexes for table `order_discount`
--
ALTER TABLE `order_discount`
 ADD PRIMARY KEY (`order_discount_id`);

--
-- Indexes for table `order_items`
--
ALTER TABLE `order_items`
 ADD PRIMARY KEY (`order_item_id`);

--
-- Indexes for table `order_items_live`
--
ALTER TABLE `order_items_live`
 ADD PRIMARY KEY (`order_item_live_id`);

--
-- Indexes for table `order_tax`
--
ALTER TABLE `order_tax`
 ADD PRIMARY KEY (`order_tax_id`);

--
-- Indexes for table `product`
--
ALTER TABLE `product`
 ADD PRIMARY KEY (`product_id`);

--
-- Indexes for table `product_category`
--
ALTER TABLE `product_category`
 ADD PRIMARY KEY (`product_category_id`);

--
-- Indexes for table `reference_product`
--
ALTER TABLE `reference_product`
 ADD PRIMARY KEY (`reference_product_id`);

--
-- Indexes for table `reserve_table`
--
ALTER TABLE `reserve_table`
 ADD PRIMARY KEY (`reserve_table_id`);

--
-- Indexes for table `table_detail`
--
ALTER TABLE `table_detail`
 ADD PRIMARY KEY (`table_detail_id`);

--
-- Indexes for table `tax_main`
--
ALTER TABLE `tax_main`
 ADD PRIMARY KEY (`tax_id`);

--
-- Indexes for table `tax_master`
--
ALTER TABLE `tax_master`
 ADD PRIMARY KEY (`tax_master_id`);

--
-- Indexes for table `waiter`
--
ALTER TABLE `waiter`
 ADD PRIMARY KEY (`waiter_id`);

--
-- Indexes for table `waiter_commission`
--
ALTER TABLE `waiter_commission`
 ADD PRIMARY KEY (`waiter_commission_id`);

--
-- AUTO_INCREMENT for dumped tables
--

--
-- AUTO_INCREMENT for table `branch`
--
ALTER TABLE `branch`
MODIFY `branch_id` int(11) NOT NULL AUTO_INCREMENT,AUTO_INCREMENT=7;
--
-- AUTO_INCREMENT for table `branch_order_code`
--
ALTER TABLE `branch_order_code`
MODIFY `branch_order_code_id` int(11) NOT NULL AUTO_INCREMENT,AUTO_INCREMENT=4;
--
-- AUTO_INCREMENT for table `branch_products`
--
ALTER TABLE `branch_products`
MODIFY `branch_products_id` int(11) NOT NULL AUTO_INCREMENT,AUTO_INCREMENT=835;
--
-- AUTO_INCREMENT for table `brand`
--
ALTER TABLE `brand`
MODIFY `brand_id` int(11) NOT NULL AUTO_INCREMENT,AUTO_INCREMENT=8;
--
-- AUTO_INCREMENT for table `customer`
--
ALTER TABLE `customer`
MODIFY `customer_id` int(11) NOT NULL AUTO_INCREMENT,AUTO_INCREMENT=7;
--
-- AUTO_INCREMENT for table `location`
--
ALTER TABLE `location`
MODIFY `location_id` int(11) NOT NULL AUTO_INCREMENT,AUTO_INCREMENT=6178;
--
-- AUTO_INCREMENT for table `order_detail`
--
ALTER TABLE `order_detail`
MODIFY `order_id` int(11) NOT NULL AUTO_INCREMENT,AUTO_INCREMENT=130;
--
-- AUTO_INCREMENT for table `order_detail_live`
--
ALTER TABLE `order_detail_live`
MODIFY `order_id_live` int(11) NOT NULL AUTO_INCREMENT,AUTO_INCREMENT=75;
--
-- AUTO_INCREMENT for table `order_discount`
--
ALTER TABLE `order_discount`
MODIFY `order_discount_id` int(11) NOT NULL AUTO_INCREMENT;
--
-- AUTO_INCREMENT for table `order_items`
--
ALTER TABLE `order_items`
MODIFY `order_item_id` int(11) NOT NULL AUTO_INCREMENT,AUTO_INCREMENT=245;
--
-- AUTO_INCREMENT for table `order_items_live`
--
ALTER TABLE `order_items_live`
MODIFY `order_item_live_id` int(11) NOT NULL AUTO_INCREMENT;
--
-- AUTO_INCREMENT for table `order_tax`
--
ALTER TABLE `order_tax`
MODIFY `order_tax_id` int(11) NOT NULL AUTO_INCREMENT,AUTO_INCREMENT=293;
--
-- AUTO_INCREMENT for table `product`
--
ALTER TABLE `product`
MODIFY `product_id` int(11) NOT NULL AUTO_INCREMENT,AUTO_INCREMENT=323;
--
-- AUTO_INCREMENT for table `product_category`
--
ALTER TABLE `product_category`
MODIFY `product_category_id` int(11) NOT NULL AUTO_INCREMENT,AUTO_INCREMENT=36;
--
-- AUTO_INCREMENT for table `reference_product`
--
ALTER TABLE `reference_product`
MODIFY `reference_product_id` int(11) NOT NULL AUTO_INCREMENT;
--
-- AUTO_INCREMENT for table `reserve_table`
--
ALTER TABLE `reserve_table`
MODIFY `reserve_table_id` int(11) NOT NULL AUTO_INCREMENT;
--
-- AUTO_INCREMENT for table `table_detail`
--
ALTER TABLE `table_detail`
MODIFY `table_detail_id` int(11) NOT NULL AUTO_INCREMENT,AUTO_INCREMENT=57;
--
-- AUTO_INCREMENT for table `tax_main`
--
ALTER TABLE `tax_main`
MODIFY `tax_id` int(11) NOT NULL AUTO_INCREMENT,AUTO_INCREMENT=14;
--
-- AUTO_INCREMENT for table `tax_master`
--
ALTER TABLE `tax_master`
MODIFY `tax_master_id` int(11) NOT NULL AUTO_INCREMENT,AUTO_INCREMENT=21;
--
-- AUTO_INCREMENT for table `waiter`
--
ALTER TABLE `waiter`
MODIFY `waiter_id` int(11) NOT NULL AUTO_INCREMENT,AUTO_INCREMENT=19;
--
-- AUTO_INCREMENT for table `waiter_commission`
--
ALTER TABLE `waiter_commission`
MODIFY `waiter_commission_id` int(11) NOT NULL AUTO_INCREMENT,AUTO_INCREMENT=2;
/*!40101 SET CHARACTER_SET_CLIENT=@OLD_CHARACTER_SET_CLIENT */;
/*!40101 SET CHARACTER_SET_RESULTS=@OLD_CHARACTER_SET_RESULTS */;
/*!40101 SET COLLATION_CONNECTION=@OLD_COLLATION_CONNECTION */;
